arm	record_id	source_frame_id	gold_label	pred_source	correct_source	pred_grey	correct_grey	pred_mismatch	correct_mismatch	pred_mask	correct_mask	pred_noise	correct_noise	pred_mirror	correct_mirror
plain	2612	2364	1	0	0	2	0	3	0	2	0	3	0	0	0
plain	1303	1179	2	2	1	3	0	2	1	2	1	2	1	2	1
plain	1949	1758	3	3	1	0	0	1	0	2	0	0	0	2	0
plain	1298	1174	3	3	1	2	0	3	1	3	1	3	1	3	1
plain	1336	1208	2	2	1	2	1	2	1	2	1	2	1	2	1
plain	272	251	3	3	1	3	1	3	1	3	1	3	1	3	1
plain	683	622	0	2	0	1	0	2	0	0	1	2	0	2	0
plain	127	121	3	3	1	3	1	3	1	3	1	3	1	3	1
plain	1543	1399	2	2	1	1	0	3	0	2	1	2	1	2	1
plain	1036	942	0	0	1	2	0	2	0	0	1	0	1	0	1
plain	1037	942	0	0	1	0	1	0	1	0	1	3	0	0	1
plain	288	267	1	1	1	0	0	1	1	2	0	2	0	1	1
plain	1748	1579	1	1	1	1	1	1	1	1	1	1	1	1	1
plain	265	245	0	0	1	2	0	0	1	2	0	2	0	0	1
plain	1553	1408	1	1	1	1	1	1	1	1	1	1	1	1	1
plain	2521	2279	2	2	1	2	1	0	0	2	1	2	1	2	1
plain	2327	2099	0	0	1	1	0	2	0	0	1	0	1	0	1
plain	2547	2304	1	2	0	0	0	0	0	2	0	0	0	2	0
plain	1537	1394	3	3	1	3	1	3	1	3	1	3	1	0	0
plain	1536	1394	2	2	1	2	1	0	0	2	1	2	1	2	1
plain	1400	1267	3	3	1	3	1	1	0	3	1	3	1	3	1
plain	1399	1267	0	1	0	1	0	1	0	1	0	1	0	1	0
plain	1330	1202	1	3	0	2	0	2	0	3	0	3	0	1	1
plain	2271	2047	2	2	1	2	1	2	1	2	1	2	1	2	1
plain	1086	986	1	2	0	1	1	2	0	1	1	2	0	2	0
plain	1417	1284	2	2	1	2	1	2	1	2	1	2	1	2	1
plain	1371	1240	0	0	1	0	1	0	1	0	1	0	1	0	1
plain	843	770	0	0	1	0	1	0	1	0	1	0	1	0	1
plain	2080	1871	0	0	1	2	0	3	0	2	0	3	0	0	1
plain	1819	1643	0	2	0	3	0	3	0	3	0	3	0	2	0
plain	2039	1837	0	0	1	2	0	2	0	2	0	0	1	0	1
plain	689	627	1	1	1	0	0	1	1	3	0	1	1	1	1
plain	688	627	0	0	1	0	1	0	1	0	1	0	1	0	1
plain	2541	2298	1	1	1	2	0	3	0	1	1	2	0	1	1
plain	2126	1914	1	1	1	3	0	1	1	1	1	1	1	1	1
plain	404	372	0	0	1	3	0	3	0	2	0	0	1	0	1
plain	2204	1986	1	1	1	2	0	2	0	1	1	2	0	1	1
plain	2236	2016	2	2	1	0	0	1	0	2	1	2	1	2	1
plain	1042	946	3	3	1	2	0	3	1	3	1	2	0	3	1
plain	1043	946	3	3	1	3	1	3	1	3	1	2	0	3	1
plain	364	335	3	1	0	1	0	1	0	1	0	1	0	1	0
plain	669	609	0	0	1	0	1	2	0	0	1	3	0	0	1
plain	1328	1200	1	1	1	1	1	3	0	1	1	1	1	1	1
plain	2037	1835	1	1	1	1	1	1	1	1	1	1	1	1	1
plain	618	559	1	1	1	0	0	3	0	1	1	1	1	1	1
plain	1184	1076	3	3	1	3	1	3	1	3	1	3	1	3	1
plain	1302	1178	0	0	1	2	0	2	0	2	0	2	0	0	1
plain	2038	1836	0	0	1	2	0	1	0	0	1	2	0	0	1
plain	347	319	2	2	1	2	1	2	1	2	1	2	1	2	1
plain	1666	1508	3	2	0	3	1	2	0	2	0	2	0	2	0
plain	1839	1661	3	3	1	3	1	3	1	3	1	3	1	3	1
plain	2471	2231	0	1	0	1	0	3	0	2	0	2	0	3	0
plain	1024	931	3	3	1	2	0	1	0	2	0	2	0	3	1
plain	198	180	3	3	1	3	1	2	0	3	1	3	1	3	1
plain	222	204	2	2	1	2	1	2	1	2	1	2	1	2	1
plain	1319	1192	3	3	1	3	1	3	1	3	1	3	1	3	1
plain	2247	2027	3	2	0	2	0	3	1	2	0	3	1	2	0
plain	23	24	3	1	0	1	0	0	0	1	0	1	0	1	0
plain	2104	1893	2	2	1	1	0	1	0	2	1	3	0	2	1
plain	2272	2048	3	3	1	3	1	2	0	3	1	3	1	3	1
plain	2240	2020	0	0	1	2	0	2	0	0	1	0	1	0	1
plain	913	836	2	2	1	2	1	2	1	2	1	2	1	2	1
plain	2639	2388	1	1	1	1	1	1	1	1	1	1	1	1	1
plain	2638	2388	2	2	1	3	0	3	0	2	1	2	1	2	1
plain	2634	2384	3	3	1	0	0	2	0	0	0	3	1	3	1
plain	481	436	0	1	0	1	0	0	1	1	0	1	0	1	0
plain	2329	2101	1	1	1	2	0	2	0	1	1	1	1	1	1
plain	2513	2271	2	2	1	1	0	0	0	0	0	1	0	2	1
plain	446	410	0	0	1	2	0	2	0	1	0	1	0	0	1
plain	2284	2060	1	0	0	3	0	3	0	3	0	0	0	0	0
plain	2596	2348	0	0	1	1	0	0	1	0	1	0	1	0	1
plain	2635	2385	3	0	0	0	0	0	0	0	0	1	0	0	0
plain	2480	2240	0	0	1	3	0	3	0	0	1	0	1	0	1
plain	15	16	1	1	1	2	0	2	0	1	1	1	1	1	1
plain	2510	2269	1	0	0	2	0	1	1	0	0	1	1	1	1
plain	1423	1290	1	1	1	0	0	1	1	1	1	0	0	1	1
plain	394	363	3	3	1	3	1	3	1	3	1	3	1	3	1
plain	2152	1936	3	1	0	2	0	0	0	1	0	1	0	3	1
plain	2150	1936	1	1	1	0	0	2	0	2	0	1	1	1	1
plain	2015	1816	0	0	1	0	1	0	1	0	1	0	1	0	1
plain	1742	1573	2	2	1	2	1	2	1	2	1	2	1	2	1
plain	460	420	2	2	1	0	0	0	0	0	0	0	0	2	1
plain	697	634	2	0	0	1	0	0	0	2	1	0	0	0	0
plain	2066	1859	0	0	1	0	1	0	1	0	1	0	1	0	1
plain	2067	1859	1	1	1	1	1	1	1	1	1	1	1	1	1
plain	656	597	1	1	1	2	0	1	1	2	0	2	0	1	1
plain	605	548	0	2	0	2	0	2	0	2	0	2	0	2	0
plain	230	212	2	2	1	1	0	1	0	2	1	2	1	2	1
plain	1124	1019	1	1	1	0	0	1	1	1	1	1	1	1	1
plain	2553	2308	3	3	1	3	1	1	0	3	1	3	1	3	1
plain	640	581	1	1	1	0	0	0	0	0	0	0	0	0	0
plain	670	610	2	2	1	2	1	2	1	3	0	2	1	2	1
plain	384	354	0	0	1	0	1	0	1	0	1	0	1	0	1
plain	2020	1821	2	2	1	0	0	3	0	2	1	2	1	2	1
plain	2364	2130	3	1	0	1	0	3	1	1	0	1	0	1	0
plain	77	76	0	0	1	3	0	0	1	3	0	3	0	0	1
plain	942	863	3	3	1	3	1	1	0	3	1	3	1	3	1
plain	1272	1150	2	2	1	2	1	1	0	2	1	2	1	2	1
plain	2276	2052	1	3	0	3	0	1	1	3	0	3	0	3	0
plain	1884	1701	3	1	0	3	1	1	0	0	0	0	0	1	0
plain	1246	1127	1	1	1	3	0	3	0	1	1	1	1	1	1
plain	1713	1549	1	1	1	1	1	1	1	1	1	1	1	1	1
plain	174	158	3	1	0	0	0	1	0	0	0	0	0	1	0
plain	1001	912	0	0	1	2	0	0	1	0	1	2	0	0	1
plain	2603	2355	3	3	1	3	1	3	1	3	1	3	1	3	1
plain	967	882	1	1	1	2	0	3	0	1	1	1	1	1	1
plain	968	882	1	1	1	1	1	2	0	1	1	1	1	1	1
plain	969	882	1	1	1	1	1	2	0	1	1	1	1	1	1
plain	2493	2253	1	1	1	2	0	1	1	1	1	1	1	1	1
plain	1735	1568	1	1	1	1	1	1	1	1	1	1	1	1	1
plain	668	608	2	2	1	1	0	2	1	3	0	1	0	2	1
plain	846	773	2	2	1	2	1	2	1	2	1	2	1	2	1
plain	1778	1606	1	1	1	1	1	3	0	0	0	1	1	1	1
plain	2259	2036	0	0	1	0	1	0	1	0	1	0	1	0	1
plain	126	120	1	2	0	1	1	1	1	2	0	0	0	2	0
plain	1367	1236	0	0	1	0	1	2	0	0	1	0	1	0	1
plain	1386	1254	1	1	1	1	1	0	0	1	1	1	1	1	1
plain	2496	2256	3	3	1	2	0	2	0	2	0	2	0	3	1
plain	944	865	3	1	0	1	0	3	1	0	0	0	0	1	0
plain	1119	1015	0	0	1	0	1	3	0	3	0	2	0	0	1
plain	998	909	0	1	0	3	0	0	1	0	1	0	1	1	0
plain	1827	1651	1	1	1	1	1	1	1	1	1	1	1	1	1
plain	2154	1937	0	0	1	2	0	3	0	0	1	2	0	0	1
plain	2153	1937	3	3	1	2	0	0	0	0	0	0	0	3	1
plain	1737	1570	0	0	1	3	0	1	0	2	0	1	0	0	1
plain	1269	1147	2	2	1	0	0	2	1	2	1	2	1	2	1
plain	2312	2086	3	3	1	1	0	1	0	1	0	3	1	3	1
plain	1472	1336	3	0	0	0	0	0	0	3	1	3	1	0	0
plain	1325	1197	3	3	1	3	1	3	1	3	1	3	1	3	1
plain	1310	1184	1	3	0	3	0	1	1	3	0	1	1	3	0
plain	2029	1828	2	2	1	0	0	3	0	1	0	1	0	0	0
plain	726	660	1	1	1	1	1	1	1	1	1	1	1	1	1
plain	1460	1325	0	0	1	0	1	1	0	0	1	0	1	0	1
plain	239	221	0	0	1	0	1	0	1	0	1	0	1	0	1
plain	233	215	1	1	1	1	1	1	1	1	1	1	1	1	1
plain	1496	1357	3	3	1	3	1	3	1	3	1	3	1	3	1
plain	518	468	3	0	0	1	0	1	0	1	0	1	0	0	0
plain	2337	2107	1	1	1	2	0	1	1	0	0	1	1	1	1
plain	2336	2107	1	1	1	1	1	1	1	1	1	1	1	1	1
plain	214	196	1	1	1	1	1	1	1	1	1	1	1	1	1
plain	2260	2037	2	2	1	3	0	2	1	2	1	2	1	2	1
plain	2566	2320	0	0	1	2	0	2	0	0	1	2	0	0	1
plain	1882	1699	3	3	1	1	0	2	0	3	1	3	1	3	1
plain	687	626	1	1	1	1	1	1	1	1	1	1	1	1	1
plain	1426	1292	3	3	1	3	1	1	0	3	1	3	1	3	1
plain	287	266	3	3	1	3	1	3	1	3	1	3	1	3	1
plain	1070	971	2	2	1	3	0	3	0	2	1	3	0	2	1
plain	2216	1998	0	0	1	3	0	3	0	2	0	3	0	0	1
plain	2109	1898	2	2	1	1	0	1	0	1	0	1	0	2	1
plain	315	293	3	3	1	3	1	1	0	1	0	1	0	3	1
plain	1608	1456	1	1	1	2	0	3	0	2	0	2	0	2	0
plain	108	103	1	1	1	2	0	1	1	1	1	1	1	1	1
plain	1260	1139	1	1	1	1	1	1	1	1	1	1	1	1	1
plain	324	301	1	1	1	3	0	0	0	0	0	3	0	1	1
plain	443	407	2	2	1	3	0	3	0	3	0	3	0	2	1
plain	577	521	0	0	1	2	0	2	0	2	0	0	1	0	1
plain	549	497	1	3	0	0	0	1	1	3	0	3	0	3	0
plain	2006	1809	3	3	1	0	0	3	1	3	1	3	1	3	1
plain	714	651	2	2	1	2	1	2	1	2	1	2	1	2	1
plain	632	573	3	0	0	0	0	0	0	0	0	0	0	2	0
plain	2048	1844	3	3	1	2	0	2	0	3	1	3	1	3	1
plain	220	202	1	1	1	1	1	1	1	1	1	1	1	1	1
plain	1183	1075	3	3	1	3	1	0	0	3	1	3	1	3	1
plain	22	23	1	2	0	3	0	2	0	2	0	2	0	2	0
plain	1004	915	2	2	1	2	1	2	1	2	1	2	1	2	1
plain	908	831	3	2	0	1	0	1	0	1	0	1	0	1	0
plain	1338	1209	0	0	1	2	0	2	0	0	1	0	1	0	1
plain	1767	1596	3	3	1	3	1	3	1	3	1	3	1	3	1
plain	1337	1209	2	1	0	1	0	1	0	1	0	1	0	1	0
plain	607	550	3	0	0	0	0	0	0	0	0	0	0	0	0
plain	1486	1348	2	2	1	2	1	1	0	2	1	2	1	2	1
plain	2314	2088	0	0	1	0	1	0	1	0	1	0	1	0	1
plain	1300	1176	1	1	1	3	0	1	1	1	1	1	1	1	1
plain	2476	2236	0	0	1	0	1	0	1	0	1	0	1	0	1
plain	1444	1309	2	2	1	2	1	2	1	0	0	0	0	2	1
plain	2213	1995	2	2	1	2	1	2	1	2	1	2	1	2	1
plain	116	111	3	3	1	2	0	3	1	3	1	2	0	3	1
plain	2068	1860	0	0	1	0	1	1	0	1	0	0	1	0	1
plain	1897	1712	0	2	0	1	0	2	0	0	1	0	1	2	0
plain	2307	2081	3	3	1	3	1	3	1	3	1	3	1	3	1
plain	176	160	1	1	1	1	1	1	1	1	1	1	1	1	1
plain	2378	2144	1	1	1	3	0	1	1	1	1	1	1	1	1
plain	1304	1180	0	0	1	0	1	0	1	0	1	0	1	0	1
plain	2207	1989	2	2	1	2	1	2	1	2	1	2	1	2	1
plain	2285	2061	1	1	1	1	1	2	0	1	1	1	1	1	1
plain	2286	2061	2	2	1	0	0	2	1	2	1	0	0	2	1
plain	38	38	2	2	1	0	0	3	0	2	1	2	1	2	1
plain	2147	1933	2	2	1	0	0	2	1	0	0	0	0	2	1
plain	2468	2228	2	0	0	0	0	0	0	3	0	0	0	0	0
plain	218	200	0	0	1	0	1	1	0	0	1	0	1	0	1
plain	956	873	2	2	1	2	1	2	1	2	1	2	1	2	1
plain	957	873	3	0	0	0	0	3	1	0	0	0	0	3	1
plain	2600	2352	0	0	1	0	1	2	0	0	1	0	1	0	1
plain	217	199	1	1	1	0	0	0	0	1	1	3	0	1	1
plain	2177	1960	2	1	0	2	1	0	0	1	0	1	0	1	0
plain	1015	923	3	3	1	3	1	3	1	3	1	3	1	3	1
plain	427	392	0	2	0	3	0	0	1	0	1	0	1	2	0
plain	1248	1129	3	3	1	3	1	3	1	2	0	3	1	3	1
plain	2174	1957	1	3	0	3	0	3	0	3	0	3	0	1	1
plain	2581	2333	3	2	0	0	0	0	0	0	0	0	0	2	0
plain	1253	1134	1	1	1	1	1	3	0	1	1	1	1	1	1
plain	2435	2197	3	3	1	3	1	3	1	3	1	3	1	3	1
plain	2436	2197	3	3	1	3	1	2	0	0	0	0	0	3	1
plain	1384	1252	0	0	1	0	1	2	0	0	1	3	0	0	1
plain	2107	1896	0	0	1	0	1	0	1	0	1	0	1	0	1
plain	2366	2132	3	3	1	3	1	2	0	3	1	3	1	3	1
plain	1354	1224	0	0	1	1	0	0	1	0	1	0	1	0	1
plain	213	195	1	1	1	1	1	2	0	1	1	0	0	1	1
plain	543	491	3	3	1	3	1	2	0	3	1	3	1	3	1
plain	795	727	1	1	1	1	1	1	1	1	1	1	1	1	1
plain	685	624	0	0	1	0	1	3	0	0	1	0	1	0	1
plain	1631	1476	2	2	1	2	1	2	1	2	1	2	1	2	1
plain	971	884	3	3	1	3	1	3	1	2	0	3	1	3	1
plain	148	137	0	0	1	3	0	3	0	0	1	0	1	0	1
plain	647	588	1	1	1	1	1	0	0	1	1	1	1	1	1
plain	1685	1524	3	3	1	3	1	3	1	3	1	3	1	3	1
plain	120	114	1	1	1	3	0	1	1	1	1	1	1	1	1
plain	2096	1885	2	2	1	2	1	2	1	2	1	2	1	2	1
plain	309	287	0	0	1	0	1	3	0	3	0	0	1	0	1
plain	603	546	2	2	1	2	1	2	1	2	1	2	1	2	1
plain	2438	2199	3	1	0	2	0	3	1	1	0	1	0	1	0
plain	2441	2202	2	2	1	2	1	1	0	2	1	2	1	2	1
plain	497	448	1	1	1	1	1	1	1	1	1	1	1	1	1
plain	2455	2215	2	2	1	2	1	2	1	3	0	3	0	2	1
plain	1128	1023	3	3	1	3	1	1	0	1	0	3	1	3	1
plain	2280	2056	3	0	0	0	0	1	0	0	0	0	0	0	0
plain	1664	1506	2	2	1	2	1	2	1	2	1	0	0	2	1
plain	1794	1619	0	2	0	1	0	1	0	0	1	0	1	2	0
plain	297	276	1	0	0	0	0	2	0	0	0	2	0	0	0
plain	2573	2326	1	1	1	0	0	3	0	0	0	1	1	1	1
plain	1470	1334	3	3	1	3	1	3	1	3	1	3	1	3	1
plain	906	829	2	2	1	0	0	1	0	2	1	2	1	2	1
plain	611	554	0	0	1	0	1	0	1	0	1	0	1	0	1
plain	2156	1939	3	3	1	1	0	1	0	3	1	1	0	3	1
plain	1873	1690	3	3	1	3	1	1	0	3	1	3	1	3	1
plain	1052	954	3	3	1	0	0	1	0	1	0	1	0	3	1
plain	754	687	2	2	1	2	1	2	1	2	1	2	1	2	1
plain	66	65	3	0	0	3	1	3	1	3	1	0	0	0	0
plain	1110	1007	0	0	1	0	1	3	0	0	1	0	1	0	1
plain	1369	1238	2	3	0	0	0	2	1	2	1	3	0	2	1
plain	71	70	1	1	1	1	1	1	1	0	0	1	1	1	1
plain	103	98	2	2	1	0	0	0	0	0	0	0	0	0	0
plain	268	247	0	3	0	3	0	2	0	3	0	3	0	3	0
plain	267	247	2	2	1	0	0	2	1	0	0	0	0	2	1
plain	952	871	0	0	1	1	0	3	0	0	1	0	1	0	1
plain	1935	1745	0	0	1	0	1	0	1	0	1	0	1	0	1
plain	1372	1241	3	3	1	3	1	0	0	3	1	3	1	3	1
plain	1655	1497	1	1	1	1	1	1	1	1	1	1	1	1	1
plain	1375	1244	3	0	0	2	0	3	1	2	0	0	0	0	0
plain	624	565	2	2	1	2	1	2	1	2	1	0	0	0	0
plain	887	812	0	0	1	2	0	2	0	0	1	0	1	0	1
plain	1018	926	2	3	0	3	0	0	0	3	0	2	1	3	0
plain	432	397	3	3	1	0	0	1	0	3	1	3	1	3	1
plain	1765	1594	2	3	0	3	0	0	0	2	1	2	1	3	0
plain	1650	1492	3	3	1	3	1	0	0	3	1	3	1	3	1
plain	2380	2146	1	1	1	2	0	0	0	2	0	1	1	1	1
plain	1898	1713	1	1	1	1	1	2	0	1	1	1	1	1	1
plain	2102	1891	1	1	1	2	0	2	0	1	1	2	0	1	1
plain	480	435	2	3	0	3	0	3	0	3	0	3	0	3	0
plain	2190	1972	3	1	0	3	1	3	1	3	1	3	1	1	0
plain	467	425	2	2	1	2	1	2	1	2	1	2	1	2	1
plain	468	425	3	3	1	0	0	3	1	3	1	3	1	3	1
plain	782	714	2	2	1	2	1	2	1	2	1	2	1	2	1
plain	275	254	2	2	1	0	0	2	1	2	1	2	1	2	1
plain	72	71	0	0	1	3	0	3	0	0	1	0	1	0	1
plain	2511	2270	2	2	1	2	1	3	0	2	1	2	1	2	1
plain	319	297	1	0	0	0	0	0	0	1	1	0	0	1	1
plain	2575	2328	1	1	1	1	1	1	1	1	1	1	1	1	1
plain	1999	1803	0	0	1	2	0	3	0	3	0	3	0	0	1
plain	2362	2128	0	0	1	1	0	0	1	0	1	0	1	0	1
plain	2414	2177	0	0	1	0	1	3	0	0	1	0	1	0	1
plain	2413	2177	3	3	1	0	0	3	1	3	1	3	1	3	1
plain	1382	1250	1	1	1	1	1	0	0	1	1	1	1	1	1
plain	731	665	0	0	1	1	0	0	1	0	1	0	1	0	1
plain	925	846	3	3	1	3	1	3	1	3	1	3	1	3	1
plain	732	666	1	3	0	3	0	3	0	3	0	0	0	3	0
plain	1788	1614	2	2	1	0	0	2	1	2	1	0	0	2	1
plain	700	637	2	2	1	0	0	2	1	2	1	2	1	2	1
plain	2442	2203	3	3	1	3	1	3	1	3	1	3	1	2	0
plain	1501	1361	2	2	1	2	1	2	1	2	1	2	1	2	1
plain	1151	1045	3	3	1	3	1	3	1	3	1	3	1	3	1
plain	1276	1154	3	3	1	1	0	3	1	3	1	3	1	3	1
plain	1846	1667	3	3	1	0	0	3	1	3	1	3	1	3	1
plain	1443	1308	1	2	0	2	0	2	0	2	0	2	0	2	0
plain	1048	951	3	1	0	0	0	2	0	0	0	1	0	1	0
plain	2462	2222	3	3	1	2	0	2	0	2	0	2	0	3	1
plain	2146	1932	1	1	1	1	1	1	1	1	1	1	1	1	1
plain	193	175	0	0	1	1	0	0	1	0	1	0	1	0	1
plain	1105	1002	3	3	1	0	0	3	1	3	1	3	1	3	1
plain	1763	1592	1	1	1	1	1	1	1	1	1	1	1	1	1
plain	1762	1592	2	2	1	2	1	2	1	2	1	0	0	2	1
plain	2193	1975	1	1	1	0	0	0	0	1	1	1	1	1	1
plain	1782	1609	1	1	1	1	1	1	1	1	1	1	1	1	1
plain	589	532	0	0	1	3	0	0	1	3	0	0	1	0	1
plain	1982	1788	3	3	1	3	1	3	1	3	1	3	1	3	1
plain	138	129	2	2	1	3	0	2	1	3	0	3	0	2	1
plain	2125	1913	3	3	1	1	0	0	0	3	1	3	1	3	1
plain	1351	1221	2	2	1	3	0	2	1	3	0	3	0	2	1
plain	2637	2387	1	1	1	1	1	2	0	1	1	1	1	1	1
plain	1440	1305	1	3	0	1	1	1	1	2	0	1	1	3	0
plain	1950	1759	3	3	1	3	1	3	1	2	0	3	1	3	1
plain	2527	2284	3	3	1	3	1	2	0	3	1	3	1	3	1
plain	987	899	0	2	0	2	0	2	0	0	1	0	1	2	0
plain	1278	1156	3	3	1	0	0	1	0	1	0	3	1	0	0
plain	900	823	1	3	0	3	0	2	0	0	0	0	0	2	0
plain	620	561	3	3	1	0	0	0	0	3	1	0	0	3	1
plain	2192	1974	2	2	1	2	1	1	0	2	1	2	1	2	1
plain	279	258	0	0	1	0	1	2	0	0	1	0	1	0	1
plain	1549	1405	3	3	1	0	0	2	0	0	0	0	0	3	1
plain	1694	1531	0	0	1	0	1	0	1	2	0	2	0	0	1
plain	1693	1531	1	2	0	2	0	2	0	2	0	2	0	2	0
plain	1288	1164	1	3	0	3	0	3	0	3	0	3	0	3	0
plain	1961	1769	1	1	1	1	1	1	1	1	1	3	0	1	1
plain	1432	1298	1	0	0	0	0	0	0	2	0	0	0	0	0
plain	1836	1658	1	0	0	0	0	0	0	0	0	0	0	0	0
plain	936	857	2	2	1	2	1	1	0	2	1	2	1	2	1
plain	651	592	0	0	1	0	1	2	0	0	1	1	0	0	1
plain	284	263	2	2	1	2	1	2	1	2	1	2	1	2	1
plain	1217	1104	0	0	1	0	1	0	1	0	1	0	1	0	1
plain	70	69	3	3	1	2	0	2	0	2	0	3	1	3	1
plain	1856	1676	2	2	1	2	1	2	1	2	1	2	1	2	1
plain	1981	1787	1	1	1	0	0	2	0	1	1	1	1	1	1
plain	1518	1376	2	2	1	1	0	0	0	1	0	1	0	2	1
plain	2526	2283	1	1	1	1	1	1	1	1	1	1	1	1	1
plain	2627	2378	0	0	1	0	1	0	1	0	1	0	1	0	1
plain	45	45	0	0	1	3	0	2	0	0	1	0	1	0	1
plain	1567	1418	2	2	1	0	0	0	0	1	0	0	0	2	1
plain	1379	1247	1	1	1	3	0	3	0	2	0	2	0	1	1
plain	2433	2195	0	0	1	0	1	0	1	0	1	0	1	0	1
plain	1569	1420	3	3	1	2	0	2	0	3	1	3	1	3	1
plain	2618	2370	1	0	0	1	1	0	0	1	1	1	1	0	0
plain	2206	1988	0	3	0	3	0	3	0	3	0	3	0	3	0
plain	2348	2117	2	2	1	2	1	2	1	2	1	2	1	2	1
plain	410	377	0	2	0	0	1	0	1	2	0	0	1	2	0
plain	1731	1565	2	2	1	2	1	2	1	2	1	2	1	2	1
plain	1732	1565	1	1	1	1	1	1	1	1	1	1	1	1	1
plain	2405	2169	1	2	0	2	0	2	0	2	0	2	0	2	0
plain	226	208	2	3	0	3	0	3	0	3	0	3	0	3	0
plain	1749	1580	3	3	1	2	0	1	0	1	0	1	0	3	1
plain	1730	1564	1	1	1	1	1	2	0	1	1	1	1	1	1
plain	814	745	0	0	1	3	0	3	0	3	0	3	0	0	1
plain	19	20	1	1	1	1	1	0	0	1	1	1	1	1	1
plain	2011	1812	1	1	1	3	0	1	1	1	1	1	1	3	0
plain	2419	2181	1	1	1	1	1	1	1	1	1	1	1	1	1
plain	311	289	2	2	1	1	0	2	1	1	0	1	0	2	1
plain	964	879	3	0	0	1	0	0	0	0	0	0	0	0	0
plain	1035	941	0	2	0	3	0	0	1	3	0	3	0	3	0
plain	2344	2113	1	1	1	1	1	2	0	1	1	1	1	1	1
plain	1349	1219	1	1	1	3	0	3	0	1	1	1	1	1	1
plain	891	816	1	1	1	1	1	3	0	1	1	1	1	1	1
plain	187	169	0	0	1	2	0	0	1	2	0	2	0	0	1
plain	87	84	1	1	1	3	0	3	0	3	0	3	0	1	1
plain	2408	2172	3	3	1	1	0	1	0	1	0	1	0	3	1
plain	1442	1307	2	2	1	3	0	2	1	2	1	2	1	2	1
plain	1860	1680	2	2	1	0	0	0	0	0	0	0	0	2	1
plain	631	572	0	0	1	1	0	1	0	0	1	0	1	0	1
plain	67	66	2	1	0	1	0	1	0	1	0	1	0	1	0
plain	2615	2367	3	1	0	3	1	3	1	1	0	3	1	1	0
plain	2225	2005	0	0	1	0	1	1	0	0	1	0	1	0	1
plain	2025	1824	0	0	1	0	1	0	1	0	1	0	1	0	1
plain	787	719	0	0	1	0	1	0	1	0	1	0	1	0	1
plain	2058	1852	1	1	1	1	1	1	1	1	1	1	1	1	1
plain	381	351	3	3	1	0	0	1	0	2	0	2	0	3	1
plain	2133	1921	2	3	0	3	0	0	0	3	0	3	0	3	0
plain	61	60	2	2	1	2	1	2	1	2	1	2	1	2	1
plain	1533	1391	3	0	0	1	0	0	0	2	0	2	0	0	0
plain	639	580	3	3	1	0	0	0	0	3	1	3	1	3	1
plain	1391	1259	2	1	0	1	0	2	1	1	0	1	0	1	0
plain	1454	1319	3	3	1	3	1	3	1	3	1	3	1	3	1
plain	425	390	0	0	1	0	1	0	1	0	1	0	1	0	1
plain	424	390	2	3	0	0	0	1	0	0	0	1	0	3	0
plain	1277	1155	2	0	0	0	0	0	0	0	0	0	0	0	0
plain	246	226	0	0	1	2	0	1	0	0	1	2	0	0	1
plain	2305	2079	1	1	1	1	1	1	1	1	1	1	1	1	1
plain	2309	2083	1	1	1	3	0	3	0	3	0	3	0	1	1
plain	134	126	0	0	1	2	0	3	0	0	1	0	1	0	1
plain	133	126	2	2	1	2	1	0	0	2	1	2	1	2	1
plain	135	126	1	1	1	1	1	2	0	1	1	1	1	1	1
plain	562	508	1	1	1	3	0	2	0	2	0	3	0	1	1
plain	2467	2227	1	1	1	1	1	1	1	1	1	1	1	1	1
plain	1647	1490	2	2	1	1	0	3	0	2	1	3	0	2	1
plain	883	808	0	0	1	3	0	2	0	3	0	3	0	0	1
plain	515	465	0	0	1	0	1	0	1	0	1	0	1	0	1
plain	2403	2167	1	1	1	1	1	2	0	1	1	1	1	1	1
plain	2402	2167	2	2	1	1	0	3	0	2	1	2	1	2	1
plain	2056	1851	2	3	0	3	0	3	0	3	0	3	0	2	1
plain	2057	1851	0	0	1	3	0	0	1	0	1	0	1	0	1
plain	789	721	3	3	1	2	0	3	1	3	1	1	0	3	1
plain	348	320	0	0	1	0	1	3	0	0	1	0	1	0	1
plain	1892	1707	3	3	1	3	1	3	1	3	1	3	1	3	1
plain	1033	939	3	3	1	3	1	3	1	3	1	3	1	3	1
plain	721	656	1	1	1	3	0	0	0	3	0	0	0	1	1
plain	486	440	3	3	1	3	1	0	0	3	1	3	1	3	1
plain	485	440	0	2	0	2	0	2	0	2	0	2	0	2	0
plain	2323	2096	2	2	1	2	1	2	1	2	1	2	1	2	1
plain	680	619	2	2	1	2	1	2	1	2	1	2	1	2	1
plain	1092	990	2	2	1	2	1	2	1	2	1	2	1	2	1
plain	1469	1333	2	2	1	3	0	2	1	1	0	1	0	2	1
plain	545	493	0	0	1	2	0	0	1	0	1	2	0	0	1
plain	1531	1389	2	0	0	0	0	0	0	0	0	0	0	0	0
plain	822	752	2	2	1	2	1	2	1	2	1	2	1	2	1
plain	1520	1378	0	0	1	0	1	0	1	0	1	0	1	0	1
plain	89	86	0	3	0	0	1	1	0	0	1	0	1	3	0
plain	323	300	1	1	1	1	1	1	1	1	1	1	1	1	1
plain	290	269	0	0	1	0	1	0	1	3	0	2	0	0	1
plain	681	620	2	2	1	1	0	1	0	2	1	2	1	2	1
plain	1796	1621	2	2	1	1	0	1	0	3	0	3	0	3	0
plain	1283	1160	3	3	1	3	1	3	1	3	1	0	0	3	1
plain	484	439	1	1	1	1	1	1	1	1	1	1	1	1	1
plain	90	87	0	0	1	0	1	0	1	0	1	0	1	0	1
plain	2230	2010	2	2	1	1	0	3	0	3	0	1	0	2	1
plain	791	723	3	3	1	3	1	3	1	3	1	3	1	3	1
plain	2273	2049	1	1	1	3	0	3	0	0	0	0	0	1	1
plain	1474	1338	3	3	1	3	1	1	0	3	1	1	0	3	1
plain	1706	1542	1	3	0	3	0	3	0	3	0	3	0	3	0
plain	54	53	2	2	1	1	0	1	0	0	0	0	0	2	1
plain	395	364	0	0	1	1	0	2	0	0	1	1	0	0	1
plain	200	182	1	1	1	0	0	0	0	1	1	1	1	1	1
plain	1256	1136	2	2	1	1	0	2	1	2	1	1	0	2	1
plain	1255	1136	3	3	1	3	1	3	1	3	1	3	1	3	1
plain	2234	2014	2	3	0	1	0	3	0	1	0	1	0	3	0
plain	436	401	2	2	1	2	1	0	0	2	1	3	0	2	1
plain	366	337	3	3	1	3	1	3	1	3	1	3	1	3	1
plain	2631	2381	0	0	1	0	1	0	1	0	1	0	1	0	1
plain	383	353	2	2	1	0	0	3	0	0	0	0	0	2	1
plain	1847	1668	1	1	1	1	1	1	1	1	1	2	0	1	1
plain	1254	1135	1	0	0	1	1	0	0	0	0	0	0	0	0
plain	1233	1117	2	2	1	1	0	1	0	2	1	1	0	2	1
plain	650	591	0	0	1	0	1	0	1	0	1	0	1	0	1
plain	355	327	3	3	1	1	0	2	0	2	0	2	0	1	0
plain	1079	980	2	2	1	2	1	0	0	2	1	0	0	2	1
plain	1581	1430	0	0	1	1	0	1	0	0	1	0	1	0	1
plain	235	217	1	1	1	1	1	3	0	1	1	1	1	1	1
plain	1366	1235	2	2	1	2	1	3	0	2	1	2	1	2	1
plain	776	708	2	2	1	2	1	0	0	2	1	2	1	2	1
plain	2350	2118	0	2	0	1	0	1	0	2	0	1	0	2	0
plain	780	712	3	3	1	1	0	1	0	0	0	1	0	3	1
plain	2349	2118	2	2	1	0	0	2	1	2	1	3	0	2	1
plain	2250	2029	3	1	0	1	0	1	0	1	0	1	0	1	0
plain	2249	2029	0	0	1	2	0	2	0	3	0	2	0	0	1
plain	2224	2004	2	2	1	2	1	2	1	2	1	2	1	2	1
plain	2194	1976	1	1	1	1	1	3	0	1	1	1	1	1	1
plain	129	122	0	0	1	2	0	2	0	0	1	1	0	0	1
plain	1257	1137	1	1	1	0	0	2	0	1	1	1	1	1	1
plain	128	122	2	2	1	2	1	3	0	2	1	2	1	2	1
plain	1598	1446	2	3	0	3	0	3	0	0	0	0	0	3	0
plain	1081	982	3	3	1	0	0	3	1	3	1	1	0	3	1
plain	1003	914	0	0	1	0	1	0	1	1	0	1	0	0	1
plain	1082	982	2	2	1	3	0	0	0	2	1	2	1	2	1
plain	2538	2295	3	3	1	3	1	3	1	3	1	3	1	3	1
plain	2426	2188	2	2	1	0	0	0	0	0	0	0	0	2	1
plain	1937	1747	2	1	0	1	0	1	0	1	0	1	0	1	0
plain	1158	1050	1	0	0	3	0	3	0	0	0	0	0	0	0
plain	1157	1050	3	3	1	3	1	0	0	0	0	0	0	3	1
plain	2483	2243	0	3	0	3	0	3	0	3	0	1	0	3	0
plain	65	64	1	1	1	0	0	1	1	0	0	0	0	1	1
plain	157	144	2	2	1	3	0	3	0	3	0	3	0	2	1
plain	1877	1694	2	2	1	3	0	2	1	2	1	3	0	2	1
plain	1824	1648	1	1	1	1	1	1	1	1	1	1	1	1	1
plain	1284	1161	0	3	0	3	0	3	0	3	0	3	0	3	0
plain	1285	1161	0	2	0	2	0	0	1	2	0	2	0	2	0
plain	2641	2390	1	1	1	1	1	1	1	0	0	0	0	1	1
plain	1725	1559	2	2	1	1	0	2	1	0	0	2	1	2	1
plain	1858	1678	1	3	0	1	1	1	1	1	1	3	0	3	0
plain	2412	2176	3	3	1	3	1	3	1	1	0	3	1	3	1
plain	2524	2281	0	1	0	0	1	3	0	0	1	1	0	1	0
plain	2523	2281	3	3	1	3	1	3	1	3	1	3	1	3	1
plain	516	466	3	3	1	3	1	3	1	3	1	3	1	3	1
plain	1153	1047	3	3	1	3	1	3	1	3	1	3	1	3	1
plain	2065	1858	1	1	1	2	0	1	1	1	1	1	1	1	1
plain	470	427	0	0	1	1	0	1	0	1	0	0	1	0	1
plain	2443	2204	2	2	1	2	1	0	0	0	0	0	0	2	1
plain	633	574	3	3	1	0	0	0	0	0	0	0	0	3	1
plain	2031	1830	1	1	1	1	1	1	1	1	1	1	1	1	1
plain	1172	1064	2	2	1	2	1	2	1	2	1	2	1	2	1
plain	1344	1215	2	2	1	2	1	2	1	2	1	2	1	2	1
plain	365	336	3	3	1	0	0	1	0	3	1	3	1	3	1
plain	1848	1669	3	3	1	3	1	1	0	3	1	3	1	3	1
plain	1044	947	1	1	1	1	1	2	0	1	1	1	1	1	1
plain	333	307	2	2	1	2	1	0	0	2	1	2	1	2	1
plain	859	785	3	3	1	3	1	1	0	3	1	1	0	3	1
plain	1279	1157	3	3	1	3	1	3	1	3	1	3	1	3	1
plain	2454	2214	2	2	1	1	0	2	1	0	0	0	0	2	1
plain	642	583	1	1	1	0	0	0	0	0	0	0	0	1	1
plain	755	688	2	3	0	3	0	3	0	3	0	3	0	3	0
plain	2465	2225	3	3	1	3	1	2	0	3	1	3	1	3	1
plain	1263	1141	2	2	1	1	0	3	0	2	1	2	1	2	1
plain	2092	1882	1	1	1	1	1	2	0	1	1	2	0	1	1
plain	2091	1882	0	2	0	3	0	1	0	1	0	0	1	2	0
plain	2093	1882	1	1	1	1	1	1	1	1	1	1	1	1	1
plain	1182	1074	1	1	1	1	1	1	1	1	1	1	1	1	1
plain	2316	2090	0	0	1	1	0	0	1	0	1	0	1	0	1
plain	426	391	0	0	1	2	0	1	0	1	0	0	1	0	1
plain	2585	2337	2	2	1	2	1	2	1	2	1	2	1	2	1
plain	263	243	1	1	1	0	0	3	0	3	0	1	1	1	1
plain	368	339	3	3	1	3	1	3	1	3	1	3	1	3	1
plain	330	304	3	3	1	3	1	0	0	3	1	0	0	3	1
plain	286	265	1	1	1	3	0	3	0	1	1	3	0	1	1
plain	438	403	0	0	1	0	1	0	1	0	1	0	1	0	1
plain	852	779	2	2	1	2	1	0	0	2	1	2	1	2	1
plain	2331	2103	1	2	0	2	0	2	0	2	0	2	0	2	0
plain	277	256	1	1	1	2	0	3	0	0	0	1	1	1	1
plain	1123	1018	3	3	1	0	0	3	1	3	1	0	0	3	1
plain	1331	1203	1	1	1	1	1	1	1	1	1	1	1	1	1
plain	109	104	2	3	0	2	1	3	0	3	0	3	0	3	0
plain	2649	2396	0	0	1	3	0	2	0	0	1	0	1	0	1
plain	1512	1371	0	0	1	0	1	0	1	0	1	0	1	0	1
plain	2439	2200	3	3	1	3	1	3	1	3	1	3	1	3	1
plain	180	163	1	1	1	0	0	0	0	0	0	3	0	3	0
plain	179	163	1	2	0	2	0	3	0	2	0	2	0	2	0
plain	594	537	3	3	1	1	0	1	0	2	0	2	0	3	1
plain	1482	1345	3	3	1	3	1	3	1	3	1	3	1	3	1
plain	391	360	0	3	0	1	0	0	1	3	0	3	0	3	0
plain	340	312	3	2	0	3	1	1	0	3	1	3	1	3	1
plain	895	819	3	3	1	0	0	0	0	3	1	3	1	3	1
plain	513	463	1	0	0	2	0	1	1	0	0	0	0	0	0
plain	1160	1052	2	2	1	0	0	0	0	2	1	2	1	2	1
plain	1455	1320	0	0	1	2	0	2	0	2	0	3	0	0	1
plain	2184	1966	1	1	1	1	1	1	1	3	0	1	1	1	1
plain	728	662	1	1	1	1	1	1	1	1	1	1	1	1	1
plain	1616	1463	3	3	1	3	1	3	1	3	1	3	1	3	1
plain	950	869	1	1	1	1	1	0	0	0	0	0	0	1	1
plain	949	869	0	0	1	0	1	0	1	0	1	0	1	0	1
plain	948	869	1	1	1	1	1	1	1	1	1	1	1	1	1
plain	387	357	0	0	1	0	1	0	1	0	1	0	1	0	1
plain	2024	1823	1	1	1	1	1	2	0	1	1	1	1	1	1
plain	2023	1823	3	0	0	2	0	2	0	0	0	0	0	0	0
plain	534	484	2	2	1	1	0	3	0	2	1	2	1	2	1
plain	1653	1495	1	1	1	2	0	1	1	0	0	0	0	1	1
plain	2485	2245	0	0	1	0	1	0	1	0	1	0	1	0	1
plain	360	331	0	0	1	2	0	2	0	0	1	1	0	0	1
plain	334	308	3	3	1	1	0	3	1	3	1	2	0	3	1
plain	303	282	3	1	0	3	1	3	1	2	0	2	0	1	0
plain	2466	2226	3	3	1	2	0	2	0	2	0	2	0	3	1
plain	373	343	1	1	1	1	1	1	1	1	1	1	1	1	1
plain	2183	1965	0	2	0	0	1	1	0	0	1	2	0	2	0
plain	299	278	3	1	0	1	0	1	0	1	0	1	0	1	0
plain	8	10	1	1	1	0	0	1	1	1	1	1	1	1	1
plain	704	641	1	1	1	0	0	1	1	1	1	0	0	1	1
plain	2423	2185	0	0	1	1	0	0	1	1	0	0	1	0	1
plain	271	250	2	2	1	2	1	1	0	2	1	2	1	2	1
plain	94	91	3	3	1	2	0	0	0	2	0	2	0	3	1
plain	83	81	0	0	1	0	1	0	1	0	1	0	1	0	1
plain	2321	2094	3	3	1	3	1	3	1	3	1	3	1	3	1
plain	1991	1795	2	2	1	2	1	2	1	2	1	2	1	2	1
plain	909	832	1	1	1	1	1	2	0	1	1	1	1	1	1
plain	1321	1194	2	2	1	2	1	2	1	2	1	2	1	2	1
plain	1100	997	0	0	1	2	0	0	1	0	1	0	1	0	1
plain	1711	1547	2	2	1	0	0	0	0	1	0	1	0	2	1
plain	278	257	2	2	1	0	0	2	1	1	0	1	0	2	1
plain	1939	1749	0	0	1	3	0	3	0	0	1	0	1	0	1
plain	1216	1103	0	0	1	2	0	3	0	2	0	0	1	0	1
plain	834	762	3	1	0	2	0	0	0	2	0	2	0	1	0
plain	835	762	2	2	1	2	1	2	1	2	1	2	1	2	1
plain	1104	1001	0	0	1	0	1	2	0	0	1	0	1	0	1
plain	1893	1708	3	3	1	0	0	1	0	3	1	1	0	3	1
plain	1596	1444	2	3	0	3	0	2	1	3	0	3	0	3	0
plain	723	658	0	0	1	2	0	0	1	2	0	3	0	2	0
plain	2258	2035	1	2	0	1	1	2	0	2	0	2	0	2	0
plain	1352	1222	1	1	1	3	0	2	0	1	1	1	1	1	1
plain	1799	1624	3	3	1	3	1	1	0	3	1	3	1	3	1
plain	615	557	1	0	0	0	0	2	0	0	0	0	0	1	1
plain	616	557	3	1	0	1	0	1	0	1	0	1	0	1	0
plain	708	645	2	2	1	2	1	0	0	2	1	2	1	2	1
plain	2143	1930	0	0	1	0	1	0	1	0	1	0	1	0	1
plain	2406	2170	1	1	1	0	0	1	1	0	0	1	1	1	1
plain	487	441	3	3	1	3	1	2	0	3	1	3	1	3	1
plain	662	603	3	3	1	1	0	1	0	3	1	3	1	3	1
plain	1515	1373	1	1	1	0	0	0	0	1	1	2	0	1	1
plain	1514	1373	2	1	0	1	0	2	1	1	0	1	0	1	0
plain	1362	1231	2	1	0	0	0	2	1	1	0	1	0	1	0
plain	2623	2375	0	0	1	2	0	2	0	0	1	0	1	0	1
plain	162	149	2	2	1	2	1	2	1	2	1	2	1	2	1
plain	447	411	1	1	1	0	0	0	0	2	0	1	1	2	0
plain	870	795	2	2	1	1	0	3	0	2	1	2	1	2	1
plain	151	139	0	3	0	3	0	3	0	0	1	0	1	3	0
plain	979	892	3	1	0	2	0	2	0	2	0	2	0	1	0
plain	2563	2317	2	2	1	2	1	2	1	0	0	2	1	2	1
plain	1356	1226	0	0	1	0	1	2	0	0	1	0	1	0	1
plain	1987	1792	0	0	1	1	0	1	0	0	1	0	1	0	1
plain	1642	1485	3	3	1	0	0	0	0	0	0	0	0	3	1
plain	225	207	1	1	1	1	1	1	1	1	1	1	1	1	1
plain	1641	1484	0	0	1	1	0	0	1	0	1	1	0	0	1
plain	2124	1912	0	0	1	2	0	0	1	0	1	0	1	0	1
plain	799	731	2	1	0	3	0	3	0	0	0	0	0	1	0
plain	2546	2303	1	1	1	2	0	2	0	2	0	2	0	1	1
plain	132	125	1	1	1	2	0	2	0	1	1	1	1	1	1
plain	2369	2135	1	3	0	1	1	2	0	3	0	1	1	3	0
plain	1265	1143	0	0	1	0	1	0	1	0	1	0	1	0	1
plain	389	358	2	2	1	0	0	2	1	2	1	2	1	2	1
plain	2622	2374	3	3	1	3	1	1	0	3	1	3	1	3	1
plain	1072	973	3	2	0	2	0	3	1	2	0	3	1	2	0
plain	2607	2359	0	0	1	1	0	1	0	3	0	3	0	0	1
plain	1202	1091	1	1	1	1	1	0	0	1	1	1	1	1	1
plain	2529	2286	1	1	1	1	1	3	0	1	1	1	1	1	1
plain	398	367	1	0	0	0	0	0	0	1	1	1	1	1	1
plain	2064	1857	0	0	1	1	0	3	0	0	1	0	1	0	1
plain	1948	1757	1	1	1	3	0	2	0	3	0	1	1	1	1
plain	1030	936	0	0	1	0	1	0	1	0	1	0	1	0	1
plain	2097	1886	1	1	1	1	1	1	1	1	1	1	1	1	1
plain	2144	1931	3	3	1	3	1	3	1	3	1	3	1	3	1
plain	1733	1566	2	2	1	2	1	2	1	2	1	2	1	2	1
plain	1923	1734	2	2	1	2	1	2	1	2	1	2	1	2	1
plain	96	93	0	0	1	0	1	1	0	0	1	0	1	0	1
plain	173	157	2	2	1	0	0	3	0	2	1	2	1	2	1
plain	2477	2237	3	3	1	3	1	3	1	3	1	3	1	3	1
plain	1080	981	2	2	1	2	1	2	1	2	1	2	1	2	1
plain	649	590	0	0	1	0	1	0	1	0	1	0	1	0	1
plain	973	886	1	1	1	1	1	2	0	1	1	1	1	1	1
plain	1670	1511	1	1	1	3	0	1	1	1	1	3	0	1	1
plain	1154	1048	2	2	1	2	1	2	1	3	0	2	1	2	1
plain	2368	2134	0	0	1	0	1	0	1	0	1	0	1	0	1
plain	684	623	3	3	1	3	1	0	0	3	1	3	1	3	1
plain	984	896	3	3	1	2	0	2	0	1	0	1	0	3	1
plain	1530	1388	2	2	1	2	1	2	1	2	1	2	1	2	1
plain	1408	1275	1	1	1	0	0	0	0	1	1	1	1	1	1
plain	1729	1563	2	2	1	2	1	2	1	2	1	0	0	0	0
plain	406	374	0	0	1	3	0	0	1	0	1	0	1	3	0
plain	1096	994	0	0	1	1	0	0	1	1	0	3	0	0	1
plain	504	455	0	0	1	0	1	0	1	0	1	0	1	0	1
plain	720	655	1	1	1	1	1	1	1	1	1	1	1	1	1
plain	0	0	1	1	1	0	0	3	0	1	1	1	1	1	1
plain	1989	1793	3	3	1	3	1	3	1	3	1	3	1	3	1
plain	2018	1819	0	0	1	3	0	1	0	0	1	0	1	0	1
plain	1053	955	2	2	1	3	0	2	1	2	1	3	0	2	1
plain	503	454	1	1	1	0	0	2	0	0	0	0	0	1	1
plain	2311	2085	3	3	1	3	1	3	1	3	1	3	1	3	1
plain	878	803	1	2	0	2	0	2	0	2	0	2	0	1	1
plain	159	146	1	3	0	2	0	2	0	3	0	2	0	3	0
plain	801	733	0	1	0	0	1	3	0	1	0	1	0	0	1
plain	510	460	1	1	1	1	1	1	1	1	1	1	1	1	1
plain	177	161	0	0	1	0	1	0	1	0	1	0	1	0	1
plain	885	810	1	0	0	1	1	1	1	0	0	0	0	1	1
plain	194	176	0	0	1	1	0	0	1	0	1	1	0	0	1
plain	1435	1300	1	1	1	1	1	1	1	1	1	1	1	1	1
plain	1434	1300	1	1	1	1	1	2	0	1	1	1	1	1	1
plain	144	133	1	1	1	1	1	2	0	1	1	3	0	1	1
plain	143	133	0	0	1	0	1	3	0	0	1	0	1	0	1
plain	1069	970	2	1	0	2	1	1	0	2	1	2	1	2	1
plain	1805	1630	3	3	1	3	1	3	1	3	1	3	1	3	1
plain	550	498	1	1	1	1	1	2	0	0	0	1	1	1	1
plain	2539	2296	3	3	1	3	1	3	1	3	1	3	1	3	1
plain	372	342	1	3	0	2	0	2	0	2	0	2	0	2	0
plain	1888	1704	0	2	0	1	0	0	1	1	0	1	0	2	0
plain	1887	1704	0	2	0	2	0	2	0	2	0	2	0	2	0
plain	1718	1553	1	1	1	2	0	2	0	2	0	1	1	1	1
plain	266	246	3	3	1	2	0	2	0	2	0	2	0	3	1
plain	2090	1881	3	3	1	0	0	3	1	0	0	0	0	3	1
plain	2519	2277	2	1	0	1	0	0	0	1	0	1	0	1	0
plain	1475	1339	2	2	1	2	1	2	1	2	1	2	1	2	1
plain	946	867	1	1	1	2	0	2	0	1	1	1	1	1	1
plain	2568	2322	3	0	0	0	0	1	0	1	0	1	0	0	0
plain	397	366	3	3	1	2	0	2	0	0	0	0	0	3	1
plain	1660	1502	0	0	1	0	1	3	0	0	1	0	1	0	1
plain	1571	1421	1	1	1	0	0	1	1	1	1	0	0	1	1
plain	1570	1421	1	1	1	3	0	1	1	1	1	3	0	1	1
plain	2427	2189	2	2	1	1	0	1	0	1	0	1	0	2	1
plain	2043	1840	1	3	0	3	0	3	0	3	0	3	0	3	0
plain	1721	1555	1	1	1	1	1	1	1	1	1	1	1	1	1
plain	1348	1218	1	1	1	2	0	2	0	1	1	2	0	1	1
plain	858	784	3	3	1	3	1	3	1	3	1	3	1	3	1
plain	141	131	0	0	1	2	0	2	0	0	1	2	0	0	1
plain	1099	996	0	0	1	0	1	2	0	0	1	0	1	0	1
plain	1509	1368	1	1	1	0	0	1	1	1	1	1	1	1	1
plain	766	699	3	3	1	3	1	3	1	3	1	3	1	3	1
plain	665	606	0	0	1	3	0	1	0	0	1	3	0	0	1
plain	296	275	1	1	1	1	1	1	1	1	1	1	1	1	1
plain	32	32	2	2	1	2	1	3	0	2	1	2	1	2	1
plain	345	317	3	3	1	3	1	3	1	3	1	3	1	3	1
plain	337	309	2	2	1	2	1	2	1	2	1	2	1	2	1
plain	336	309	2	2	1	0	0	1	0	0	0	0	0	2	1
plain	1138	1033	0	0	1	0	1	2	0	0	1	1	0	0	1
plain	2616	2368	3	3	1	0	0	0	0	1	0	3	1	3	1
plain	2167	1950	1	1	1	3	0	1	1	1	1	1	1	1	1
plain	521	471	2	2	1	2	1	1	0	0	0	2	1	2	1
plain	1487	1349	3	2	0	2	0	2	0	2	0	2	0	1	0
plain	2189	1971	2	3	0	1	0	3	0	3	0	3	0	3	0
plain	2265	2042	3	3	1	3	1	3	1	3	1	3	1	3	1
plain	2266	2042	2	3	0	2	1	2	1	2	1	3	0	2	1
plain	20	21	3	3	1	3	1	1	0	3	1	3	1	3	1
plain	2196	1978	2	1	0	3	0	1	0	1	0	1	0	1	0
plain	1568	1419	3	3	1	0	0	0	0	3	1	3	1	3	1
plain	1422	1289	3	3	1	3	1	3	1	3	1	3	1	3	1
plain	1270	1148	0	0	1	0	1	2	0	0	1	0	1	0	1
plain	262	242	0	1	0	1	0	1	0	1	0	1	0	1	0
plain	790	722	3	1	0	2	0	1	0	3	1	3	1	1	0
plain	1522	1380	0	0	1	2	0	2	0	0	1	0	1	0	1
plain	2371	2137	0	0	1	1	0	0	1	3	0	2	0	0	1
plain	1797	1622	0	1	0	0	1	0	1	2	0	1	0	1	0
plain	2209	1991	0	0	1	0	1	0	1	3	0	0	1	0	1
plain	1574	1423	1	1	1	0	0	2	0	1	1	1	1	1	1
plain	2556	2310	0	1	0	1	0	1	0	1	0	1	0	1	0
plain	2555	2310	2	2	1	2	1	2	1	2	1	2	1	2	1
plain	2417	2179	0	0	1	0	1	0	1	0	1	0	1	0	1
plain	210	192	0	0	1	1	0	2	0	1	0	1	0	1	0
plain	196	178	3	3	1	3	1	3	1	3	1	3	1	3	1
plain	623	564	2	2	1	3	0	3	0	1	0	1	0	2	1
plain	1381	1249	2	2	1	2	1	2	1	2	1	2	1	2	1
plain	1187	1079	1	1	1	3	0	1	1	1	1	1	1	1	1
plain	1883	1700	0	0	1	0	1	0	1	0	1	0	1	0	1
plain	1237	1120	0	0	1	0	1	0	1	0	1	0	1	0	1
plain	915	838	0	0	1	3	0	0	1	0	1	0	1	0	1
plain	792	724	3	3	1	3	1	3	1	3	1	1	0	3	1
plain	312	290	1	1	1	1	1	0	0	0	0	1	1	1	1
plain	579	523	0	0	1	2	0	2	0	0	1	2	0	0	1
plain	343	315	1	1	1	2	0	1	1	1	1	1	1	1	1
plain	1148	1042	2	2	1	2	1	0	0	2	1	2	1	2	1
plain	1473	1337	0	0	1	0	1	0	1	0	1	0	1	0	1
plain	55	54	0	0	1	3	0	1	0	3	0	0	1	0	1
plain	2115	1904	3	3	1	1	0	1	0	0	0	3	1	3	1
plain	1149	1043	2	2	1	3	0	3	0	2	1	2	1	2	1
plain	1340	1211	3	3	1	3	1	3	1	3	1	3	1	3	1
plain	294	273	1	2	0	2	0	1	1	2	0	2	0	1	1
plain	2508	2267	3	3	1	3	1	3	1	3	1	3	1	3	1
plain	1403	1270	3	3	1	3	1	3	1	3	1	3	1	3	1
plain	182	165	2	2	1	2	1	2	1	2	1	2	1	2	1
plain	190	172	1	3	0	3	0	3	0	3	0	1	1	2	0
plain	770	702	2	2	1	3	0	1	0	3	0	2	1	2	1
plain	390	359	3	3	1	1	0	1	0	3	1	3	1	3	1
plain	976	889	1	1	1	0	0	1	1	1	1	1	1	1	1
plain	1114	1011	2	2	1	1	0	1	0	0	0	0	0	2	1
plain	1090	989	2	2	1	2	1	3	0	2	1	2	1	2	1
plain	2452	2212	2	2	1	2	1	0	0	2	1	2	1	2	1
plain	1314	1187	2	2	1	1	0	2	1	2	1	2	1	2	1
plain	929	850	1	0	0	2	0	2	0	2	0	2	0	0	0
plain	1419	1286	0	0	1	2	0	2	0	3	0	0	1	3	0
plain	596	539	2	2	1	2	1	2	1	0	0	2	1	2	1
plain	1504	1364	3	3	1	3	1	3	1	3	1	3	1	3	1
plain	361	332	2	2	1	2	1	0	0	2	1	2	1	0	0
plain	798	730	1	0	0	0	0	0	0	0	0	1	1	1	1
plain	205	187	1	1	1	2	0	2	0	3	0	3	0	1	1
plain	809	740	2	0	0	0	0	1	0	0	0	0	0	1	0
plain	2382	2148	2	2	1	0	0	1	0	0	0	0	0	2	1
plain	1222	1108	1	1	1	1	1	0	0	1	1	1	1	1	1
plain	1577	1426	1	1	1	1	1	3	0	1	1	1	1	1	1
plain	695	632	2	1	0	2	1	2	1	0	0	0	0	2	1
plain	694	632	2	2	1	2	1	2	1	2	1	2	1	2	1
plain	1244	1125	0	0	1	2	0	2	0	0	1	2	0	0	1
plain	573	517	1	1	1	2	0	2	0	2	0	1	1	1	1
plain	1875	1692	0	0	1	1	0	3	0	0	1	0	1	0	1
plain	1712	1548	3	3	1	3	1	3	1	3	1	3	1	3	1
plain	1405	1272	2	2	1	1	0	1	0	2	1	2	1	2	1
plain	1582	1431	1	2	0	3	0	3	0	3	0	3	0	2	0
plain	860	786	3	3	1	2	0	2	0	3	1	2	0	2	0
plain	1339	1210	3	3	1	0	0	0	0	3	1	3	1	3	1
plain	2411	2175	1	1	1	1	1	1	1	1	1	1	1	1	1
plain	2288	2063	2	2	1	2	1	2	1	2	1	2	1	2	1
plain	1759	1589	1	1	1	2	0	1	1	2	0	1	1	1	1
plain	1392	1260	1	2	0	2	0	2	0	1	1	2	0	2	0
plain	219	201	3	1	0	3	1	2	0	3	1	3	1	1	0
plain	690	628	0	0	1	0	1	0	1	0	1	0	1	0	1
plain	2294	2069	1	1	1	1	1	0	0	1	1	1	1	1	1
plain	1936	1746	2	2	1	2	1	2	1	2	1	2	1	2	1
plain	1401	1268	2	2	1	2	1	0	0	2	1	2	1	2	1
plain	2499	2258	0	0	1	0	1	0	1	0	1	0	1	0	1
plain	1707	1543	1	2	0	1	1	1	1	1	1	1	1	2	0
plain	1702	1538	1	0	0	2	0	3	0	0	0	1	1	0	0
plain	517	467	3	2	0	0	0	1	0	3	1	0	0	2	0
plain	1477	1341	2	2	1	3	0	3	0	2	1	2	1	2	1
plain	586	529	2	2	1	2	1	2	1	2	1	2	1	2	1
plain	1663	1505	2	2	1	2	1	2	1	1	0	1	0	2	1
plain	2141	1928	1	1	1	1	1	1	1	1	1	1	1	1	1
plain	1143	1038	2	2	1	2	1	2	1	2	1	2	1	2	1
plain	1144	1038	0	0	1	2	0	2	0	0	1	0	1	0	1
plain	1837	1659	1	2	0	1	1	1	1	1	1	1	1	2	0
plain	1775	1603	3	3	1	3	1	3	1	3	1	3	1	3	1
plain	1774	1603	3	1	0	3	1	2	0	3	1	1	0	1	0
plain	821	751	3	0	0	0	0	1	0	0	0	0	0	0	0
plain	149	2	2	2	1	3	0	3	0	3	0	3	0	2	1
plain	1995	1799	0	0	1	0	1	0	1	0	1	0	1	0	1
plain	84	82	2	2	1	2	1	2	1	2	1	2	1	2	1
plain	305	284	0	0	1	0	1	2	0	0	1	0	1	0	1
plain	884	809	1	2	0	3	0	2	0	2	0	2	0	2	0
plain	189	171	2	2	1	3	0	1	0	2	1	2	1	2	1
plain	30	30	1	3	0	3	0	3	0	3	0	3	0	3	0
plain	1146	1040	2	2	1	2	1	2	1	2	1	2	1	2	1
plain	564	510	3	3	1	0	0	1	0	3	1	3	1	3	1
plain	2128	1916	1	1	1	1	1	1	1	1	1	1	1	1	1
plain	1698	1535	3	2	0	2	0	2	0	2	0	2	0	2	0
plain	1699	1535	0	0	1	3	0	3	0	2	0	2	0	0	1
plain	2558	2312	0	0	1	0	1	1	0	1	0	0	1	0	1
plain	2274	2050	2	2	1	2	1	2	1	2	1	2	1	2	1
plain	628	569	2	2	1	2	1	2	1	2	1	2	1	2	1
plain	1227	1113	2	2	1	1	0	1	0	2	1	2	1	2	1
plain	943	864	1	1	1	2	0	2	0	3	0	1	1	1	1
plain	862	788	1	1	1	2	0	3	0	1	1	1	1	1	1
plain	745	678	3	3	1	1	0	3	1	3	1	3	1	3	1
plain	2281	2057	2	2	1	0	0	3	0	3	0	0	0	2	1
plain	2296	2070	2	2	1	2	1	2	1	2	1	2	1	2	1
plain	2295	2070	1	1	1	1	1	1	1	1	1	1	1	1	1
plain	866	792	1	1	1	3	0	3	0	3	0	2	0	3	0
plain	1833	1655	2	2	1	0	0	1	0	2	1	2	1	2	1
plain	1291	1167	2	2	1	2	1	2	1	2	1	2	1	2	1
plain	2463	2223	2	2	1	1	0	2	1	2	1	1	0	2	1
plain	354	326	1	1	1	1	1	2	0	1	1	3	0	1	1
plain	2590	2342	3	3	1	3	1	2	0	3	1	3	1	3	1
plain	1519	1377	0	2	0	0	1	3	0	0	1	0	1	0	1
plain	592	535	3	2	0	1	0	1	0	2	0	2	0	2	0
plain	97	94	2	2	1	2	1	2	1	2	1	2	1	2	1
plain	374	344	2	0	0	1	0	3	0	0	0	0	0	0	0
plain	1876	1693	2	2	1	2	1	2	1	2	1	2	1	2	1
plain	2515	2273	2	2	1	3	0	2	1	1	0	1	0	1	0
plain	1878	1695	0	2	0	2	0	1	0	0	1	2	0	2	0
plain	654	595	2	2	1	2	1	2	1	2	1	2	1	2	1
plain	254	234	2	2	1	2	1	2	1	1	0	1	0	2	1
plain	1000	911	3	3	1	3	1	3	1	3	1	3	1	3	1
plain	101	96	2	2	1	0	0	2	1	2	1	2	1	2	1
plain	100	96	0	2	0	0	1	0	1	2	0	2	0	2	0
plain	99	96	3	3	1	0	0	0	0	0	0	3	1	3	1
plain	2552	2307	1	1	1	2	0	2	0	1	1	3	0	1	1
plain	990	902	1	1	1	1	1	1	1	2	0	1	1	1	1
plain	2341	2110	3	3	1	3	1	3	1	3	1	3	1	3	1
plain	435	400	2	0	0	0	0	1	0	1	0	0	0	1	0
plain	512	462	0	0	1	1	0	1	0	0	1	1	0	0	1
plain	2123	1911	2	1	0	1	0	3	0	3	0	2	1	2	1
plain	170	154	2	2	1	0	0	3	0	0	0	0	0	2	1
plain	1564	1415	3	3	1	1	0	0	0	3	1	3	1	3	1
plain	1563	1415	0	0	1	0	1	3	0	0	1	0	1	0	1
plain	469	426	1	1	1	1	1	3	0	1	1	1	1	1	1
plain	514	464	0	2	0	0	1	1	0	0	1	0	1	2	0
plain	2536	2293	2	2	1	2	1	3	0	2	1	2	1	2	1
plain	1201	1090	3	3	1	3	1	3	1	3	1	3	1	3	1
plain	2500	2259	2	2	1	2	1	2	1	2	1	2	1	2	1
plain	1021	928	2	2	1	3	0	2	1	2	1	2	1	2	1
plain	1575	1424	1	1	1	1	1	1	1	1	1	1	1	1	1
plain	2410	2174	0	0	1	3	0	2	0	2	0	2	0	0	1
plain	1141	1036	0	2	0	3	0	3	0	2	0	2	0	2	0
plain	41	41	1	1	1	2	0	3	0	1	1	1	1	1	1
plain	1687	1526	0	0	1	0	1	0	1	0	1	0	1	0	1
plain	812	743	0	3	0	1	0	3	0	1	0	1	0	3	0
plain	1834	1656	1	1	1	3	0	1	1	3	0	3	0	1	1
plain	2198	1980	2	2	1	2	1	2	1	2	1	2	1	2	1
plain	741	674	3	3	1	2	0	3	1	1	0	3	1	3	1
plain	2254	2032	0	0	1	0	1	1	0	1	0	1	0	0	1
plain	2114	1903	3	3	1	0	0	0	0	3	1	0	0	3	1
plain	2270	2046	3	3	1	0	0	3	1	3	1	3	1	3	1
plain	1909	1723	2	2	1	2	1	3	0	2	1	2	1	2	1
plain	1063	964	0	0	1	0	1	0	1	0	1	0	1	0	1
plain	247	227	2	3	0	3	0	3	0	3	0	3	0	3	0
plain	629	570	3	3	1	3	1	3	1	3	1	3	1	3	1
plain	2501	2260	1	3	0	1	1	1	1	0	0	0	0	3	0
plain	2608	2360	1	1	1	1	1	1	1	1	1	1	1	1	1
plain	1077	978	3	3	1	3	1	3	1	3	1	3	1	3	1
plain	1177	1069	0	3	0	3	0	2	0	3	0	3	0	3	0
plain	1607	1455	0	0	1	0	1	3	0	0	1	0	1	0	1
plain	64	63	3	3	1	1	0	1	0	0	0	1	0	3	1
plain	455	418	0	0	1	3	0	0	1	0	1	0	1	0	1
plain	1785	1612	2	2	1	1	0	1	0	2	1	2	1	2	1
plain	2313	2087	1	1	1	1	1	1	1	1	1	1	1	1	1
plain	1895	1710	3	3	1	3	1	1	0	1	0	1	0	3	1
plain	1736	1569	3	3	1	1	0	2	0	1	0	3	1	3	1
plain	2370	2136	0	0	1	0	1	0	1	0	1	0	1	0	1
plain	1061	962	1	1	1	1	1	1	1	1	1	1	1	1	1
plain	1852	1673	3	3	1	1	0	2	0	3	1	1	0	3	1
plain	1853	1673	2	2	1	3	0	3	0	1	0	1	0	2	1
plain	2502	2261	2	2	1	2	1	2	1	2	1	2	1	2	1
plain	1450	1315	2	2	1	3	0	2	1	2	1	3	0	2	1
plain	59	58	3	3	1	1	0	1	0	1	0	3	1	3	1
plain	1385	1253	2	2	1	2	1	1	0	2	1	2	1	2	1
plain	1322	1195	3	3	1	2	0	1	0	2	0	2	0	3	1
plain	2077	1868	1	3	0	3	0	0	0	0	0	0	0	3	0
plain	2069	1861	0	0	1	0	1	0	1	0	1	0	1	0	1
plain	802	734	1	1	1	2	0	1	1	0	0	1	1	1	1
plain	1931	1741	1	1	1	1	1	2	0	1	1	1	1	1	1
plain	2322	2095	2	2	1	2	1	2	1	1	0	2	1	2	1
plain	2027	1826	3	0	0	2	0	0	0	0	0	0	0	0	0
plain	1074	975	3	3	1	3	1	3	1	2	0	2	0	3	1
plain	597	540	1	1	1	1	1	3	0	1	1	1	1	1	1
plain	561	507	2	3	0	3	0	1	0	3	0	3	0	3	0
plain	1101	998	2	1	0	1	0	1	0	1	0	2	1	1	0
plain	2389	2155	2	2	1	2	1	2	1	2	1	2	1	2	1
plain	890	815	1	1	1	1	1	2	0	1	1	1	1	1	1
plain	1342	1213	1	1	1	2	0	2	0	1	1	2	0	1	1
plain	2597	2349	2	2	1	2	1	2	1	2	1	2	1	2	1
plain	2530	2287	0	0	1	2	0	0	1	3	0	3	0	0	1
plain	1996	1800	1	1	1	1	1	1	1	1	1	1	1	1	1
plain	482	437	2	2	1	1	0	2	1	2	1	2	1	2	1
plain	2355	2123	1	2	0	3	0	2	0	2	0	1	1	2	0
plain	1701	1537	0	0	1	2	0	2	0	0	1	0	1	0	1
plain	1296	1172	0	0	1	1	0	3	0	0	1	0	1	0	1
plain	1591	1439	2	3	0	2	1	0	0	0	0	0	0	3	0
plain	1851	1672	2	3	0	2	1	1	0	3	0	1	0	2	1
plain	1921	1732	0	0	1	2	0	1	0	0	1	2	0	2	0
plain	458	419	2	2	1	2	1	2	1	2	1	2	1	2	1
plain	457	419	0	0	1	0	1	0	1	0	1	0	1	0	1
plain	1857	1677	2	2	1	2	1	2	1	2	1	2	1	2	1
plain	1416	1283	2	2	1	2	1	2	1	2	1	2	1	2	1
plain	16	17	3	1	0	0	0	1	0	1	0	3	1	1	0
plain	576	520	2	2	1	2	1	1	0	2	1	2	1	2	1
plain	1814	1639	1	0	0	1	1	0	0	0	0	0	0	0	0
plain	2283	2059	3	3	1	3	1	3	1	3	1	3	1	3	1
plain	327	142	0	3	0	0	1	0	1	0	1	0	1	3	0
plain	724	659	0	0	1	0	1	0	1	0	1	0	1	0	1
plain	725	659	2	2	1	1	0	2	1	2	1	2	1	2	1
plain	532	482	3	3	1	1	0	3	1	3	1	3	1	3	1
plain	2199	1981	0	0	1	3	0	3	0	0	1	0	1	0	1
plain	2187	1969	2	2	1	2	1	2	1	2	1	2	1	2	1
plain	58	57	2	2	1	0	0	2	1	0	0	3	0	1	0
plain	855	781	0	0	1	0	1	0	1	0	1	0	1	0	1
plain	842	769	0	0	1	0	1	2	0	0	1	0	1	0	1
plain	2028	1827	2	2	1	3	0	3	0	3	0	3	0	2	1
plain	966	881	0	0	1	3	0	1	0	0	1	0	1	0	1
plain	1485	1347	0	0	1	0	1	0	1	0	1	0	1	0	1
plain	1373	1242	1	1	1	3	0	1	1	1	1	1	1	1	1
plain	710	647	3	3	1	3	1	3	1	3	1	3	1	3	1
plain	1102	999	0	0	1	0	1	0	1	0	1	0	1	0	1
plain	840	767	3	3	1	3	1	3	1	3	1	3	1	3	1
plain	2400	2165	0	0	1	0	1	0	1	0	1	0	1	0	1
plain	1259	1138	2	3	0	3	0	2	1	3	0	3	0	3	0
plain	1258	1138	2	2	1	3	0	2	1	3	0	3	0	2	1
plain	1113	1010	0	0	1	1	0	1	0	0	1	1	0	1	0
plain	50	49	1	1	1	1	1	0	0	1	1	1	1	1	1
plain	49	49	1	1	1	1	1	0	0	1	1	1	1	1	1
plain	1430	1296	1	1	1	3	0	3	0	3	0	3	0	1	1
plain	2210	1992	2	2	1	2	1	2	1	2	1	2	1	2	1
plain	2079	1870	2	3	0	3	0	2	1	3	0	3	0	3	0
plain	1904	1718	1	1	1	0	0	0	0	1	1	0	0	1	1
plain	331	305	2	2	1	3	0	2	1	2	1	2	1	2	1
plain	243	223	0	0	1	3	0	1	0	0	1	2	0	0	1
plain	242	223	3	1	0	0	0	3	1	3	1	3	1	1	0
plain	1275	1153	2	2	1	0	0	3	0	1	0	1	0	2	1
plain	56	55	2	2	1	2	1	2	1	1	0	2	1	2	1
plain	2088	1879	2	2	1	2	1	2	1	2	1	2	1	2	1
plain	2432	2194	0	0	1	2	0	2	0	0	1	0	1	0	1
plain	752	685	0	0	1	0	1	3	0	0	1	0	1	0	1
plain	1411	1278	3	3	1	0	0	0	0	1	0	1	0	3	1
plain	552	500	0	0	1	2	0	2	0	0	1	0	1	0	1
plain	553	500	3	3	1	2	0	1	0	1	0	1	0	3	1
plain	1002	913	0	0	1	3	0	3	0	3	0	3	0	0	1
plain	2061	1854	2	2	1	0	0	2	1	1	0	2	1	2	1
plain	2060	1854	1	1	1	0	0	2	0	1	1	0	0	1	1
plain	1850	1671	3	3	1	1	0	1	0	3	1	3	1	3	1
plain	1638	1482	2	2	1	0	0	3	0	0	0	1	0	2	1
plain	867	793	3	1	0	1	0	0	0	3	1	3	1	1	0
plain	1103	1000	0	0	1	2	0	3	0	0	1	0	1	0	1
plain	2214	1996	2	3	0	0	0	3	0	0	0	0	0	3	0
plain	667	607	2	2	1	3	0	2	1	2	1	0	0	2	1
plain	666	607	0	0	1	0	1	2	0	0	1	0	1	0	1
plain	2269	2045	1	1	1	1	1	1	1	1	1	1	1	1	1
plain	1174	1066	0	0	1	0	1	3	0	0	1	0	1	0	1
plain	2135	1923	1	1	1	2	0	2	0	1	1	3	0	1	1
plain	2561	2315	2	2	1	1	0	0	0	2	1	2	1	2	1
plain	1628	1473	0	1	0	2	0	2	0	2	0	1	0	1	0
plain	2171	1954	1	1	1	0	0	0	0	0	0	0	0	1	1
plain	51	50	0	0	1	0	1	0	1	0	1	0	1	0	1
plain	1335	1207	0	0	1	3	0	0	1	2	0	0	1	0	1
plain	2478	2238	2	2	1	3	0	1	0	3	0	1	0	2	1
plain	1671	1512	0	0	1	0	1	0	1	0	1	0	1	0	1
plain	2629	2380	3	3	1	1	0	1	0	1	0	1	0	3	1
plain	2630	2380	0	0	1	0	1	2	0	0	1	0	1	0	1
plain	850	777	2	2	1	2	1	3	0	2	1	2	1	2	1
plain	228	210	1	1	1	0	0	0	0	1	1	1	1	1	1
plain	756	689	0	0	1	0	1	0	1	0	1	0	1	0	1
plain	765	698	0	3	0	3	0	3	0	3	0	3	0	3	0
plain	392	361	1	0	0	0	0	3	0	0	0	3	0	0	0
plain	2248	2028	1	1	1	2	0	3	0	1	1	1	1	1	1
plain	556	503	2	2	1	2	1	0	0	0	0	2	1	2	1
plain	1524	1382	3	3	1	0	0	0	0	2	0	3	1	3	1
plain	2598	2350	2	2	1	2	1	2	1	2	1	2	1	2	1
plain	1395	1263	1	2	0	2	0	2	0	1	1	2	0	2	0
plain	1633	1478	3	3	1	3	1	3	1	3	1	3	1	3	1
plain	2185	1967	2	2	1	3	0	0	0	2	1	0	0	2	1
plain	2162	1945	3	3	1	3	1	2	0	3	1	3	1	3	1
plain	62	61	0	0	1	0	1	0	1	0	1	0	1	0	1
plain	2482	2242	3	3	1	3	1	2	0	3	1	3	1	3	1
plain	1295	1171	2	2	1	1	0	2	1	1	0	1	0	2	1
plain	729	663	0	0	1	2	0	3	0	3	0	3	0	0	1
plain	2049	1845	1	2	0	2	0	2	0	2	0	2	0	2	0
plain	555	502	0	3	0	2	0	2	0	2	0	0	1	3	0
plain	465	423	3	3	1	2	0	3	1	3	1	3	1	3	1
plain	464	423	1	1	1	1	1	1	1	1	1	1	1	1	1
plain	201	183	1	1	1	3	0	1	1	1	1	1	1	1	1
plain	1900	1715	0	2	0	2	0	2	0	2	0	2	0	2	0
plain	924	845	2	2	1	2	1	2	1	2	1	2	1	2	1
plain	441	405	1	1	1	1	1	2	0	2	0	2	0	1	1
plain	1972	1780	0	1	0	3	0	0	1	3	0	3	0	1	0
plain	1409	1276	1	1	1	1	1	1	1	3	0	3	0	1	1
plain	1398	1266	1	1	1	1	1	1	1	1	1	1	1	1	1
plain	922	844	1	1	1	1	1	0	0	3	0	3	0	1	1
plain	1580	1429	0	0	1	2	0	1	0	0	1	0	1	0	1
plain	2116	1905	3	3	1	1	0	2	0	3	1	3	1	3	1
plain	2542	2299	2	2	1	1	0	2	1	1	0	1	0	2	1
plain	523	473	2	2	1	1	0	3	0	1	0	2	1	2	1
plain	1249	1130	0	0	1	3	0	2	0	3	0	3	0	0	1
plain	2464	2224	3	3	1	3	1	3	1	3	1	3	1	3	1
plain	2377	2143	3	3	1	2	0	2	0	2	0	2	0	3	1
plain	2365	2131	3	3	1	0	0	3	1	3	1	3	1	3	1
plain	1753	1583	0	0	1	0	1	0	1	0	1	0	1	0	1
plain	429	394	0	3	0	3	0	3	0	3	0	3	0	3	0
plain	2211	1993	2	2	1	1	0	2	1	1	0	1	0	2	1
plain	302	281	1	1	1	3	0	2	0	3	0	1	1	1	1
plain	2570	2324	0	0	1	0	1	0	1	0	1	0	1	0	1
plain	2571	2324	0	0	1	0	1	3	0	2	0	2	0	0	1
plain	933	854	1	1	1	1	1	3	0	1	1	1	1	1	1
plain	2098	1887	1	1	1	1	1	2	0	1	1	1	1	1	1
plain	897	821	3	3	1	3	1	3	1	3	1	3	1	3	1
plain	921	843	0	3	0	0	1	0	1	0	1	0	1	1	0
plain	2003	1806	0	0	1	2	0	0	1	0	1	0	1	0	1
plain	1661	1503	2	2	1	3	0	3	0	0	0	3	0	2	1
plain	1170	1062	1	0	0	0	0	3	0	0	0	0	0	1	1
plain	258	238	0	0	1	2	0	2	0	0	1	2	0	0	1
plain	2304	2078	0	0	1	0	1	0	1	0	1	0	1	0	1
plain	910	833	0	0	1	0	1	2	0	2	0	2	0	0	1
plain	2047	1843	0	1	0	3	0	1	0	1	0	1	0	1	0
plain	122	116	2	2	1	3	0	1	0	2	1	2	1	2	1
plain	344	316	3	3	1	3	1	2	0	3	1	2	0	3	1
plain	2373	2139	0	0	1	2	0	1	0	0	1	0	1	0	1
plain	1488	1350	1	1	1	2	0	3	0	3	0	3	0	1	1
plain	1489	1350	3	1	0	1	0	1	0	1	0	3	1	1	0
plain	1380	1248	2	2	1	2	1	2	1	2	1	2	1	2	1
plain	1984	1789	2	2	1	2	1	2	1	2	1	2	1	2	1
plain	1942	1752	0	0	1	2	0	3	0	2	0	0	1	0	1
plain	1017	925	3	3	1	3	1	0	0	3	1	3	1	3	1
plain	1980	1786	1	1	1	1	1	3	0	1	1	1	1	1	1
plain	1992	1796	3	3	1	0	0	3	1	3	1	0	0	3	1
plain	1323	1196	0	0	1	0	1	0	1	0	1	0	1	0	1
plain	1324	1196	1	1	1	2	0	1	1	1	1	2	0	2	0
plain	1022	929	1	1	1	0	0	0	0	0	0	0	0	1	1
plain	1209	1096	3	2	0	2	0	2	0	2	0	2	0	2	0
plain	1589	1437	3	3	1	0	0	0	0	2	0	3	1	3	1
plain	431	396	1	1	1	1	1	1	1	1	1	1	1	1	1
plain	794	726	1	1	1	0	0	2	0	1	1	2	0	1	1
plain	2421	2183	1	1	1	2	0	1	1	1	1	2	0	1	1
plain	1934	1744	0	0	1	3	0	3	0	3	0	0	1	0	1
plain	2140	1	1	1	1	2	0	1	1	1	1	1	1	1	1
plain	250	230	0	3	0	3	0	3	0	3	0	3	0	3	0
plain	1978	1784	2	2	1	0	0	3	0	2	1	2	1	2	1
plain	912	835	0	2	0	2	0	2	0	2	0	2	0	2	0
plain	2131	1919	0	0	1	0	1	1	0	2	0	2	0	0	1
plain	1415	1282	0	0	1	0	1	1	0	0	1	0	1	0	1
plain	273	252	2	2	1	2	1	2	1	2	1	2	1	2	1
plain	641	582	2	2	1	2	1	2	1	2	1	2	1	2	1
plain	405	373	2	1	0	3	0	0	0	1	0	3	0	1	0
plain	1809	1634	2	2	1	2	1	2	1	2	1	2	1	2	1
plain	301	280	0	1	0	1	0	2	0	1	0	1	0	1	0
plain	115	110	2	2	1	2	1	0	0	2	1	2	1	2	1
plain	1691	1529	2	2	1	3	0	3	0	2	1	3	0	2	1
plain	1476	1340	1	1	1	1	1	0	0	1	1	1	1	1	1
plain	1517	1375	1	1	1	1	1	1	1	1	1	1	1	1	1
plain	451	414	3	3	1	1	0	3	1	3	1	1	0	3	1
plain	125	119	0	1	0	3	0	3	0	3	0	3	0	1	0
plain	786	718	3	3	1	3	1	1	0	3	1	3	1	3	1
plain	399	368	1	1	1	2	0	1	1	1	1	1	1	1	1
plain	400	368	3	3	1	3	1	0	0	0	0	0	0	3	1
plain	2459	2219	0	0	1	1	0	3	0	0	1	0	1	0	1
plain	183	166	1	1	1	1	1	1	1	1	1	1	1	1	1
plain	363	334	2	2	1	0	0	0	0	0	0	0	0	2	1
plain	2300	2074	2	2	1	3	0	2	1	2	1	2	1	2	1
plain	2138	1926	0	3	0	2	0	3	0	0	1	0	1	3	0
plain	2111	1900	2	2	1	2	1	2	1	0	0	2	1	2	1
plain	2050	1846	2	2	1	2	1	3	0	2	1	2	1	2	1
plain	236	218	3	3	1	2	0	1	0	3	1	3	1	3	1
plain	1683	1522	2	1	0	0	0	0	0	0	0	0	0	1	0
plain	1132	1027	2	0	0	0	0	2	1	0	0	0	0	0	0
plain	2354	2122	3	3	1	3	1	3	1	3	1	3	1	3	1
plain	25	26	2	2	1	0	0	1	0	2	1	2	1	2	1
plain	2445	2206	3	1	0	3	1	3	1	1	0	1	0	1	0
plain	2242	2022	3	3	1	3	1	3	1	3	1	3	1	3	1
plain	1502	1362	3	3	1	3	1	3	1	3	1	3	1	3	1
plain	313	291	2	1	0	2	1	1	0	2	1	2	1	1	0
plain	1329	1201	3	3	1	3	1	2	0	0	0	3	1	3	1
plain	293	272	2	3	0	0	0	0	0	3	0	3	0	1	0
plain	930	851	3	3	1	3	1	3	1	3	1	3	1	3	1
plain	1364	1233	3	3	1	2	0	2	0	2	0	2	0	3	1
plain	1448	1313	2	2	1	2	1	0	0	2	1	2	1	2	1
plain	1308	1183	0	3	0	0	1	2	0	0	1	1	0	3	0
plain	1309	1183	1	3	0	3	0	3	0	3	0	3	0	1	1
plain	2292	2067	1	1	1	1	1	1	1	1	1	1	1	1	1
plain	1977	1783	0	0	1	2	0	2	0	0	1	0	1	2	0
plain	18	19	3	1	0	3	1	3	1	3	1	3	1	3	1
plain	2381	2147	3	3	1	3	1	3	1	3	1	3	1	3	1
plain	1760	1590	3	3	1	3	1	1	0	3	1	3	1	3	1
plain	2351	2119	3	3	1	3	1	3	1	3	1	3	1	3	1
plain	772	704	3	3	1	3	1	3	1	3	1	3	1	3	1
plain	2338	2108	1	1	1	1	1	1	1	1	1	1	1	1	1
plain	461	421	3	3	1	3	1	3	1	3	1	3	1	3	1
plain	462	421	3	3	1	3	1	3	1	3	1	3	1	3	1
plain	508	458	0	0	1	0	1	0	1	0	1	0	1	0	1
plain	507	458	0	0	1	0	1	0	1	0	1	0	1	0	1
plain	848	775	3	0	0	0	0	2	0	0	0	2	0	0	0
plain	1808	1633	3	3	1	3	1	3	1	3	1	3	1	3	1
plain	767	700	3	1	0	2	0	2	0	1	0	1	0	1	0
plain	2033	1831	3	3	1	0	0	1	0	3	1	0	0	3	1
plain	2032	1831	0	0	1	3	0	3	0	0	1	0	1	0	1
plain	849	776	2	2	1	2	1	0	0	2	1	2	1	0	0
plain	736	669	0	0	1	3	0	0	1	0	1	0	1	0	1
plain	1136	1031	2	2	1	2	1	3	0	2	1	2	1	2	1
plain	2004	1807	2	2	1	0	0	2	1	0	0	0	0	2	1
plain	2215	1997	2	2	1	2	1	0	0	2	1	2	1	2	1
plain	1118	1014	3	3	1	3	1	1	0	3	1	3	1	3	1
plain	283	262	3	3	1	3	1	0	0	3	1	3	1	3	1
plain	1390	1258	2	2	1	2	1	2	1	1	0	2	1	2	1
plain	937	858	1	1	1	1	1	2	0	1	1	1	1	1	1
plain	2099	1888	3	2	0	1	0	2	0	1	0	1	0	2	0
plain	2388	2154	3	3	1	2	0	3	1	3	1	2	0	2	0
plain	158	145	1	1	1	2	0	2	0	1	1	1	1	1	1
plain	1646	1489	1	1	1	1	1	3	0	1	1	1	1	1	1
plain	1578	1427	1	1	1	0	0	0	0	1	1	1	1	1	1
plain	1745	1576	3	3	1	3	1	3	1	0	0	3	1	3	1
plain	1705	1541	0	0	1	2	0	1	0	0	1	1	0	0	1
plain	1894	1709	2	2	1	1	0	1	0	2	1	2	1	2	1
plain	590	533	1	0	0	0	0	0	0	0	0	0	0	0	0
plain	1016	924	1	2	0	3	0	3	0	3	0	3	0	2	0
plain	2505	2264	1	2	0	2	0	2	0	2	0	2	0	2	0
plain	3	5	0	0	1	1	0	1	0	0	1	1	0	0	1
plain	91	88	3	3	1	3	1	3	1	3	1	3	1	3	1
plain	1940	1750	2	2	1	0	0	2	1	2	1	2	1	2	1
plain	2572	2325	0	0	1	1	0	0	1	1	0	1	0	0	1
plain	2202	1984	3	3	1	3	1	3	1	3	1	3	1	3	1
plain	1350	1220	1	1	1	0	0	1	1	1	1	2	0	1	1
plain	2456	2216	2	2	1	2	1	2	1	2	1	0	0	2	1
plain	2129	1917	3	3	1	3	1	3	1	3	1	3	1	3	1
plain	1320	1193	2	2	1	3	0	2	1	2	1	3	0	2	1
plain	1840	1662	1	2	0	0	0	0	0	0	0	0	0	2	0
plain	1913	1726	2	2	1	3	0	1	0	2	1	0	0	2	1
plain	2522	2280	3	3	1	0	0	2	0	1	0	1	0	3	1
plain	1717	1552	2	2	1	0	0	2	1	2	1	2	1	2	1
plain	719	654	0	0	1	0	1	0	1	0	1	0	1	0	1
plain	1866	1683	2	2	1	2	1	2	1	2	1	2	1	2	1
plain	402	370	0	0	1	0	1	0	1	0	1	0	1	0	1
plain	2100	1889	3	3	1	1	0	0	0	3	1	0	0	3	1
plain	1025	932	0	0	1	0	1	1	0	2	0	1	0	0	1
plain	1019	927	0	0	1	2	0	1	0	1	0	1	0	0	1
plain	931	852	2	0	0	0	0	0	0	0	0	0	0	0	0
plain	1528	1386	0	0	1	2	0	0	1	1	0	0	1	0	1
plain	227	209	0	0	1	0	1	0	1	0	1	0	1	0	1
plain	2564	2318	2	2	1	1	0	2	1	2	1	0	0	2	1
plain	1974	1782	1	1	1	2	0	0	0	2	0	2	0	1	1
plain	1976	1782	2	2	1	2	1	2	1	2	1	2	1	2	1
plain	1975	1782	2	2	1	2	1	2	1	2	1	2	1	2	1
plain	1207	1094	2	2	1	0	0	3	0	2	1	2	1	2	1
plain	223	205	1	1	1	1	1	1	1	1	1	1	1	1	1
plain	660	601	0	0	1	0	1	3	0	0	1	0	1	0	1
plain	2543	2300	3	0	0	2	0	0	0	0	0	0	0	0	0
plain	945	866	1	1	1	0	0	3	0	1	1	1	1	1	1
plain	415	382	3	3	1	3	1	3	1	3	1	3	1	3	1
plain	901	824	2	2	1	2	1	2	1	2	1	2	1	2	1
plain	602	545	3	3	1	0	0	0	0	3	1	3	1	3	1
plain	1813	1638	1	1	1	1	1	1	1	1	1	1	1	1	1
plain	1251	1132	1	1	1	2	0	0	0	1	1	1	1	1	1
plain	1267	1145	0	0	1	3	0	2	0	0	1	0	1	0	1
plain	771	703	0	0	1	3	0	1	0	3	0	2	0	0	1
plain	1891	1706	3	3	1	1	0	0	0	3	1	3	1	0	0
plain	806	738	3	3	1	0	0	2	0	0	0	0	0	3	1
plain	1648	1491	2	0	0	0	0	0	0	0	0	0	0	0	0
plain	1649	1491	1	1	1	0	0	1	1	0	0	3	0	1	1
plain	1688	1527	2	2	1	0	0	1	0	1	0	1	0	0	0
plain	1305	1181	1	1	1	0	0	0	0	1	1	1	1	1	1
plain	692	630	2	2	1	2	1	2	1	2	1	2	1	2	1
plain	941	862	1	1	1	3	0	3	0	3	0	3	0	1	1
plain	261	241	0	0	1	3	0	3	0	0	1	0	1	3	0
plain	1109	1006	0	0	1	0	1	0	1	0	1	0	1	0	1
plain	2243	2023	0	2	0	2	0	2	0	2	0	2	0	2	0
plain	1722	1556	3	2	0	2	0	2	0	2	0	2	0	3	1
plain	2557	2311	0	0	1	0	1	0	1	0	1	1	0	0	1
plain	2599	2351	2	2	1	2	1	0	0	2	1	2	1	2	1
plain	610	553	2	2	1	1	0	2	1	1	0	1	0	1	0
plain	300	279	3	3	1	3	1	1	0	3	1	3	1	3	1
plain	245	225	3	0	0	3	1	3	1	3	1	1	0	0	0
plain	1505	1365	1	1	1	1	1	3	0	1	1	1	1	1	1
plain	1506	1365	1	1	1	0	0	3	0	0	0	1	1	1	1
plain	2134	1922	2	2	1	2	1	1	0	2	1	2	1	2	1
plain	1667	1509	1	1	1	2	0	3	0	1	1	2	0	1	1
plain	1668	1509	0	0	1	0	1	1	0	0	1	0	1	0	1
plain	652	593	0	0	1	2	0	1	0	0	1	0	1	0	1
plain	2218	2000	2	2	1	2	1	2	1	2	1	2	1	2	1
plain	248	228	1	1	1	3	0	1	1	3	0	3	0	1	1
plain	206	188	2	2	1	2	1	2	1	2	1	2	1	2	1
plain	856	782	2	2	1	2	1	2	1	2	1	2	1	2	1
plain	2232	2012	0	0	1	3	0	3	0	0	1	3	0	0	1
plain	304	283	1	1	1	1	1	1	1	1	1	1	1	1	1
plain	2188	1970	2	2	1	2	1	2	1	2	1	2	1	2	1
plain	113	108	1	0	0	0	0	3	0	0	0	0	0	0	0
plain	796	728	0	0	1	0	1	3	0	0	1	0	1	0	1
plain	499	450	1	1	1	1	1	1	1	1	1	1	1	1	1
plain	160	147	2	2	1	2	1	2	1	2	1	2	1	2	1
plain	81	80	3	3	1	2	0	1	0	3	1	1	0	3	1
plain	82	80	2	2	1	0	0	2	1	2	1	2	1	2	1
plain	1307	1182	0	0	1	2	0	2	0	2	0	3	0	0	1
plain	401	369	0	0	1	0	1	0	1	0	1	0	1	0	1
plain	1066	967	0	0	1	1	0	1	0	1	0	0	1	0	1
plain	673	612	0	0	1	2	0	2	0	0	1	0	1	0	1
plain	672	612	3	3	1	2	0	2	0	3	1	1	0	3	1
plain	1028	935	3	3	1	3	1	2	0	0	0	1	0	3	1
plain	1029	935	3	3	1	3	1	1	0	3	1	3	1	3	1
plain	1167	1059	0	0	1	2	0	2	0	1	0	1	0	0	1
plain	2317	2091	1	1	1	2	0	1	1	1	1	1	1	1	1
plain	873	798	1	1	1	1	1	1	1	1	1	1	1	1	1
plain	1358	1228	1	1	1	1	1	1	1	1	1	1	1	1	1
plain	1359	1228	0	1	0	0	1	0	1	0	1	0	1	1	0
plain	1739	1571	0	0	1	0	1	0	1	0	1	0	1	0	1
plain	1511	1370	2	2	1	2	1	1	0	1	0	1	0	2	1
plain	1804	1629	0	0	1	0	1	3	0	0	1	0	1	0	1
plain	2584	2336	2	2	1	2	1	1	0	2	1	2	1	2	1
plain	369	340	1	2	0	2	0	1	1	2	0	2	0	2	0
plain	1498	1358	3	3	1	1	0	2	0	1	0	1	0	3	1
plain	356	328	3	3	1	3	1	3	1	3	1	3	1	3	1
plain	818	748	0	0	1	2	0	2	0	2	0	0	1	0	1
plain	1806	1631	0	0	1	0	1	0	1	0	1	0	1	0	1
plain	1777	1605	3	3	1	1	0	0	0	3	1	0	0	3	1
plain	26	27	3	3	1	2	0	0	0	3	1	3	1	3	1
plain	1776	1604	3	3	1	3	1	3	1	0	0	3	1	3	1
plain	1849	1670	3	3	1	1	0	1	0	1	0	1	0	3	1
plain	221	203	1	0	0	0	0	2	0	1	1	0	0	0	0
plain	2457	2217	0	0	1	2	0	2	0	2	0	0	1	0	1
plain	1210	1097	1	1	1	1	1	1	1	1	1	1	1	2	0
plain	1190	1081	3	1	0	1	0	0	0	1	0	2	0	1	0
plain	1191	1081	3	3	1	0	0	0	0	3	1	3	1	3	1
plain	2367	2133	2	2	1	2	1	1	0	2	1	2	1	2	1
plain	888	813	1	0	0	0	0	1	1	0	0	0	0	0	0
plain	2155	1938	2	2	1	3	0	0	0	3	0	3	0	2	1
plain	234	216	2	3	0	2	1	2	1	2	1	2	1	3	0
plain	574	518	0	0	1	1	0	0	1	0	1	0	1	0	1
plain	2176	1959	2	2	1	3	0	0	0	0	0	3	0	2	1
plain	1716	1551	2	2	1	1	0	1	0	1	0	3	0	2	1
plain	865	791	3	3	1	3	1	0	0	3	1	3	1	3	1
plain	1715	1551	3	3	1	0	0	2	0	0	0	0	0	1	0
plain	622	563	3	3	1	3	1	0	0	3	1	3	1	3	1
plain	2227	2007	3	3	1	0	0	3	1	3	1	3	1	3	1
plain	2105	1894	0	0	1	0	1	2	0	1	0	0	1	0	1
plain	2361	2127	2	2	1	2	1	2	1	2	1	2	1	2	1
plain	2360	2127	1	1	1	1	1	1	1	1	1	1	1	1	1
plain	1600	1448	3	3	1	3	1	3	1	3	1	3	1	3	1
plain	2231	2011	1	1	1	0	0	2	0	1	1	1	1	1	1
plain	904	827	1	1	1	1	1	2	0	1	1	1	1	1	1
plain	2379	2145	3	3	1	0	0	3	1	0	0	3	1	3	1
plain	775	707	2	2	1	2	1	2	1	2	1	2	1	2	1
plain	385	355	0	0	1	0	1	3	0	0	1	0	1	0	1
plain	1700	1536	3	3	1	3	1	3	1	3	1	3	1	3	1
plain	986	898	3	3	1	3	1	3	1	3	1	3	1	3	1
plain	1821	1645	0	0	1	0	1	0	1	0	1	0	1	0	1
plain	874	799	2	2	1	1	0	2	1	2	1	2	1	2	1
plain	825	755	1	3	0	3	0	3	0	3	0	3	0	2	0
plain	540	489	2	2	1	1	0	3	0	1	0	1	0	2	1
plain	1612	1459	3	3	1	2	0	2	0	3	1	3	1	3	1
plain	803	735	1	1	1	1	1	1	1	1	1	1	1	1	1
plain	1593	1441	3	3	1	3	1	0	0	3	1	1	0	3	1
plain	2492	2252	3	3	1	2	0	2	0	2	0	3	1	3	1
plain	1823	1647	0	0	1	0	1	0	1	0	1	0	1	0	1
plain	1421	1288	0	2	0	3	0	3	0	3	0	3	0	2	0
plain	713	650	2	2	1	1	0	1	0	3	0	3	0	2	1
plain	1928	1738	0	0	1	0	1	1	0	0	1	0	1	0	1
plain	1388	1256	1	2	0	2	0	2	0	2	0	2	0	2	0
plain	1709	1545	2	2	1	2	1	2	1	2	1	2	1	2	1
plain	2434	2196	3	3	1	0	0	3	1	0	0	0	0	3	1
plain	784	716	0	0	1	0	1	0	1	0	1	0	1	0	1
plain	546	494	0	0	1	0	1	3	0	0	1	0	1	0	1
plain	420	386	3	0	0	1	0	1	0	2	0	2	0	0	0
plain	1250	1131	3	3	1	0	0	1	0	3	1	0	0	3	1
plain	1620	1466	3	3	1	3	1	0	0	3	1	3	1	3	1
plain	285	264	2	2	1	2	1	2	1	2	1	2	1	2	1
plain	21	22	1	3	0	1	1	1	1	3	0	1	1	3	0
plain	29	29	2	2	1	3	0	2	1	2	1	2	1	2	1
plain	317	295	0	0	1	3	0	1	0	3	0	0	1	0	1
plain	2518	2276	1	3	0	3	0	1	1	3	0	3	0	1	1
plain	2053	1848	2	2	1	2	1	2	1	2	1	2	1	2	1
plain	815	746	3	3	1	3	1	3	1	1	0	3	1	3	1
plain	2473	2233	2	2	1	2	1	1	0	2	1	2	1	2	1
plain	2289	2064	1	1	1	1	1	1	1	1	1	1	1	1	1
plain	53	52	0	0	1	0	1	2	0	0	1	0	1	0	1
plain	1780	1608	3	2	0	0	0	3	1	1	0	2	0	2	0
plain	1781	1608	2	2	1	2	1	2	1	2	1	2	1	2	1
plain	2409	2173	0	0	1	1	0	3	0	3	0	3	0	0	1
plain	321	298	0	2	0	0	1	1	0	0	1	2	0	0	1
plain	320	298	3	3	1	1	0	3	1	1	0	1	0	3	1
plain	2278	2054	0	0	1	2	0	2	0	2	0	2	0	0	1
plain	1795	1620	0	2	0	1	0	1	0	3	0	1	0	3	0
plain	559	505	1	1	1	0	0	2	0	2	0	2	0	1	1
plain	2534	2291	2	1	0	2	1	2	1	2	1	2	1	1	0
plain	525	475	1	1	1	1	1	1	1	1	1	1	1	1	1
plain	505	456	0	0	1	2	0	0	1	2	0	2	0	0	1
plain	1238	1121	1	1	1	1	1	1	1	2	0	0	0	1	1
plain	1327	1199	2	2	1	2	1	2	1	2	1	2	1	2	1
plain	10	11	2	2	1	2	1	2	1	2	1	2	1	2	1
plain	9	11	0	0	1	0	1	0	1	0	1	0	1	0	1
plain	2343	2112	0	3	0	3	0	1	0	3	0	3	0	3	0
plain	2628	2379	1	1	1	2	0	2	0	1	1	2	0	1	1
plain	1427	1293	3	3	1	2	0	1	0	2	0	2	0	3	1
plain	488	442	3	3	1	3	1	3	1	3	1	3	1	3	1
plain	1682	1521	0	2	0	0	1	2	0	2	0	2	0	2	0
plain	1681	1521	2	2	1	3	0	2	1	3	0	3	0	2	1
plain	991	903	3	3	1	0	0	2	0	0	0	0	0	3	1
plain	996	907	2	2	1	2	1	2	1	2	1	2	1	2	1
plain	918	841	0	0	1	0	1	0	1	0	1	0	1	0	1
plain	1451	1316	3	3	1	3	1	2	0	2	0	3	1	3	1
plain	1800	1625	2	2	1	2	1	2	1	2	1	2	1	2	1
plain	2647	2394	3	3	1	2	0	1	0	3	1	3	1	3	1
plain	739	672	2	1	0	1	0	2	1	1	0	1	0	1	0
plain	1835	1657	1	1	1	1	1	1	1	1	1	1	1	1	1
plain	253	233	3	3	1	3	1	1	0	3	1	3	1	3	1
plain	2219	2001	1	3	0	3	0	3	0	3	0	3	0	3	0
plain	2446	2207	0	0	1	0	1	0	1	0	1	0	1	0	1
plain	614	556	0	0	1	3	0	2	0	2	0	0	1	0	1
plain	1493	1354	1	1	1	1	1	1	1	1	1	1	1	1	1
plain	1744	1575	3	3	1	0	0	1	0	0	0	3	1	3	1
plain	289	268	3	3	1	1	0	2	0	3	1	3	1	3	1
plain	216	198	1	1	1	2	0	3	0	0	0	0	0	1	1
plain	1026	933	0	0	1	0	1	0	1	0	1	0	1	0	1
plain	422	388	0	0	1	0	1	0	1	0	1	0	1	0	1
plain	1449	1314	3	1	0	0	0	0	0	0	0	0	0	1	0
plain	413	380	1	1	1	1	1	1	1	1	1	1	1	1	1
plain	1572	1422	3	3	1	0	0	2	0	2	0	2	0	3	1
plain	1223	1109	2	2	1	2	1	2	1	2	1	2	1	2	1
plain	370	341	0	0	1	0	1	0	1	0	1	0	1	0	1
plain	1599	1447	1	1	1	1	1	1	1	1	1	1	1	1	1
plain	1008	919	3	3	1	1	0	2	0	1	0	1	0	1	0
plain	978	891	1	1	1	1	1	1	1	1	1	1	1	1	1
plain	1313	1186	1	1	1	0	0	1	1	1	1	0	0	1	1
plain	2108	1897	3	3	1	3	1	3	1	1	0	0	0	3	1
plain	522	472	1	1	1	2	0	2	0	1	1	1	1	1	1
plain	1854	1674	0	0	1	0	1	0	1	0	1	0	1	0	1
plain	2161	1944	1	1	1	1	1	2	0	1	1	1	1	0	0
plain	1503	1363	0	0	1	3	0	0	1	0	1	3	0	0	1
plain	1704	1540	1	1	1	0	0	3	0	1	1	1	1	1	1
plain	1410	1277	1	1	1	1	1	1	1	1	1	1	1	1	1
plain	1027	934	2	1	0	0	0	0	0	2	1	2	1	1	0
plain	1232	1116	3	3	1	3	1	3	1	3	1	3	1	3	1
plain	1231	1116	2	2	1	2	1	2	1	2	1	2	1	2	1
plain	136	127	3	3	1	3	1	1	0	3	1	3	1	3	1
plain	536	486	3	3	1	0	0	2	0	0	0	2	0	3	1
plain	655	596	0	0	1	2	0	2	0	0	1	0	1	0	1
plain	626	567	2	0	0	2	1	2	1	2	1	2	1	0	0
plain	6	8	0	1	0	1	0	1	0	1	0	1	0	1	0
plain	463	422	1	1	1	1	1	1	1	1	1	2	0	1	1
plain	2593	2345	3	3	1	3	1	2	0	3	1	3	1	3	1
plain	1896	1711	2	2	1	1	0	1	0	3	0	1	0	2	1
plain	1292	1168	0	0	1	2	0	3	0	0	1	0	1	0	1
plain	1173	1065	3	3	1	2	0	2	0	1	0	3	1	3	1
plain	2387	2153	2	3	0	3	0	1	0	3	0	3	0	2	1
plain	648	589	3	3	1	3	1	0	0	3	1	3	1	3	1
plain	172	156	1	1	1	3	0	0	0	3	0	1	1	1	1
plain	1010	921	3	3	1	1	0	3	1	1	0	1	0	1	0
plain	2103	1892	3	2	0	2	0	1	0	1	0	1	0	2	0
plain	1723	1557	2	0	0	2	1	3	0	2	1	2	1	2	1
plain	2302	2076	2	3	0	3	0	0	0	3	0	3	0	3	0
plain	274	253	2	2	1	1	0	2	1	2	1	2	1	2	1
plain	255	235	3	3	1	2	0	1	0	3	1	2	0	3	1
plain	2110	1899	0	0	1	0	1	0	1	0	1	0	1	0	1
plain	2303	2077	3	0	0	2	0	0	0	0	0	0	0	0	0
plain	2633	2383	2	2	1	3	0	3	0	2	1	3	0	2	1
plain	1130	1025	0	0	1	0	1	3	0	0	1	0	1	0	1
plain	1462	1327	3	3	1	2	0	3	1	1	0	2	0	3	1
plain	2245	2025	0	0	1	0	1	0	1	0	1	0	1	0	1
plain	882	807	2	2	1	2	1	2	1	2	1	2	1	2	1
plain	1932	1742	3	3	1	0	0	0	0	0	0	0	0	3	1
plain	1697	1534	3	3	1	0	0	1	0	3	1	1	0	3	1
plain	1147	1041	3	3	1	3	1	1	0	3	1	3	1	3	1
plain	693	631	2	2	1	2	1	0	0	0	0	2	1	2	1
plain	1741	1572	1	1	1	1	1	1	1	1	1	1	1	1	1
plain	1243	1124	1	2	0	2	0	0	0	0	0	0	0	2	0
plain	1740	1572	0	2	0	2	0	1	0	2	0	2	0	2	0
plain	804	736	3	3	1	1	0	1	0	1	0	0	0	3	1
plain	1527	1385	2	2	1	0	0	2	1	2	1	2	1	2	1
plain	889	814	1	1	1	1	1	1	1	1	1	1	1	1	1
plain	1766	1595	3	3	1	3	1	3	1	3	1	3	1	3	1
plain	2112	1901	1	1	1	0	0	0	0	0	0	0	0	0	0
plain	1111	1008	3	3	1	3	1	3	1	3	1	3	1	3	1
plain	1370	1239	2	1	0	1	0	3	0	1	0	1	0	1	0
plain	1507	1366	3	0	0	2	0	0	0	3	1	3	1	3	1
plain	2197	1979	3	3	1	1	0	3	1	3	1	3	1	3	1
plain	1746	1577	1	2	0	1	1	2	0	1	1	1	1	1	1
plain	988	900	2	2	1	1	0	1	0	2	1	2	1	2	1
plain	1089	988	2	2	1	2	1	2	1	2	1	2	1	2	1
plain	1088	988	1	1	1	0	0	2	0	1	1	0	0	2	0
plain	585	528	2	1	0	0	0	2	1	0	0	0	0	1	0
plain	1679	1519	2	2	1	2	1	2	1	2	1	2	1	2	1
plain	350	322	3	3	1	3	1	3	1	3	1	3	1	3	1
plain	2375	2141	3	3	1	0	0	0	0	0	0	0	0	3	1
plain	678	617	3	0	0	0	0	0	0	0	0	0	0	0	0
plain	1542	1398	1	3	0	3	0	3	0	3	0	3	0	3	0
plain	682	621	2	2	1	1	0	3	0	2	1	2	1	2	1
plain	2420	2182	2	2	1	3	0	0	0	2	1	3	0	3	0
plain	744	677	3	3	1	3	1	0	0	1	0	1	0	3	1
plain	2186	1968	1	3	0	0	0	1	1	0	0	0	0	3	0
plain	1131	1026	0	0	1	0	1	0	1	0	1	0	1	0	1
plain	2212	1994	3	3	1	3	1	3	1	3	1	3	1	3	1
plain	644	585	0	0	1	3	0	3	0	0	1	1	0	0	1
plain	1481	1344	0	0	1	0	1	0	1	0	1	0	1	0	1
plain	788	720	3	3	1	0	0	2	0	3	1	3	1	3	1
plain	1802	1627	2	2	1	3	0	2	1	3	0	1	0	3	0
plain	175	159	3	0	0	1	0	0	0	0	0	0	0	0	0
plain	2076	1867	1	1	1	1	1	1	1	1	1	1	1	1	1
plain	1710	1546	3	3	1	3	1	2	0	3	1	3	1	3	1
plain	2592	2344	2	2	1	2	1	2	1	2	1	2	1	2	1
plain	2489	2249	2	2	1	2	1	2	1	2	1	2	1	2	1
plain	2525	2282	2	2	1	2	1	2	1	2	1	2	1	2	1
plain	2565	2319	2	2	1	2	1	2	1	2	1	2	1	2	1
plain	2517	2275	2	2	1	1	0	2	1	2	1	2	1	2	1
plain	606	549	3	3	1	1	0	1	0	1	0	1	0	3	1
plain	73	72	2	2	1	3	0	1	0	1	0	1	0	2	1
plain	1085	985	0	0	1	3	0	3	0	3	0	0	1	0	1
plain	2545	2302	2	2	1	3	0	0	0	2	1	2	1	2	1
plain	823	753	0	0	1	3	0	0	1	0	1	3	0	0	1
plain	645	586	1	1	1	1	1	1	1	0	0	0	0	1	1
plain	1632	1477	2	2	1	1	0	2	1	2	1	2	1	2	1
plain	2261	2038	2	2	1	2	1	2	1	0	0	2	1	2	1
plain	2535	2292	1	1	1	1	1	1	1	1	1	1	1	1	1
plain	1494	1355	1	1	1	1	1	1	1	1	1	1	1	1	1
plain	212	194	2	2	1	0	0	1	0	2	1	2	1	2	1
plain	746	679	2	2	1	2	1	0	0	2	1	2	1	2	1
plain	2401	2166	1	2	0	2	0	1	1	2	0	0	0	2	0
plain	2310	2084	0	0	1	0	1	0	1	0	1	0	1	0	1
plain	1431	1297	2	2	1	1	0	1	0	2	1	2	1	2	1
plain	1459	1324	0	0	1	0	1	2	0	0	1	0	1	0	1
plain	2356	2124	1	1	1	1	1	1	1	1	1	1	1	1	1
plain	730	664	1	1	1	0	0	2	0	3	0	3	0	1	1
plain	2357	2124	0	0	1	0	1	0	1	0	1	0	1	0	1
plain	1274	1152	0	0	1	1	0	1	0	0	1	0	1	0	1
plain	80	79	0	3	0	0	1	3	0	0	1	0	1	0	1
plain	1755	1585	0	2	0	2	0	2	0	2	0	0	1	2	0
plain	102	97	3	3	1	1	0	2	0	3	1	3	1	3	1
plain	2345	2114	0	0	1	0	1	0	1	0	1	0	1	0	1
plain	997	908	0	0	1	0	1	2	0	0	1	0	1	0	1
plain	1627	1472	2	2	1	2	1	0	0	2	1	2	1	2	1
plain	1863	1682	0	0	1	1	0	1	0	1	0	1	0	0	1
plain	1208	1095	2	2	1	2	1	2	1	2	1	2	1	2	1
plain	2589	2341	1	2	0	2	0	3	0	2	0	2	0	2	0
plain	1078	979	1	1	1	3	0	1	1	1	1	2	0	3	0
plain	1703	1539	0	0	1	1	0	1	0	0	1	0	1	0	1
plain	1952	1761	3	3	1	3	1	3	1	3	1	3	1	3	1
plain	2136	1924	1	1	1	2	0	3	0	1	1	1	1	1	1
plain	2246	2026	0	3	0	0	1	0	1	3	0	0	1	3	0
plain	1225	1111	1	1	1	1	1	1	1	1	1	1	1	1	1
plain	2609	2361	2	2	1	3	0	2	1	2	1	2	1	2	1
plain	1526	1384	2	0	0	0	0	1	0	0	0	0	0	0	0
plain	2180	1963	2	2	1	0	0	0	0	0	0	2	1	2	1
plain	208	190	3	3	1	3	1	3	1	3	1	3	1	3	1
plain	1193	1083	2	2	1	2	1	0	0	2	1	2	1	2	1
plain	896	820	2	2	1	3	0	0	0	2	1	2	1	2	1
plain	572	516	2	2	1	3	0	2	1	2	1	2	1	2	1
plain	571	516	1	1	1	0	0	2	0	1	1	1	1	1	1
plain	500	451	3	3	1	3	1	3	1	3	1	3	1	3	1
plain	209	191	1	1	1	1	1	1	1	1	1	1	1	1	1
plain	1239	1122	3	1	0	1	0	3	1	1	0	1	0	1	0
plain	1240	1122	3	0	0	3	1	0	0	0	0	0	0	0	0
plain	352	324	3	3	1	2	0	3	1	3	1	3	1	3	1
plain	1680	1520	3	3	1	3	1	2	0	3	1	3	1	3	1
plain	1056	958	1	1	1	1	1	1	1	1	1	1	1	1	1
plain	1456	1321	1	1	1	3	0	3	0	1	1	1	1	1	1
plain	483	438	0	0	1	3	0	3	0	0	1	0	1	0	1
plain	244	224	0	2	0	3	0	1	0	3	0	3	0	2	0
plain	548	496	1	1	1	1	1	1	1	3	0	1	1	1	1
plain	1669	1510	2	2	1	2	1	2	1	2	1	3	0	2	1
plain	2170	1953	2	0	0	3	0	2	1	0	0	0	0	3	0
plain	1583	1432	2	2	1	2	1	2	1	2	1	2	1	2	1
plain	1905	1719	3	3	1	3	1	2	0	3	1	3	1	3	1
plain	1544	1400	2	2	1	2	1	2	1	2	1	2	1	2	1
plain	1843	1664	2	2	1	2	1	2	1	2	1	2	1	2	1
plain	1471	1335	0	0	1	0	1	0	1	0	1	0	1	0	1
plain	2390	2156	2	2	1	2	1	3	0	2	1	2	1	2	1
plain	1135	1030	1	1	1	1	1	2	0	1	1	1	1	1	1
plain	1953	1762	0	1	0	1	0	1	0	1	0	1	0	1	0
plain	1387	1255	2	2	1	3	0	0	0	2	1	2	1	2	1
plain	759	692	0	0	1	3	0	1	0	3	0	3	0	0	1
plain	637	578	0	1	0	0	1	3	0	0	1	1	0	3	0
plain	871	796	1	2	0	2	0	2	0	2	0	2	0	2	0
plain	139	130	1	1	1	3	0	1	1	1	1	1	1	1	1
plain	224	206	0	0	1	1	0	0	1	2	0	2	0	0	1
plain	1287	1163	0	0	1	0	1	3	0	0	1	0	1	0	1
plain	686	625	0	0	1	0	1	2	0	0	1	0	1	0	1
plain	339	311	3	3	1	3	1	3	1	3	1	3	1	3	1
plain	478	433	3	1	0	0	0	1	0	1	0	0	0	1	0
plain	1826	1650	3	3	1	3	1	1	0	3	1	3	1	3	1
plain	879	804	0	0	1	1	0	0	1	1	0	2	0	0	1
plain	630	571	0	0	1	2	0	3	0	0	1	0	1	0	1
plain	1068	969	0	0	1	2	0	2	0	2	0	2	0	0	1
plain	31	31	3	3	1	3	1	3	1	3	1	3	1	3	1
plain	547	495	3	3	1	2	0	3	1	2	0	2	0	3	1
plain	1830	1654	1	1	1	2	0	1	1	1	1	2	0	1	1
plain	2398	2163	2	3	0	2	1	2	1	2	1	2	1	3	0
plain	1651	1493	3	3	1	3	1	3	1	3	1	3	1	3	1
plain	1483	1346	1	0	0	0	0	0	0	0	0	0	0	0	0
plain	1484	1346	3	3	1	2	0	2	0	3	1	3	1	3	1
plain	1772	1601	0	0	1	2	0	2	0	0	1	0	1	0	1
plain	698	635	3	3	1	1	0	2	0	3	1	3	1	3	1
plain	2549	2306	1	0	0	1	1	1	1	0	0	0	0	0	0
plain	1289	1165	3	0	0	1	0	1	0	1	0	1	0	1	0
plain	1773	1602	1	1	1	1	1	2	0	2	0	1	1	1	1
plain	2504	2263	1	2	0	2	0	2	0	1	1	1	1	2	0
plain	2578	2330	0	0	1	0	1	0	1	0	1	0	1	0	1
plain	506	457	0	0	1	0	1	3	0	2	0	2	0	0	1
plain	1678	1518	1	1	1	3	0	0	0	1	1	1	1	1	1
plain	837	764	2	2	1	2	1	1	0	1	0	1	0	2	1
plain	1659	1501	0	0	1	0	1	3	0	0	1	0	1	0	1
plain	2220	2002	1	1	1	1	1	2	0	1	1	1	1	1	1
plain	763	696	3	3	1	3	1	3	1	3	1	1	0	3	1
plain	1126	1021	2	2	1	1	0	3	0	2	1	3	0	2	1
plain	185	168	3	3	1	3	1	3	1	3	1	3	1	3	1
plain	186	168	0	0	1	0	1	2	0	0	1	0	1	0	1
plain	1203	1092	0	0	1	0	1	0	1	0	1	0	1	0	1
plain	1635	1480	3	3	1	3	1	3	1	3	1	3	1	3	1
plain	2332	2104	3	3	1	3	1	3	1	3	1	3	1	3	1
plain	106	101	1	1	1	1	1	2	0	2	0	0	0	1	1
plain	1046	949	2	3	0	2	1	2	1	3	0	2	1	3	0
plain	48	48	3	3	1	1	0	0	0	3	1	3	1	3	1
plain	2393	2159	1	1	1	1	1	1	1	1	1	1	1	1	1
plain	442	406	0	0	1	0	1	1	0	0	1	0	1	0	1
plain	191	173	3	3	1	3	1	0	0	3	1	3	1	3	1
plain	164	150	0	0	1	3	0	3	0	3	0	3	0	0	1
plain	808	739	0	0	1	2	0	1	0	2	0	2	0	0	1
plain	1770	1599	0	0	1	0	1	0	1	0	1	0	1	0	1
plain	1115	1012	0	0	1	0	1	0	1	0	1	0	1	0	1
plain	1944	1754	3	0	0	1	0	0	0	1	0	1	0	0	0
plain	1286	1162	0	0	1	0	1	0	1	0	1	0	1	0	1
plain	1869	1686	2	1	0	3	0	2	1	3	0	1	0	1	0
plain	1023	930	2	2	1	2	1	3	0	2	1	2	1	2	1
plain	712	649	0	2	0	2	0	0	1	0	1	0	1	0	1
plain	2624	2376	2	2	1	2	1	2	1	2	1	1	0	2	1
plain	1548	1404	0	0	1	1	0	3	0	0	1	0	1	0	1
plain	2046	1842	0	0	1	1	0	0	1	0	1	0	1	0	1
plain	2042	1839	0	3	0	3	0	0	1	3	0	3	0	3	0
plain	251	231	2	2	1	2	1	2	1	2	1	2	1	2	1
plain	150	138	2	2	1	0	0	1	0	3	0	3	0	0	0
plain	757	690	1	0	0	0	0	0	0	2	0	1	1	0	0
plain	2315	2089	2	1	0	2	1	2	1	0	0	0	0	0	0
plain	1161	1053	0	3	0	1	0	3	0	3	0	3	0	3	0
plain	47	47	1	1	1	1	1	1	1	1	1	1	1	1	1
plain	2118	1907	0	0	1	0	1	1	0	0	1	0	1	0	1
plain	740	673	2	2	1	0	0	0	0	2	1	0	0	2	1
plain	2293	2068	3	3	1	3	1	3	1	3	1	3	1	3	1
plain	1332	1204	3	3	1	1	0	1	0	3	1	3	1	3	1
plain	928	849	2	2	1	2	1	1	0	2	1	2	1	2	1
plain	1870	1687	0	0	1	1	0	3	0	0	1	0	1	1	0
plain	295	274	3	3	1	1	0	3	1	3	1	3	1	3	1
plain	2531	2288	3	3	1	3	1	0	0	3	1	3	1	3	1
plain	1059	960	3	2	0	2	0	3	1	3	1	2	0	2	0
plain	1997	1801	0	0	1	0	1	2	0	0	1	0	1	0	1
plain	1576	1425	0	0	1	0	1	3	0	0	1	0	1	0	1
plain	474	430	2	2	1	1	0	1	0	2	1	1	0	2	1
plain	1962	1770	0	0	1	0	1	2	0	0	1	0	1	0	1
plain	1071	972	0	0	1	0	1	2	0	0	1	3	0	0	1
plain	2532	2289	1	1	1	1	1	2	0	3	0	0	0	1	1
plain	2404	2168	0	0	1	2	0	2	0	0	1	0	1	0	1
plain	1595	1443	2	2	1	3	0	0	0	2	1	2	1	2	1
plain	2268	2044	1	1	1	0	0	0	0	1	1	1	1	1	1
plain	1879	1696	1	1	1	0	0	0	0	1	1	1	1	1	1
plain	1178	1070	0	0	1	1	0	2	0	0	1	0	1	2	0
plain	1412	1279	3	3	1	1	0	0	0	3	1	3	1	3	1
plain	1346	1216	1	3	0	3	0	3	0	1	1	3	0	3	0
plain	511	461	3	3	1	3	1	3	1	3	1	3	1	3	1
plain	1006	917	1	0	0	1	1	0	0	0	0	0	0	0	0
plain	1197	1086	3	3	1	3	1	3	1	3	1	3	1	3	1
plain	2275	2051	3	3	1	3	1	3	1	3	1	3	1	3	1
plain	2205	1987	0	0	1	1	0	1	0	0	1	1	0	0	1
plain	1768	1597	1	1	1	2	0	2	0	3	0	2	0	1	1
plain	578	522	2	2	1	3	0	2	1	2	1	2	1	2	1
plain	1606	1454	0	0	1	0	1	0	1	0	1	0	1	0	1
plain	2648	2395	0	0	1	1	0	0	1	3	0	3	0	0	1
plain	2120	1909	2	2	1	3	0	1	0	2	1	2	1	2	1
plain	1262	1140	0	0	1	2	0	2	0	2	0	0	1	0	1
plain	1261	1140	2	2	1	2	1	2	1	2	1	2	1	2	1
plain	241	222	3	3	1	2	0	3	1	3	1	3	1	0	0
plain	358	329	2	2	1	1	0	2	1	3	0	2	1	2	1
plain	357	329	2	2	1	2	1	3	0	2	1	2	1	2	1
plain	635	576	2	2	1	0	0	3	0	3	0	2	1	2	1
plain	526	476	1	1	1	3	0	3	0	1	1	3	0	1	1
plain	74	73	0	0	1	0	1	0	1	0	1	0	1	0	1
plain	476	432	2	2	1	1	0	2	1	2	1	2	1	2	1
plain	98	95	1	1	1	1	1	1	1	1	1	1	1	1	1
plain	2287	2062	2	2	1	2	1	2	1	2	1	2	1	2	1
plain	2428	2190	1	0	0	0	0	0	0	0	0	0	0	0	0
plain	316	294	3	3	1	1	0	1	0	1	0	1	0	3	1
plain	2229	2009	1	1	1	3	0	0	0	3	0	3	0	3	0
plain	2569	2323	3	3	1	2	0	2	0	3	1	3	1	3	1
plain	1038	943	3	3	1	3	1	0	0	1	0	3	1	3	1
plain	1957	1766	1	1	1	2	0	2	0	2	0	0	0	2	0
plain	2430	2192	1	3	0	2	0	3	0	3	0	3	0	3	0
plain	1551	1407	2	2	1	0	0	0	0	3	0	0	0	2	1
plain	472	429	1	1	1	2	0	2	0	2	0	2	0	1	1
plain	473	429	0	2	0	3	0	2	0	2	0	3	0	1	0
plain	2447	2208	0	0	1	3	0	1	0	0	1	0	1	0	1
plain	2195	1977	1	1	1	1	1	0	0	0	0	0	0	1	1
plain	491	445	1	1	1	1	1	0	0	1	1	1	1	1	1
plain	1594	1442	0	0	1	3	0	3	0	3	0	0	1	0	1
plain	7	9	3	3	1	3	1	3	1	3	1	3	1	3	1
plain	42	42	0	0	1	3	0	3	0	0	1	1	0	0	1
plain	593	536	0	0	1	1	0	1	0	1	0	1	0	0	1
plain	2101	1890	1	1	1	1	1	1	1	1	1	1	1	1	1
plain	346	318	3	1	0	1	0	1	0	1	0	1	0	1	0
plain	1603	1451	3	2	0	2	0	2	0	2	0	2	0	2	0
plain	2619	2371	0	3	0	3	0	3	0	3	0	3	0	3	0
plain	1083	983	2	2	1	3	0	3	0	3	0	3	0	2	1
plain	1692	1530	0	0	1	0	1	0	1	0	1	0	1	0	1
plain	52	51	0	2	0	1	0	1	0	0	1	2	0	2	0
plain	1801	1626	3	3	1	3	1	3	1	3	1	3	1	3	1
plain	533	483	2	2	1	3	0	0	0	2	1	2	1	2	1
plain	845	772	2	1	0	3	0	3	0	3	0	3	0	2	1
plain	674	613	1	1	1	1	1	1	1	1	1	2	0	1	1
plain	582	525	1	1	1	1	1	1	1	1	1	1	1	1	1
plain	1125	1020	0	0	1	0	1	0	1	0	1	0	1	0	1
plain	393	362	1	1	1	1	1	1	1	1	1	0	0	1	1
plain	1480	1343	1	1	1	0	0	0	0	0	0	0	0	1	1
plain	1690	1528	1	1	1	1	1	0	0	1	1	1	1	1	1
plain	1689	1528	0	0	1	3	0	3	0	3	0	3	0	0	1
plain	377	347	3	1	0	0	0	2	0	0	0	0	0	2	0
plain	252	232	1	1	1	1	1	1	1	0	0	1	1	1	1
plain	1708	1544	1	1	1	3	0	1	1	1	1	1	1	1	1
plain	701	638	0	1	0	0	1	2	0	1	0	1	0	1	0
plain	836	763	2	2	1	2	1	2	1	2	1	2	1	2	1
plain	563	509	0	3	0	1	0	3	0	3	0	3	0	3	0
plain	2	4	0	2	0	2	0	0	1	2	0	2	0	0	1
plain	785	717	1	1	1	1	1	1	1	2	0	3	0	1	1
plain	1968	1776	1	1	1	0	0	1	1	0	0	0	0	1	1
plain	1584	1433	3	3	1	3	1	3	1	3	1	3	1	3	1
plain	1924	1735	2	2	1	2	1	2	1	1	0	2	1	2	1
plain	2494	2254	3	3	1	1	0	2	0	3	1	3	1	3	1
plain	204	186	0	0	1	3	0	0	1	0	1	0	1	0	1
plain	2241	2021	0	3	0	0	1	0	1	0	1	0	1	3	0
plain	544	492	1	2	0	0	0	2	0	2	0	1	1	2	0
plain	1673	1514	3	3	1	0	0	0	0	3	1	3	1	3	1
plain	2013	1814	1	1	1	1	1	1	1	1	1	1	1	1	1
plain	2059	1853	3	3	1	3	1	3	1	3	1	3	1	3	1
plain	691	629	3	3	1	3	1	3	1	0	0	3	1	3	1
plain	1810	1635	2	2	1	0	0	0	0	0	0	0	0	2	1
plain	2472	2232	2	2	1	1	0	2	1	1	0	3	0	2	1
plain	881	806	2	2	1	3	0	3	0	3	0	2	1	2	1
plain	1095	993	3	3	1	3	1	3	1	3	1	3	1	3	1
plain	2352	2120	1	3	0	3	0	3	0	3	0	3	0	1	1
plain	1695	1532	1	1	1	0	0	0	0	1	1	1	1	1	1
plain	2386	2152	3	3	1	3	1	3	1	3	1	3	1	3	1
plain	1510	1369	2	0	0	2	1	1	0	2	1	2	1	0	0
plain	1363	1232	1	3	0	1	1	3	0	1	1	3	0	1	1
plain	1881	1698	0	3	0	0	1	3	0	0	1	0	1	3	0
plain	2201	1983	3	3	1	1	0	1	0	3	1	3	1	3	1
plain	112	107	1	1	1	1	1	1	1	1	1	3	0	1	1
plain	2113	1902	0	2	0	2	0	2	0	2	0	0	1	2	0
plain	453	416	3	3	1	0	0	0	0	0	0	3	1	3	1
plain	43	43	3	3	1	3	1	2	0	3	1	3	1	3	1
plain	232	214	0	0	1	3	0	0	1	0	1	0	1	0	1
plain	1622	1468	3	3	1	3	1	3	1	3	1	3	1	3	1
plain	538	487	3	3	1	3	1	2	0	2	0	2	0	3	1
plain	847	774	3	3	1	2	0	1	0	3	1	3	1	3	1
plain	2560	2314	3	3	1	0	0	3	1	3	1	3	1	3	1
plain	1986	1791	1	1	1	0	0	1	1	0	0	1	1	1	1
plain	1752	1582	3	3	1	1	0	3	1	3	1	3	1	3	1
plain	1751	1582	0	3	0	3	0	3	0	3	0	0	1	3	0
plain	612	555	1	1	1	3	0	3	0	1	1	3	0	1	1
plain	1214	1101	1	1	1	1	1	1	1	2	0	2	0	1	1
plain	280	259	1	1	1	0	0	3	0	1	1	0	0	1	1
plain	178	162	0	0	1	0	1	0	1	0	1	0	1	0	1
plain	502	453	1	1	1	2	0	2	0	1	1	1	1	1	1
plain	2262	2039	1	1	1	1	1	0	0	1	1	3	0	1	1
plain	2424	2186	3	3	1	1	0	3	1	3	1	3	1	3	1
plain	202	184	1	1	1	1	1	1	1	1	1	1	1	1	1
plain	154	141	1	1	1	2	0	3	0	1	1	3	0	1	1
plain	1465	1330	3	3	1	2	0	1	0	3	1	1	0	3	1
plain	2263	2040	3	3	1	0	0	0	0	0	0	3	1	3	1
plain	167	152	3	3	1	3	1	3	1	3	1	3	1	3	1
plain	1943	1753	3	3	1	3	1	3	1	3	1	3	1	3	1
plain	1176	1068	1	1	1	0	0	0	0	0	0	0	0	1	1
plain	2617	2369	0	0	1	3	0	1	0	0	1	0	1	0	1
plain	1198	1087	1	1	1	0	0	2	0	1	1	0	0	1	1
plain	118	113	2	2	1	2	1	2	1	2	1	2	1	3	0
plain	830	759	2	2	1	1	0	3	0	2	1	3	0	2	1
plain	88	85	3	3	1	3	1	2	0	3	1	2	0	3	1
plain	619	560	2	2	1	2	1	2	1	2	1	2	1	2	1
plain	1908	1722	3	3	1	3	1	3	1	3	1	3	1	3	1
plain	1656	1498	1	3	0	3	0	3	0	3	0	3	0	3	0
plain	498	449	2	2	1	2	1	2	1	2	1	2	1	2	1
plain	1890	1705	1	2	0	0	0	0	0	1	1	2	0	2	0
plain	1889	1705	1	0	0	0	0	1	1	0	0	0	0	1	1
plain	1783	1610	2	2	1	0	0	0	0	2	1	2	1	2	1
plain	1076	977	0	0	1	0	1	3	0	0	1	0	1	0	1
plain	434	399	0	3	0	3	0	1	0	3	0	3	0	3	0
plain	1558	1412	0	0	1	3	0	3	0	3	0	3	0	0	1
plain	953	872	2	2	1	3	0	2	1	2	1	3	0	2	1
plain	955	872	1	1	1	1	1	1	1	1	1	1	1	1	1
plain	1654	1496	0	0	1	0	1	0	1	0	1	0	1	0	1
plain	121	115	3	1	0	3	1	3	1	3	1	3	1	1	0
plain	1885	1702	1	1	1	1	1	1	1	1	1	1	1	1	1
plain	851	778	3	3	1	2	0	2	0	3	1	2	0	3	1
plain	951	870	0	3	0	3	0	0	1	3	0	3	0	3	0
plain	1743	1574	0	0	1	1	0	1	0	1	0	1	0	0	1
plain	40	40	2	2	1	2	1	3	0	2	1	2	1	2	1
plain	1051	953	1	1	1	1	1	1	1	1	1	1	1	1	1
plain	353	325	2	2	1	1	0	2	1	1	0	1	0	2	1
plain	1047	950	2	2	1	1	0	0	0	1	0	1	0	2	1
plain	661	602	0	0	1	0	1	3	0	0	1	0	1	0	1
plain	92	89	3	3	1	3	1	0	0	3	1	3	1	3	1
plain	2200	1982	3	3	1	1	0	1	0	1	0	1	0	3	1
plain	1925	1736	0	0	1	0	1	2	0	0	1	0	1	0	1
plain	805	737	3	3	1	0	0	0	0	3	1	3	1	3	1
plain	1547	1403	1	0	0	1	1	0	0	0	0	0	0	3	0
plain	2252	2031	3	3	1	3	1	3	1	3	1	3	1	3	1
plain	2253	2031	0	0	1	0	1	0	1	0	1	0	1	0	1
plain	646	587	2	2	1	3	0	2	1	2	1	2	1	2	1
plain	1116	1013	3	3	1	3	1	3	1	3	1	3	1	3	1
plain	1117	1013	1	1	1	1	1	1	1	1	1	1	1	1	1
plain	1585	1434	3	0	0	0	0	0	0	0	0	0	0	0	0
plain	2083	1874	2	2	1	1	0	3	0	1	0	2	1	2	1
plain	877	802	3	0	0	3	1	0	0	0	0	0	0	0	0
plain	1793	1618	1	1	1	2	0	2	0	2	0	1	1	1	1
plain	211	193	1	0	0	1	1	1	1	0	0	1	1	0	0
plain	362	333	0	0	1	0	1	2	0	0	1	0	1	0	1
plain	995	906	2	2	1	1	0	1	0	0	0	1	0	2	1
plain	621	562	3	3	1	2	0	2	0	3	1	3	1	3	1
plain	2335	2106	1	1	1	3	0	3	0	1	1	1	1	1	1
plain	1910	1724	2	2	1	3	0	0	0	2	1	2	1	2	1
plain	1911	1724	1	1	1	0	0	3	0	1	1	0	0	1	1
plain	407	375	0	0	1	0	1	3	0	0	1	0	1	0	1
plain	826	756	3	2	0	0	0	2	0	0	0	0	0	0	0
plain	760	693	1	1	1	0	0	2	0	1	1	2	0	1	1
plain	1626	1471	0	0	1	1	0	1	0	3	0	3	0	3	0
plain	1811	1636	0	2	0	1	0	2	0	2	0	2	0	2	0
plain	1874	1691	3	3	1	3	1	0	0	0	0	0	0	3	1
plain	114	109	0	0	1	3	0	2	0	0	1	0	1	0	1
plain	1604	1452	1	1	1	1	1	1	1	1	1	1	1	1	1
plain	2175	1958	2	2	1	2	1	3	0	2	1	2	1	2	1
plain	2652	2399	2	2	1	1	0	1	0	0	0	1	0	2	1
plain	2228	2008	1	1	1	0	0	0	0	2	0	2	0	1	1
plain	717	653	3	3	1	2	0	1	0	1	0	1	0	3	1
plain	568	513	2	2	1	2	1	0	0	2	1	2	1	2	1
plain	307	286	2	2	1	0	0	0	0	2	1	0	0	2	1
plain	308	286	3	3	1	3	1	3	1	3	1	3	1	3	1
plain	1181	1073	0	1	0	3	0	3	0	3	0	3	0	0	1
plain	1555	1409	1	1	1	1	1	1	1	1	1	1	1	1	1
plain	1252	1133	0	0	1	2	0	2	0	2	0	2	0	0	1
plain	310	288	3	3	1	3	1	2	0	3	1	3	1	3	1
plain	2339	2109	1	2	0	3	0	3	0	2	0	2	0	2	0
plain	1389	1257	3	3	1	1	0	3	1	3	1	3	1	3	1
plain	797	729	3	3	1	2	0	2	0	2	0	3	1	3	1
plain	2562	2316	3	3	1	0	0	0	0	1	0	1	0	3	1
plain	1734	1567	1	1	1	1	1	1	1	1	1	1	1	1	1
plain	824	754	0	0	1	0	1	0	1	0	1	0	1	0	1
plain	1418	1285	0	0	1	0	1	0	1	0	1	0	1	0	1
plain	104	99	0	0	1	2	0	3	0	0	1	0	1	0	1
plain	2078	1869	3	0	0	0	0	3	1	0	0	0	0	0	0
plain	1963	1771	2	2	1	2	1	2	1	2	1	2	1	2	1
plain	1532	1390	1	1	1	3	0	3	0	1	1	1	1	1	1
plain	1899	1714	2	2	1	0	0	1	0	2	1	2	1	2	1
plain	375	345	1	1	1	1	1	2	0	1	1	1	1	1	1
plain	1754	1584	2	2	1	3	0	1	0	2	1	2	1	2	1
plain	1916	1727	0	0	1	0	1	0	1	0	1	0	1	0	1
plain	1550	1406	1	1	1	1	1	2	0	1	1	1	1	1	1
plain	342	314	3	0	0	3	1	0	0	3	1	3	1	0	0
plain	156	143	2	2	1	2	1	2	1	2	1	2	1	2	1
plain	916	839	1	1	1	1	1	1	1	1	1	1	1	1	1
plain	2507	2266	2	2	1	2	1	0	0	2	1	2	1	2	1
plain	2460	2220	0	0	1	0	1	0	1	0	1	0	1	0	1
plain	1180	1072	0	0	1	0	1	0	1	0	1	0	1	0	1
plain	566	512	3	3	1	0	0	0	0	3	1	0	0	3	1
plain	1396	1264	1	1	1	1	1	1	1	1	1	1	1	1	1
plain	1726	1560	3	3	1	3	1	3	1	3	1	3	1	3	1
plain	1993	1797	2	3	0	2	1	2	1	2	1	2	1	2	1
plain	1614	1461	2	3	0	0	0	2	1	0	0	3	0	3	0
plain	430	395	1	1	1	2	0	2	0	1	1	1	1	1	1
plain	2034	1832	0	0	1	0	1	3	0	3	0	3	0	0	1
plain	2075	1866	0	2	0	0	1	0	1	0	1	0	1	2	0
plain	519	469	3	0	0	3	1	3	1	3	1	3	1	0	0
plain	1218	1105	1	1	1	1	1	1	1	1	1	1	1	1	1
plain	2425	2187	1	1	1	0	0	1	1	0	0	2	0	1	1
plain	653	594	0	0	1	2	0	1	0	2	0	0	1	0	1
plain	705	642	0	0	1	0	1	0	1	0	1	0	1	0	1
plain	2540	2297	2	2	1	0	0	2	1	0	0	2	1	2	1
plain	1586	1435	1	1	1	3	0	3	0	1	1	1	1	1	1
plain	1587	1435	1	1	1	1	1	1	1	1	1	1	1	1	1
plain	2298	2072	1	2	0	2	0	1	1	3	0	2	0	2	0
plain	1429	1295	2	2	1	2	1	2	1	2	1	2	1	2	1
plain	444	408	0	0	1	0	1	0	1	0	1	0	1	0	1
plain	2010	1811	1	1	1	1	1	1	1	1	1	1	1	1	1
plain	2009	1811	2	2	1	2	1	2	1	2	1	2	1	2	1
plain	864	790	1	1	1	1	1	1	1	1	1	1	1	1	1
plain	433	398	1	1	1	2	0	2	0	2	0	2	0	1	1
plain	1538	1395	1	1	1	0	0	1	1	1	1	1	1	1	1
plain	1438	1303	3	3	1	3	1	3	1	3	1	0	0	3	1
plain	2399	2164	2	2	1	3	0	3	0	1	0	3	0	2	1
plain	659	600	2	2	1	2	1	2	1	2	1	2	1	2	1
plain	2591	2343	2	2	1	2	1	2	1	2	1	2	1	2	1
plain	1445	1310	2	2	1	1	0	1	0	1	0	1	0	2	1
plain	1954	1763	3	3	1	3	1	3	1	3	1	3	1	1	0
plain	735	668	3	3	1	0	0	0	0	3	1	3	1	3	1
plain	734	668	3	3	1	1	0	3	1	3	1	3	1	3	1
plain	93	90	3	3	1	3	1	2	0	3	1	3	1	3	1
plain	257	237	2	2	1	2	1	2	1	2	1	2	1	2	1
plain	2611	2363	1	1	1	0	0	3	0	0	0	1	1	1	1
plain	2583	2335	0	0	1	0	1	2	0	0	1	1	0	0	1
plain	466	424	2	2	1	2	1	2	1	2	1	2	1	2	1
plain	2324	2097	3	3	1	3	1	1	0	3	1	3	1	3	1
plain	1927	1737	0	2	0	2	0	2	0	2	0	2	0	2	0
plain	1341	1212	2	2	1	3	0	3	0	2	1	3	0	2	1
plain	1064	965	0	0	1	2	0	2	0	0	1	0	1	0	1
plain	657	598	2	2	1	3	0	3	0	0	0	0	0	2	1
plain	2574	2327	3	2	0	0	0	3	1	3	1	2	0	2	0
plain	1971	1779	0	0	1	0	1	0	1	0	1	0	1	0	1
plain	831	760	3	3	1	3	1	3	1	3	1	3	1	3	1
plain	832	760	3	3	1	0	0	1	0	2	0	0	0	3	1
plain	269	248	1	1	1	1	1	1	1	1	1	1	1	1	1
plain	893	818	3	3	1	3	1	3	1	3	1	3	1	3	1
plain	449	412	3	3	1	0	0	1	0	3	1	3	1	3	1
plain	764	697	3	3	1	3	1	3	1	3	1	3	1	3	1
plain	963	878	2	2	1	2	1	2	1	2	1	2	1	2	1
plain	531	481	2	3	0	2	1	3	0	2	1	3	0	3	0
plain	774	706	0	2	0	0	1	0	1	2	0	0	1	2	0
plain	2019	1820	3	1	0	1	0	2	0	0	0	1	0	3	1
plain	1229	1114	3	3	1	0	0	0	0	3	1	3	1	3	1
plain	1316	1189	2	2	1	2	1	2	1	2	1	2	1	2	1
plain	2514	2272	0	1	0	1	0	1	0	1	0	1	0	1	0
plain	35	35	2	2	1	1	0	1	0	2	1	2	1	2	1
plain	1938	1748	0	3	0	3	0	3	0	3	0	3	0	3	0
plain	829	758	1	2	0	1	1	1	1	2	0	3	0	2	0
plain	828	758	1	1	1	1	1	1	1	1	1	1	1	1	1
plain	105	100	1	0	0	2	0	1	1	0	0	0	0	0	0
plain	638	579	2	2	1	2	1	2	1	2	1	3	0	2	1
plain	974	887	1	1	1	0	0	0	0	0	0	1	1	1	1
plain	1973	1781	1	1	1	0	0	0	0	1	1	1	1	1	1
plain	2127	1915	2	2	1	2	1	2	1	2	1	2	1	2	1
plain	137	128	1	1	1	2	0	0	0	0	0	1	1	1	1
plain	1787	1613	1	1	1	1	1	1	1	1	1	1	1	1	1
plain	1786	1613	0	2	0	2	0	2	0	2	0	2	0	2	0
plain	1871	1688	1	1	1	0	0	1	1	1	1	1	1	1	1
plain	328	303	0	0	1	0	1	1	0	0	1	2	0	0	1
plain	329	303	1	1	1	3	0	0	0	2	0	1	1	1	1
plain	905	828	2	3	0	3	0	2	1	3	0	3	0	3	0
plain	1281	1158	3	3	1	3	1	2	0	3	1	2	0	3	1
plain	844	771	3	3	1	3	1	3	1	3	1	3	1	3	1
plain	192	174	3	3	1	3	1	0	0	0	0	0	0	3	1
plain	570	515	3	3	1	2	0	2	0	3	1	2	0	3	1
plain	1428	1294	3	3	1	3	1	3	1	3	1	3	1	3	1
plain	2073	1864	3	3	1	3	1	2	0	3	1	2	0	3	1
plain	762	695	0	0	1	3	0	2	0	0	1	1	0	0	1
plain	1230	1115	1	1	1	1	1	1	1	1	1	3	0	3	0
plain	1611	1458	3	3	1	1	0	0	0	3	1	3	1	3	1
plain	1282	1159	3	3	1	0	0	0	0	0	0	0	0	3	1
plain	747	680	1	1	1	2	0	2	0	1	1	1	1	2	0
plain	2168	1951	0	0	1	3	0	3	0	0	1	3	0	3	0
plain	1164	1056	2	2	1	1	0	0	0	2	1	2	1	2	1
plain	1859	1679	3	3	1	0	0	0	0	0	0	0	0	3	1
plain	1420	1287	1	1	1	3	0	0	0	1	1	1	1	1	1
plain	1637	1481	1	1	1	3	0	3	0	2	0	2	0	0	0
plain	1636	1481	0	0	1	0	1	0	1	0	1	0	1	0	1
plain	1215	1102	1	1	1	1	1	1	1	1	1	1	1	1	1
plain	1597	1445	1	1	1	0	0	0	0	0	0	1	1	1	1
plain	2071	1862	0	0	1	0	1	0	1	0	1	0	1	0	1
plain	810	741	3	3	1	0	0	0	0	3	1	0	0	3	1
plain	1058	959	1	1	1	3	0	1	1	1	1	1	1	1	1
plain	1696	1533	0	0	1	0	1	2	0	0	1	0	1	0	1
plain	2179	1962	0	0	1	0	1	0	1	0	1	0	1	0	1
plain	57	56	0	0	1	0	1	0	1	0	1	0	1	0	1
plain	1602	1450	3	1	0	1	0	1	0	0	0	0	0	0	0
plain	1221	1107	3	3	1	0	0	2	0	2	0	3	1	3	1
plain	1556	1410	1	1	1	1	1	3	0	1	1	1	1	1	1
plain	195	177	3	3	1	3	1	2	0	3	1	3	1	3	1
plain	428	393	0	0	1	3	0	0	1	0	1	0	1	0	1
plain	1009	920	2	2	1	1	0	1	0	1	0	1	0	2	1
plain	490	444	3	3	1	3	1	3	1	3	1	3	1	3	1
plain	161	148	0	0	1	2	0	0	1	0	1	0	1	0	1
plain	1545	1401	0	0	1	0	1	0	1	0	1	1	0	0	1
plain	165	151	0	0	1	0	1	0	1	0	1	0	1	0	1
plain	386	356	3	3	1	0	0	0	0	2	0	2	0	3	1
plain	609	552	0	3	0	2	0	3	0	1	0	2	0	3	0
plain	587	530	0	0	1	0	1	0	1	0	1	0	1	0	1
plain	940	861	3	1	0	0	0	2	0	0	0	0	0	3	1
plain	1672	1513	0	2	0	2	0	2	0	2	0	2	0	2	0
plain	2374	2140	0	0	1	0	1	0	1	2	0	2	0	0	1
plain	501	452	1	1	1	1	1	3	0	1	1	1	1	1	1
plain	575	519	3	2	0	1	0	2	0	2	0	2	0	3	1
plain	1155	1049	1	1	1	1	1	1	1	1	1	1	1	1	1
plain	2239	2019	3	3	1	0	0	0	0	3	1	0	0	3	1
plain	2444	2205	3	3	1	0	0	0	0	3	1	0	0	3	1
plain	1966	1774	1	2	0	3	0	2	0	3	0	3	0	0	0
plain	868	794	2	2	1	2	1	2	1	2	1	2	1	2	1
plain	869	794	0	0	1	1	0	0	1	1	0	3	0	0	1
plain	2163	1946	0	0	1	0	1	3	0	0	1	0	1	0	1
plain	876	801	1	1	1	3	0	2	0	3	0	1	1	1	1
plain	2490	2250	1	1	1	1	1	2	0	1	1	1	1	1	1
plain	1613	1460	2	2	1	0	0	0	0	1	0	2	1	2	1
plain	2440	2201	0	0	1	2	0	2	0	0	1	0	1	0	1
plain	2021	1822	0	3	0	1	0	1	0	0	1	0	1	2	0
plain	1644	1487	1	3	0	3	0	3	0	3	0	0	0	3	0
plain	2544	2301	0	0	1	3	0	3	0	3	0	0	1	0	1
plain	2646	2393	0	0	1	3	0	2	0	3	0	1	0	0	1
plain	1855	1675	1	1	1	1	1	1	1	1	1	1	1	1	1
plain	107	102	0	0	1	0	1	0	1	0	1	0	1	0	1
plain	1676	1516	2	2	1	2	1	2	1	3	0	0	0	3	0
plain	1639	1483	2	2	1	2	1	0	0	3	0	2	1	2	1
plain	598	541	2	2	1	1	0	2	1	2	1	2	1	2	1
plain	2139	1927	2	2	1	2	1	2	1	2	1	2	1	2	1
plain	2063	1856	0	0	1	0	1	0	1	0	1	0	1	0	1
plain	939	860	1	1	1	2	0	2	0	1	1	1	1	1	1
plain	1162	1054	1	1	1	3	0	0	0	1	1	1	1	1	1
plain	1145	1039	0	0	1	0	1	2	0	0	1	0	1	0	1
plain	914	837	1	1	1	1	1	1	1	1	1	1	1	1	1
plain	1844	1665	3	3	1	2	0	0	0	3	1	0	0	3	1
plain	982	894	1	1	1	1	1	1	1	1	1	2	0	1	1
plain	981	894	1	1	1	0	0	3	0	1	1	1	1	1	1
plain	1224	1110	1	1	1	2	0	3	0	1	1	1	1	1	1
plain	1205	1093	3	2	0	2	0	2	0	2	0	3	1	2	0
plain	1206	1093	0	0	1	3	0	3	0	0	1	0	1	0	1
plain	2074	1865	3	3	1	3	1	3	1	3	1	3	1	3	1
plain	1816	1641	3	1	0	1	0	1	0	1	0	3	1	1	0
plain	1919	1730	3	2	0	2	0	2	0	3	1	2	0	2	0
plain	1414	1281	0	0	1	0	1	0	1	0	1	0	1	0	1
plain	696	633	3	3	1	0	0	3	1	3	1	1	0	3	1
plain	2416	2178	0	0	1	0	1	1	0	0	1	1	0	0	1
plain	2172	1955	3	3	1	3	1	2	0	3	1	3	1	3	1
plain	1436	1301	0	0	1	3	0	2	0	0	1	3	0	0	1
plain	707	644	0	0	1	1	0	1	0	1	0	0	1	0	1
plain	813	744	2	2	1	3	0	0	0	0	0	0	0	0	0
plain	1757	1587	2	2	1	1	0	1	0	1	0	1	0	2	1
plain	1566	1417	3	3	1	2	0	3	1	0	0	0	0	3	1
plain	1097	995	3	3	1	3	1	2	0	3	1	3	1	3	1
plain	1098	995	3	1	0	1	0	1	0	3	1	3	1	1	0
plain	2325	2098	3	3	1	3	1	3	1	3	1	3	1	3	1
plain	1771	1600	0	0	1	0	1	2	0	2	0	0	1	0	1
plain	1601	1449	0	0	1	0	1	0	1	0	1	0	1	0	1
plain	2095	1884	0	0	1	0	1	0	1	0	1	0	1	0	1
plain	1922	1733	0	0	1	2	0	2	0	0	1	0	1	0	1
plain	2394	2160	3	3	1	1	0	1	0	3	1	3	1	3	1
plain	1005	916	0	0	1	0	1	0	1	0	1	0	1	0	1
plain	270	249	1	1	1	2	0	0	0	1	1	1	1	1	1
plain	1769	1598	2	2	1	0	0	0	0	2	1	2	1	2	1
plain	1241	1123	2	2	1	2	1	2	1	2	1	2	1	2	1
plain	560	506	0	0	1	0	1	0	1	0	1	0	1	0	1
plain	671	611	2	2	1	1	0	1	0	1	0	2	1	2	1
plain	1376	1245	0	1	0	0	1	0	1	1	0	2	0	1	0
plain	2486	2246	0	1	0	1	0	1	0	1	0	1	0	1	0
plain	1499	1359	0	0	1	2	0	2	0	2	0	2	0	0	1
plain	1917	1728	0	3	0	1	0	1	0	1	0	3	0	3	0
plain	2470	2230	3	3	1	3	1	1	0	3	1	3	1	3	1
plain	145	134	3	2	0	3	1	2	0	2	0	3	1	2	0
plain	1073	974	2	2	1	1	0	1	0	2	1	2	1	2	1
plain	2203	1985	3	3	1	3	1	3	1	3	1	3	1	3	1
plain	2353	2121	1	1	1	1	1	1	1	1	1	0	0	1	1
plain	863	789	2	2	1	3	0	0	0	2	1	2	1	2	1
plain	1657	1499	2	2	1	3	0	3	0	2	1	0	0	2	1
plain	147	136	1	1	1	3	0	2	0	1	1	1	1	1	1
plain	558	504	2	2	1	2	1	3	0	0	0	0	0	2	1
plain	557	504	3	0	0	1	0	2	0	0	0	1	0	3	1
plain	2308	2082	3	3	1	2	0	2	0	1	0	0	0	3	1
plain	959	875	3	2	0	1	0	1	0	1	0	1	0	3	1
plain	1152	1046	0	0	1	0	1	1	0	0	1	0	1	0	1
plain	44	44	3	3	1	1	0	1	0	3	1	3	1	3	1
plain	1165	1057	3	3	1	3	1	0	0	3	1	3	1	3	1
plain	1034	940	0	3	0	3	0	1	0	0	1	0	1	3	0
plain	1264	1142	1	3	0	3	0	2	0	3	0	3	0	3	0
plain	1930	1740	3	3	1	3	1	3	1	3	1	0	0	3	1
plain	1312	1185	0	0	1	3	0	3	0	0	1	0	1	0	1
plain	1929	1739	0	0	1	0	1	0	1	3	0	0	1	0	1
plain	2392	2158	3	1	0	3	1	3	1	0	0	0	0	0	0
plain	1121	1016	3	3	1	3	1	2	0	3	1	3	1	3	1
plain	1374	1243	1	1	1	2	0	3	0	3	0	2	0	2	0
plain	1213	1100	0	3	0	2	0	0	1	3	0	2	0	3	0
plain	1807	1632	0	0	1	0	1	1	0	0	1	0	1	0	1
plain	2169	1952	1	3	0	3	0	1	1	3	0	1	1	3	0
plain	781	713	3	3	1	3	1	0	0	3	1	3	1	3	1
plain	489	443	1	0	0	1	1	0	0	0	0	0	0	0	0
plain	749	682	3	3	1	2	0	2	0	3	1	3	1	3	1
plain	117	112	3	3	1	3	1	3	1	3	1	0	0	3	1
plain	2137	1925	3	3	1	2	0	2	0	3	1	3	1	3	1
plain	584	527	0	0	1	0	1	0	1	0	1	0	1	0	1
plain	1565	1416	2	2	1	0	0	3	0	3	0	0	0	2	1
plain	199	181	0	0	1	1	0	1	0	0	1	2	0	0	1
plain	2645	2392	1	1	1	0	0	3	0	2	0	2	0	1	1
plain	291	270	0	2	0	2	0	2	0	2	0	2	0	2	0
plain	1413	1280	2	2	1	0	0	3	0	0	0	2	1	2	1
plain	1317	1190	3	3	1	3	1	3	1	3	1	3	1	3	1
plain	608	551	3	3	1	3	1	3	1	3	1	3	1	3	1
plain	1965	1773	1	2	0	1	1	0	0	3	0	0	0	2	0
plain	2342	2111	1	1	1	1	1	2	0	1	1	1	1	1	1
plain	1404	1271	2	2	1	2	1	2	1	3	0	2	1	2	1
plain	264	244	1	1	1	0	0	3	0	1	1	1	1	1	1
plain	2487	2247	1	3	0	3	0	3	0	3	0	3	0	1	1
plain	841	768	0	0	1	2	0	2	0	0	1	0	1	0	1
plain	11	12	1	1	1	3	0	2	0	2	0	3	0	1	1
plain	1060	961	1	1	1	2	0	3	0	0	0	0	0	1	1
plain	1007	918	3	3	1	3	1	3	1	3	1	3	1	3	1
plain	475	431	3	3	1	3	1	3	1	3	1	3	1	3	1
plain	2601	2353	0	0	1	0	1	1	0	0	1	0	1	0	1
plain	1137	1032	3	3	1	0	0	0	0	2	0	0	0	1	0
plain	1234	1118	2	2	1	3	0	1	0	2	1	2	1	2	1
plain	1724	1558	0	0	1	0	1	0	1	0	1	0	1	0	1
plain	565	511	2	1	0	1	0	2	1	1	0	1	0	1	0
plain	207	189	2	2	1	2	1	2	1	2	1	2	1	2	1
plain	2026	1825	3	3	1	1	0	1	0	3	1	3	1	3	1
plain	2588	2340	0	0	1	2	0	2	0	0	1	2	0	0	1
plain	779	711	0	0	1	0	1	0	1	0	1	0	1	0	1
plain	898	822	2	2	1	2	1	2	1	2	1	2	1	2	1
plain	899	822	2	2	1	2	1	2	1	2	1	2	1	2	1
plain	601	544	2	3	0	3	0	3	0	3	0	3	0	3	0
plain	1967	1775	1	1	1	1	1	1	1	1	1	1	1	1	1
plain	1609	1457	2	2	1	2	1	2	1	2	1	2	1	2	1
plain	419	385	3	3	1	3	1	1	0	3	1	3	1	3	1
plain	938	859	2	2	1	2	1	2	1	2	1	2	1	2	1
plain	2297	2071	0	2	0	2	0	0	1	2	0	1	0	2	0
plain	2117	1906	1	1	1	3	0	3	0	1	1	1	1	1	1
plain	2035	1833	1	1	1	2	0	1	1	2	0	1	1	1	1
plain	520	470	1	1	1	1	1	1	1	1	1	1	1	1	1
plain	2509	2268	2	2	1	2	1	2	1	2	1	2	1	2	1
plain	2030	1829	1	1	1	0	0	0	0	0	0	0	0	1	1
plain	970	883	0	0	1	0	1	3	0	0	1	0	1	0	1
plain	1559	1413	2	2	1	2	1	2	1	2	1	2	1	2	1
plain	1039	944	0	0	1	0	1	0	1	0	1	0	1	0	1
plain	131	124	2	2	1	0	0	0	0	3	0	0	0	2	1
plain	494	447	2	2	1	2	1	1	0	2	1	2	1	2	1
plain	1758	1588	2	2	1	2	1	2	1	0	0	2	1	2	1
plain	34	34	1	1	1	1	1	1	1	1	1	1	1	1	1
plain	1186	1078	2	2	1	1	0	3	0	1	0	1	0	2	1
plain	2012	1813	3	2	0	2	0	2	0	2	0	2	0	2	0
plain	634	575	0	0	1	0	1	2	0	0	1	0	1	0	1
plain	423	389	1	1	1	1	1	2	0	2	0	1	1	1	1
plain	1139	1034	2	2	1	2	1	2	1	2	1	2	1	2	1
plain	229	211	0	0	1	0	1	0	1	0	1	0	1	0	1
plain	1437	1302	0	0	1	2	0	2	0	2	0	2	0	2	0
plain	1951	1760	3	3	1	2	0	3	1	3	1	3	1	3	1
plain	2479	2239	3	3	1	3	1	3	1	3	1	3	1	3	1
plain	12	13	2	2	1	1	0	2	1	1	0	1	0	2	1
plain	2182	1964	1	1	1	1	1	3	0	1	1	0	0	1	1
plain	983	895	1	3	0	1	1	1	1	3	0	1	1	1	1
plain	1106	1003	2	2	1	2	1	2	1	2	1	2	1	2	1
plain	27	28	3	3	1	0	0	0	0	3	1	3	1	3	1
plain	28	28	2	2	1	0	0	2	1	2	1	2	1	2	1
plain	452	415	3	3	1	0	0	1	0	2	0	3	1	3	1
plain	1297	1173	0	1	0	0	1	0	1	1	0	1	0	1	0
plain	1236	1119	1	1	1	0	0	2	0	0	0	0	0	0	0
plain	1447	1312	0	0	1	3	0	1	0	0	1	0	1	0	1
plain	1049	952	0	0	1	0	1	0	1	0	1	0	1	0	1
plain	281	260	1	1	1	1	1	2	0	1	1	1	1	1	1
plain	2537	2294	0	0	1	0	1	2	0	0	1	1	0	0	1
plain	2397	2162	3	3	1	3	1	3	1	3	1	3	1	3	1
plain	857	783	3	3	1	0	0	1	0	1	0	0	0	3	1
plain	1621	1467	3	0	0	0	0	2	0	0	0	0	0	0	0
plain	2062	1855	3	3	1	3	1	0	0	3	1	3	1	3	1
plain	2233	2013	3	3	1	3	1	2	0	3	1	3	1	3	1
plain	1192	1082	1	1	1	1	1	3	0	1	1	1	1	1	1
plain	78	77	0	0	1	0	1	3	0	0	1	0	1	0	1
plain	1588	1436	2	2	1	2	1	1	0	2	1	3	0	2	1
plain	142	132	1	1	1	1	1	3	0	1	1	1	1	1	1
plain	2498	2257	1	0	0	0	0	0	0	0	0	0	0	0	0
plain	2497	2257	0	0	1	3	0	3	0	3	0	3	0	0	1
plain	1055	957	2	2	1	2	1	2	1	2	1	2	1	2	1
plain	926	847	1	1	1	1	1	0	0	1	1	1	1	1	1
plain	414	381	2	2	1	2	1	2	1	2	1	2	1	2	1
plain	1630	1475	1	1	1	1	1	1	1	1	1	1	1	1	1
plain	2587	2339	0	2	0	1	0	1	0	0	1	2	0	2	0
plain	2602	2354	0	0	1	0	1	3	0	0	1	1	0	0	1
plain	292	271	2	2	1	0	0	1	0	3	0	1	0	2	1
plain	989	901	1	1	1	3	0	3	0	1	1	1	1	1	1
plain	2142	1929	2	2	1	1	0	3	0	2	1	2	1	2	1
plain	2448	2209	0	0	1	0	1	0	1	0	1	0	1	0	1
plain	1492	1353	2	2	1	2	1	0	0	2	1	2	1	2	1
plain	454	417	1	1	1	1	1	1	1	1	1	1	1	1	1
plain	1441	1306	0	1	0	0	1	0	1	0	1	0	1	0	1
plain	2226	2006	2	2	1	2	1	1	0	2	1	2	1	2	1
plain	886	811	1	1	1	3	0	3	0	1	1	3	0	1	1
plain	1318	1191	1	1	1	1	1	1	1	1	1	1	1	1	1
plain	1947	1756	3	3	1	1	0	2	0	1	0	2	0	3	1
plain	1133	1028	3	3	1	0	0	0	0	3	1	3	1	3	1
plain	1546	1402	0	1	0	1	0	0	1	1	0	1	0	1	0
plain	1357	1227	0	0	1	0	1	0	1	0	1	0	1	0	1
plain	2008	1810	0	0	1	0	1	2	0	0	1	0	1	0	1
plain	911	834	3	0	0	1	0	1	0	1	0	1	0	0	0
plain	2613	2365	2	2	1	2	1	3	0	3	0	3	0	2	1
plain	1365	1234	3	3	1	0	0	0	0	3	1	0	0	3	1
plain	529	479	1	1	1	1	1	1	1	1	1	1	1	1	1
plain	1686	1525	1	1	1	0	0	1	1	2	0	0	0	1	1
plain	1969	1777	3	3	1	1	0	3	1	3	1	1	0	3	1
plain	2089	1880	0	0	1	2	0	2	0	0	1	0	1	0	1
plain	2372	2138	2	2	1	3	0	3	0	2	1	2	1	2	1
plain	2223	2003	1	1	1	0	0	0	0	0	0	0	0	1	1
plain	2222	2003	2	2	1	1	0	1	0	2	1	2	1	2	1
plain	416	383	1	1	1	2	0	2	0	3	0	0	0	1	1
plain	1535	1393	0	1	0	1	0	1	0	2	0	0	1	1	0
plain	820	750	3	3	1	3	1	3	1	3	1	3	1	3	1
plain	902	825	0	1	0	0	1	1	0	1	0	1	0	1	0
plain	2431	2193	0	0	1	0	1	0	1	0	1	0	1	0	1
plain	1761	1591	1	1	1	1	1	3	0	1	1	1	1	1	1
plain	748	681	3	3	1	0	0	3	1	3	1	0	0	3	1
plain	2594	2346	0	0	1	3	0	3	0	0	1	3	0	0	1
plain	600	543	0	0	1	3	0	2	0	0	1	3	0	0	1
plain	999	910	0	1	0	0	1	2	0	1	0	1	0	1	0
plain	599	542	3	3	1	2	0	1	0	1	0	1	0	3	1
plain	554	501	3	3	1	3	1	3	1	3	1	3	1	3	1
plain	2328	2100	2	2	1	0	0	1	0	3	0	1	0	3	0
plain	1458	1323	0	0	1	0	1	1	0	0	1	0	1	0	1
plain	1818	1642	2	2	1	2	1	1	0	2	1	2	1	2	1
plain	1610	1458	0	0	1	0	1	2	0	0	1	0	1	0	1
plain	1658	1500	1	1	1	1	1	3	0	1	1	1	1	1	1
plain	962	877	0	0	1	2	0	0	1	3	0	3	0	0	1
plain	961	877	0	0	1	0	1	0	1	0	1	0	1	0	1
plain	528	478	1	1	1	1	1	2	0	1	1	0	0	1	1
plain	1326	1198	0	0	1	0	1	0	1	2	0	2	0	1	0
plain	140	130	0	0	1	0	1	1	0	0	1	0	1	0	1
plain	1463	1328	3	3	1	1	0	1	0	3	1	0	0	3	1
plain	567	513	2	2	1	0	0	0	0	2	1	2	1	2	1
plain	1045	948	2	2	1	2	1	0	0	2	1	2	1	2	1
plain	541	490	1	0	0	0	0	2	0	0	0	0	0	0	0
plain	542	490	0	0	1	0	1	0	1	0	1	0	1	0	1
plain	378	348	3	3	1	3	1	3	1	3	1	3	1	3	1
plain	761	694	3	3	1	2	0	1	0	0	0	3	1	3	1
plain	758	691	1	1	1	1	1	3	0	1	1	3	0	1	1
plain	2055	1850	3	3	1	3	1	3	1	3	1	3	1	3	1
plain	2001	1804	1	1	1	1	1	1	1	1	1	1	1	1	1
plain	2000	1804	3	3	1	3	1	3	1	3	1	3	1	3	1
plain	583	526	3	3	1	3	1	3	1	3	1	3	1	3	1
plain	854	780	2	2	1	2	1	2	1	2	1	2	1	2	1
plain	853	780	2	2	1	3	0	0	0	2	1	2	1	2	1
plain	2094	1883	2	2	1	2	1	2	1	2	1	2	1	2	1
plain	636	577	2	2	1	2	1	2	1	2	1	3	0	2	1
plain	819	749	3	1	0	3	1	2	0	1	0	1	0	1	0
plain	2396	2161	1	2	0	0	0	3	0	2	0	3	0	3	0
plain	1784	1611	1	1	1	0	0	0	0	0	0	0	0	0	0
plain	1150	1044	3	3	1	0	0	1	0	3	1	3	1	3	1
plain	1108	1005	2	2	1	2	1	2	1	2	1	2	1	2	1
plain	2640	2389	1	1	1	2	0	0	0	1	1	0	0	1	1
plain	783	715	3	3	1	3	1	0	0	3	1	3	1	3	1
plain	1107	1004	2	2	1	1	0	2	1	2	1	2	1	2	1
plain	1407	1274	3	3	1	0	0	2	0	3	1	3	1	3	1
plain	2582	2334	1	1	1	3	0	1	1	3	0	3	0	1	1
plain	2149	1935	3	3	1	0	0	0	0	1	0	1	0	3	1
plain	539	488	0	0	1	1	0	1	0	0	1	0	1	0	1
plain	184	167	0	0	1	1	0	3	0	0	1	0	1	0	1
plain	1719	1554	3	3	1	1	0	2	0	1	0	2	0	3	1
plain	1720	1554	0	2	0	2	0	1	0	2	0	2	0	2	0
plain	13	14	0	0	1	0	1	0	1	0	1	0	1	0	1
plain	181	164	3	3	1	3	1	2	0	3	1	3	1	3	1
plain	1779	1607	1	1	1	3	0	3	0	0	0	0	0	1	1
plain	742	675	2	2	1	3	0	0	0	3	0	2	1	2	1
plain	1959	1767	0	0	1	3	0	0	1	0	1	0	1	0	1
plain	1958	1767	2	2	1	2	1	3	0	2	1	2	1	2	1
plain	1764	1593	3	3	1	3	1	2	0	3	1	3	1	3	1
plain	773	705	2	2	1	0	0	0	0	2	1	2	1	2	1
plain	1166	1058	0	1	0	1	0	0	1	1	0	1	0	1	0
plain	738	671	3	3	1	3	1	0	0	3	1	3	1	3	1
plain	2621	2373	0	0	1	0	1	0	1	0	1	0	1	0	1
plain	1457	1322	2	0	0	2	1	1	0	2	1	2	1	2	1
plain	1838	1660	1	1	1	0	0	1	1	1	1	0	0	1	1
plain	2383	2149	2	2	1	1	0	2	1	1	0	2	1	2	1
plain	2002	1805	2	2	1	0	0	0	0	2	1	0	0	2	1
plain	2221	2002	0	3	0	3	0	2	0	3	0	3	0	3	0
plain	1120	1016	1	1	1	1	1	1	1	1	1	1	1	1	1
plain	169	153	2	2	1	2	1	2	1	2	1	2	1	2	1
plain	1273	1151	1	2	0	2	0	1	1	1	1	3	0	1	1
plain	1062	963	3	3	1	3	1	3	1	3	1	3	1	3	1
plain	2070	1862	2	2	1	2	1	2	1	2	1	2	1	2	1
plain	1247	1128	3	3	1	3	1	3	1	3	1	3	1	3	1
plain	1792	1617	1	1	1	3	0	1	1	1	1	3	0	1	1
plain	751	684	0	0	1	3	0	3	0	3	0	3	0	0	1
plain	260	240	1	1	1	3	0	0	0	1	1	1	1	1	1
plain	581	525	1	1	1	0	0	2	0	1	1	1	1	1	1
plain	2340	2109	3	0	0	3	1	1	0	3	1	3	1	2	0
plain	2605	2357	1	1	1	3	0	3	0	1	1	1	1	1	1
plain	1750	1581	2	2	1	2	1	2	1	2	1	2	1	2	1
plain	2052	1847	0	0	1	0	1	0	1	0	1	0	1	0	1
plain	2469	2229	1	1	1	0	0	3	0	1	1	1	1	1	1
plain	706	643	2	0	0	2	1	0	0	0	0	0	0	0	0
plain	306	285	2	2	1	0	0	1	0	2	1	0	0	2	1
plain	85	83	2	2	1	2	1	2	1	2	1	2	1	2	1
plain	86	83	0	0	1	0	1	0	1	0	1	0	1	0	1
plain	2072	1863	2	2	1	2	1	2	1	2	1	2	1	2	1
plain	2614	2366	1	1	1	3	0	3	0	1	1	0	0	1	1
plain	1615	1462	0	0	1	2	0	1	0	2	0	0	1	0	1
plain	338	310	0	0	1	1	0	2	0	1	0	1	0	0	1
plain	2437	2198	2	1	0	1	0	1	0	1	0	1	0	1	0
plain	79	78	2	2	1	2	1	2	1	2	1	2	1	2	1
plain	2041	1838	0	1	0	1	0	1	0	1	0	1	0	1	0
plain	2040	1838	3	3	1	3	1	1	0	3	1	3	1	3	1
plain	1903	1717	1	1	1	1	1	1	1	1	1	1	1	1	1
plain	1902	1717	3	2	0	1	0	3	1	2	0	1	0	2	0
plain	2632	2382	2	2	1	0	0	3	0	1	0	1	0	2	1
plain	359	330	0	3	0	1	0	1	0	1	0	1	0	3	0
plain	1640	1483	0	0	1	0	1	1	0	0	1	0	1	0	1
plain	807	739	2	2	1	2	1	2	1	2	1	2	1	2	1
plain	1383	1251	0	2	0	0	1	2	0	3	0	2	0	2	0
plain	1290	1166	0	0	1	3	0	1	0	0	1	0	1	0	1
plain	1446	1311	0	3	0	3	0	3	0	3	0	3	0	3	0
plain	5	7	0	0	1	1	0	3	0	0	1	0	1	0	1
plain	445	409	1	1	1	0	0	3	0	1	1	0	0	1	1
plain	524	474	2	2	1	2	1	0	0	0	0	2	1	2	1
plain	1220	1106	1	1	1	1	1	1	1	1	1	1	1	1	1
plain	1219	1106	1	1	1	1	1	3	0	1	1	2	0	1	1
plain	1226	1112	2	2	1	3	0	2	1	1	0	3	0	2	1
plain	679	618	2	2	1	0	0	3	0	2	1	0	0	2	1
plain	215	197	2	2	1	3	0	2	1	2	1	3	0	2	1
plain	1872	1689	1	1	1	1	1	1	1	1	1	1	1	1	1
plain	1926	1736	1	1	1	3	0	3	0	3	0	3	0	1	1
plain	2237	2017	2	2	1	1	0	1	0	2	1	2	1	2	1
plain	733	667	2	2	1	2	1	2	1	2	1	1	0	2	1
plain	2548	2305	1	3	0	1	1	3	0	1	1	1	1	3	0
plain	2007	1810	3	3	1	0	0	3	1	1	0	3	1	3	1
plain	1822	1646	0	1	0	0	1	1	0	0	1	0	1	0	1
plain	2474	2234	0	0	1	3	0	0	1	0	1	0	1	0	1
plain	954	872	1	2	0	1	1	2	0	1	1	2	0	2	0
plain	493	446	1	1	1	1	1	1	1	1	1	1	1	1	1
plain	492	446	1	2	0	1	1	1	1	2	0	2	0	2	0
plain	1592	1440	0	0	1	3	0	3	0	0	1	0	1	0	1
plain	960	876	2	3	0	2	1	1	0	3	0	2	1	3	0
plain	1918	1729	2	2	1	2	1	3	0	2	1	2	1	2	1
plain	2122	1910	2	2	1	2	1	2	1	2	1	0	0	2	1
plain	1169	1061	0	0	1	0	1	0	1	0	1	0	1	0	1
plain	1394	1262	1	1	1	0	0	0	0	1	1	1	1	1	1
plain	1675	1515	2	2	1	0	0	0	0	0	0	0	0	2	1
plain	1674	1515	2	2	1	2	1	2	1	2	1	2	1	2	1
plain	509	459	0	0	1	1	0	2	0	0	1	0	1	1	0
plain	927	848	3	3	1	1	0	3	1	3	1	1	0	3	1
plain	1728	1562	3	3	1	2	0	2	0	2	0	2	0	3	1
plain	1334	1206	1	1	1	1	1	1	1	1	1	1	1	1	1
plain	2528	2285	3	3	1	3	1	3	1	3	1	3	1	3	1
plain	1552	1407	3	3	1	3	1	2	0	3	1	3	1	3	1
plain	153	141	3	3	1	2	0	1	0	3	1	2	0	3	1
plain	155	141	2	2	1	1	0	2	1	1	0	1	0	2	1
plain	2554	2309	3	3	1	1	0	1	0	3	1	3	1	3	1
plain	1464	1329	0	0	1	1	0	0	1	0	1	0	1	0	1
plain	1791	1616	2	3	0	2	1	2	1	0	0	3	0	3	0
plain	1790	1616	2	2	1	2	1	2	1	2	1	2	1	2	1
plain	993	904	1	0	0	3	0	3	0	1	1	0	0	0	0
plain	992	904	1	0	0	2	0	2	0	1	1	1	1	0	0
plain	1032	938	1	2	0	3	0	1	1	0	0	1	1	1	1
plain	146	135	1	1	1	1	1	1	1	1	1	1	1	1	1
plain	318	296	1	1	1	1	1	3	0	1	1	1	1	1	1
plain	1065	966	0	3	0	3	0	3	0	3	0	3	0	3	0
plain	702	639	0	0	1	0	1	0	1	0	1	0	1	0	1
plain	1912	1725	1	1	1	0	0	0	0	1	1	1	1	1	1
plain	437	402	3	3	1	1	0	2	0	1	0	3	1	3	1
plain	1864	1682	2	2	1	1	0	0	0	2	1	1	0	2	1
plain	664	605	3	2	0	3	1	3	1	2	0	2	0	2	0
plain	1513	1372	3	3	1	3	1	3	1	3	1	2	0	2	0
plain	197	179	3	3	1	3	1	3	1	3	1	2	0	3	1
plain	2579	2331	2	2	1	2	1	2	1	2	1	2	1	2	1
plain	2358	2125	3	3	1	2	0	2	0	1	0	1	0	3	1
plain	677	616	0	2	0	3	0	2	0	2	0	2	0	2	0
plain	2085	1876	2	3	0	1	0	3	0	3	0	3	0	3	0
plain	2395	2160	1	1	1	2	0	1	1	1	1	1	1	1	1
plain	1798	1623	0	0	1	0	1	0	1	0	1	0	1	0	1
plain	625	566	3	3	1	0	0	0	0	3	1	3	1	3	1
plain	2610	2362	0	1	0	1	0	1	0	1	0	1	0	1	0
plain	972	885	0	0	1	2	0	2	0	2	0	2	0	0	1
plain	1	3	0	1	0	0	1	0	1	0	1	0	1	1	0
plain	935	856	1	2	0	3	0	3	0	3	0	1	1	2	0
plain	2625	2377	0	2	0	2	0	0	1	2	0	0	1	3	0
plain	2626	2377	0	3	0	3	0	0	1	3	0	3	0	3	0
plain	1803	1628	1	1	1	1	1	0	0	1	1	1	1	1	1
plain	376	346	3	3	1	3	1	2	0	3	1	3	1	3	1
plain	238	220	3	2	0	0	0	2	0	2	0	1	0	2	0
plain	2181	1963	1	2	0	2	0	1	1	2	0	0	0	2	0
plain	2503	2262	2	2	1	1	0	0	0	1	0	2	1	2	1
plain	1979	1785	0	0	1	0	1	0	1	0	1	0	1	0	1
plain	1266	1144	0	0	1	0	1	2	0	0	1	0	1	0	1
plain	2422	2184	0	0	1	3	0	3	0	0	1	3	0	0	1
plain	2084	1875	2	3	0	2	1	3	0	2	1	2	1	0	0
plain	76	75	2	2	1	1	0	2	1	2	1	2	1	2	1
plain	371	341	3	3	1	3	1	3	1	3	1	3	1	3	1
plain	1142	1037	0	0	1	0	1	0	1	0	1	0	1	0	1
plain	1990	1794	1	1	1	1	1	2	0	0	0	1	1	1	1
plain	2208	1990	1	1	1	1	1	0	0	1	1	1	1	1	1
plain	1156	1049	2	2	1	2	1	2	1	2	1	2	1	2	1
plain	188	170	2	2	1	2	1	2	1	2	1	2	1	2	1
plain	1127	1022	3	3	1	1	0	1	0	3	1	3	1	3	1
plain	880	805	0	0	1	2	0	1	0	3	0	2	0	0	1
plain	1490	1351	0	2	0	2	0	3	0	3	0	2	0	2	0
plain	1211	1098	3	3	1	3	1	2	0	0	0	2	0	3	1
plain	130	123	2	2	1	2	1	2	1	2	1	2	1	2	1
plain	1623	1468	1	1	1	3	0	0	0	1	1	3	0	1	1
plain	1057	959	1	1	1	1	1	1	1	1	1	1	1	1	1
plain	2595	2347	0	1	0	1	0	1	0	2	0	1	0	1	0
plain	298	277	2	2	1	2	1	0	0	2	1	2	1	2	1
plain	418	384	2	0	0	2	1	2	1	0	0	0	0	0	0
plain	417	384	2	2	1	3	0	3	0	0	0	0	0	2	1
plain	1842	1663	0	2	0	0	1	2	0	0	1	0	1	2	0
plain	1841	1663	3	2	0	0	0	1	0	2	0	3	1	2	0
plain	2636	2386	1	1	1	1	1	3	0	1	1	2	0	1	1
plain	1168	1060	0	0	1	0	1	3	0	0	1	2	0	0	1
plain	1199	1088	3	0	0	0	0	0	0	0	0	3	1	0	0
plain	778	710	0	0	1	0	1	3	0	0	1	3	0	0	1
plain	2054	1849	1	3	0	2	0	1	1	2	0	3	0	3	0
plain	2282	2058	3	3	1	3	1	1	0	3	1	0	0	3	1
plain	1868	1685	0	0	1	2	0	3	0	0	1	0	1	0	1
plain	1054	956	3	3	1	1	0	3	1	3	1	3	1	3	1
plain	1817	1641	3	3	1	3	1	3	1	3	1	1	0	3	1
plain	793	725	0	2	0	2	0	3	0	2	0	2	0	2	0
plain	63	62	3	3	1	3	1	3	1	3	1	3	1	3	1
plain	2567	2321	2	2	1	3	0	2	1	2	1	2	1	2	1
plain	2330	2102	3	3	1	3	1	3	1	3	1	3	1	3	1
plain	1200	1089	2	2	1	2	1	2	1	1	0	1	0	2	1
plain	2267	2043	1	1	1	1	1	1	1	1	1	1	1	1	1
plain	1347	1217	2	2	1	1	0	1	0	1	0	1	0	2	1
plain	1204	1093	2	2	1	2	1	2	1	1	0	2	1	2	1
plain	1662	1504	1	1	1	2	0	1	1	1	1	1	1	1	1
plain	643	584	1	1	1	3	0	1	1	3	0	1	1	1	1
plain	750	683	2	2	1	2	1	3	0	2	1	2	1	2	1
plain	256	236	0	3	0	1	0	3	0	3	0	3	0	3	0
plain	17	18	1	2	0	2	0	2	0	2	0	2	0	2	0
plain	1175	1067	3	3	1	3	1	3	1	0	0	3	1	3	1
plain	332	306	3	3	1	0	0	0	0	3	1	2	0	3	1
plain	2130	1918	3	3	1	3	1	3	1	3	1	3	1	3	1
plain	1315	1188	0	0	1	2	0	2	0	2	0	2	0	1	0
plain	1831	1654	2	3	0	3	0	3	0	3	0	3	0	3	0
plain	2391	2157	2	2	1	2	1	2	1	2	1	2	1	2	1
plain	1343	1214	2	2	1	2	1	0	0	2	1	2	1	2	1
plain	1196	1086	1	1	1	0	0	3	0	1	1	2	0	1	1
plain	24	25	1	1	1	3	0	1	1	0	0	0	0	1	1
plain	351	323	3	3	1	3	1	3	1	3	1	3	1	3	1
plain	1945	1754	0	0	1	3	0	3	0	3	0	3	0	3	0
plain	1245	1126	3	3	1	2	0	1	0	2	0	3	1	3	1
plain	1914	1727	1	1	1	1	1	2	0	1	1	2	0	1	1
plain	1439	1304	0	0	1	1	0	1	0	0	1	1	0	0	1
plain	1915	1727	3	3	1	3	1	2	0	2	0	3	1	3	1
plain	811	742	2	2	1	0	0	1	0	3	0	3	0	2	1
plain	2082	1873	0	2	0	3	0	2	0	2	0	0	1	2	0
plain	777	709	0	3	0	2	0	2	0	2	0	2	0	3	0
plain	994	905	0	0	1	3	0	3	0	0	1	3	0	0	1
plain	1619	1465	2	2	1	1	0	2	1	0	0	2	1	2	1
plain	439	404	0	0	1	3	0	3	0	3	0	3	0	0	1
plain	440	404	1	0	0	0	0	0	0	0	0	0	0	0	0
plain	1862	1681	0	3	0	0	1	3	0	3	0	3	0	3	0
plain	715	652	3	3	1	2	0	0	0	0	0	3	1	3	1
plain	716	652	3	3	1	2	0	1	0	3	1	3	1	3	1
plain	1539	1395	1	1	1	0	0	1	1	1	1	1	1	1	1
plain	2320	2093	3	3	1	3	1	3	1	3	1	3	1	3	1
plain	1087	987	2	3	0	3	0	3	0	3	0	3	0	3	0
plain	163	150	0	0	1	3	0	3	0	3	0	3	0	0	1
plain	1031	937	1	1	1	0	0	2	0	1	1	1	1	1	1
plain	2173	1956	0	0	1	3	0	1	0	3	0	3	0	0	1
plain	409	376	0	0	1	0	1	1	0	0	1	0	1	0	1
plain	613	555	0	0	1	0	1	2	0	0	1	0	1	0	1
plain	408	376	2	2	1	1	0	3	0	2	1	2	1	2	1
plain	1424	1291	0	0	1	0	1	0	1	0	1	0	1	0	1
plain	1425	1291	3	2	0	2	0	3	1	2	0	2	0	2	0
plain	1994	1798	1	1	1	1	1	1	1	1	1	1	1	1	1
plain	1529	1387	3	3	1	3	1	3	1	3	1	3	1	3	1
plain	1590	1438	1	1	1	1	1	3	0	1	1	1	1	1	1
plain	1523	1381	3	3	1	3	1	3	1	3	1	3	1	3	1
plain	2451	2211	1	1	1	3	0	2	0	1	1	3	0	1	1
plain	2450	2211	0	0	1	0	1	0	1	0	1	0	1	0	1
plain	1301	1177	1	1	1	3	0	3	0	1	1	3	0	1	1
plain	965	880	3	2	0	2	0	2	0	2	0	2	0	2	0
plain	839	766	1	1	1	2	0	2	0	1	1	1	1	1	1
plain	171	155	3	3	1	3	1	3	1	3	1	3	1	3	1
plain	2121	1909	2	2	1	0	0	3	0	2	1	1	0	2	1
plain	1825	1649	3	1	0	3	1	3	1	3	1	3	1	3	1
plain	580	524	0	0	1	0	1	1	0	0	1	0	1	0	1
plain	1933	1743	1	1	1	1	1	1	1	1	1	1	1	1	1
plain	168	152	1	2	0	3	0	3	0	3	0	3	0	1	1
plain	166	152	0	1	0	0	1	1	0	1	0	1	0	1	0
plain	2086	1877	0	1	0	0	1	1	0	1	0	0	1	1	0
plain	2449	2210	2	2	1	2	1	0	0	2	1	2	1	2	1
plain	2461	2221	3	3	1	3	1	3	1	3	1	3	1	3	1
plain	124	118	3	3	1	3	1	1	0	3	1	3	1	3	1
plain	1242	1123	0	2	0	1	0	3	0	1	0	1	0	2	0
plain	1643	1486	3	2	0	2	0	2	0	3	1	3	1	2	0
plain	1299	1175	3	3	1	3	1	1	0	0	0	0	0	3	1
plain	2251	2030	2	2	1	3	0	3	0	2	1	2	1	2	1
plain	917	840	1	1	1	1	1	1	1	1	1	1	1	1	1
plain	2191	1973	3	3	1	3	1	3	1	3	1	3	1	3	1
plain	1560	1414	2	2	1	2	1	2	1	2	1	2	1	2	1
plain	2022	1822	0	0	1	1	0	2	0	1	0	1	0	0	1
plain	1561	1414	0	0	1	0	1	0	1	0	1	0	1	0	1
plain	2277	2053	3	3	1	1	0	1	0	3	1	3	1	3	1
plain	1508	1367	0	0	1	0	1	2	0	0	1	0	1	0	1
plain	1397	1265	3	3	1	3	1	3	1	3	1	3	1	3	1
plain	2363	2129	3	3	1	0	0	3	1	3	1	3	1	3	1
plain	2299	2073	2	1	0	0	0	0	0	1	0	1	0	1	0
plain	110	105	1	1	1	1	1	2	0	1	1	1	1	1	1
plain	827	757	1	1	1	3	0	3	0	0	0	3	0	1	1
plain	1014	922	2	2	1	2	1	2	1	2	1	2	1	2	1
plain	1013	922	0	0	1	0	1	1	0	0	1	0	1	0	1
plain	1012	922	1	1	1	1	1	1	1	1	1	1	1	1	1
plain	588	531	3	3	1	0	0	1	0	3	1	3	1	3	1
plain	69	68	2	2	1	2	1	2	1	2	1	2	1	2	1
plain	1067	968	3	0	0	0	0	3	1	1	0	1	0	0	0
plain	627	568	1	1	1	0	0	1	1	1	1	1	1	1	1
plain	1189	1080	3	3	1	2	0	2	0	3	1	3	1	3	1
plain	1188	1080	2	0	0	3	0	3	0	0	0	0	0	0	0
plain	2279	2055	1	1	1	1	1	3	0	2	0	1	1	1	1
plain	1355	1225	2	2	1	2	1	1	0	2	1	2	1	2	1
plain	2148	1934	0	0	1	2	0	1	0	0	1	0	1	0	1
plain	37	37	0	0	1	0	1	0	1	0	1	0	1	0	1
plain	737	670	2	2	1	3	0	3	0	2	1	2	1	2	1
plain	75	74	0	1	0	0	1	2	0	0	1	1	0	1	0
plain	1956	1765	3	3	1	3	1	0	0	3	1	3	1	3	1
plain	68	67	1	1	1	1	1	0	0	1	1	1	1	1	1
plain	33	33	1	3	0	1	1	1	1	1	1	1	1	3	0
plain	1333	1205	3	2	0	2	0	3	1	2	0	2	0	3	1
plain	39	39	2	1	0	0	0	0	0	0	0	1	0	1	0
plain	382	352	1	0	0	0	0	2	0	0	0	0	0	0	0
plain	2651	2398	2	2	1	2	1	2	1	2	1	2	1	2	1
plain	1452	1317	1	1	1	1	1	1	1	1	1	1	1	1	1
plain	1521	1379	3	3	1	3	1	1	0	3	1	3	1	3	1
plain	2081	1872	3	3	1	3	1	3	1	3	1	3	1	3	1
plain	2255	2033	2	2	1	3	0	2	1	2	1	2	1	2	1
plain	1554	1409	1	1	1	3	0	3	0	1	1	2	0	1	1
plain	379	349	0	1	0	0	1	1	0	1	0	1	0	1	0
plain	2235	2015	2	2	1	1	0	0	0	2	1	2	1	2	1
plain	709	646	2	2	1	0	0	1	0	2	1	2	1	2	1
plain	722	657	3	3	1	3	1	2	0	2	0	2	0	2	0
plain	800	732	3	3	1	3	1	3	1	3	1	3	1	3	1
plain	2620	2372	2	2	1	1	0	1	0	2	1	2	1	2	1
plain	412	379	1	1	1	1	1	1	1	1	1	1	1	1	1
plain	1466	1331	2	2	1	2	1	2	1	2	1	2	1	2	1
plain	1467	1331	2	2	1	2	1	1	0	2	1	2	1	2	1
plain	2429	2191	3	3	1	3	1	0	0	0	0	3	1	3	1
plain	551	499	3	3	1	3	1	3	1	3	1	3	1	3	1
plain	977	890	2	0	0	2	1	1	0	2	1	3	0	0	0
plain	894	818	2	2	1	0	0	1	0	3	0	2	1	2	1
plain	203	185	2	2	1	0	0	1	0	1	0	3	0	2	1
plain	2453	2213	0	0	1	3	0	0	1	0	1	0	1	0	1
plain	1212	1099	3	3	1	3	1	3	1	0	0	3	1	3	1
plain	1050	953	3	3	1	0	0	2	0	3	1	1	0	3	1
plain	448	412	1	1	1	3	0	1	1	1	1	2	0	1	1
plain	2158	1941	1	3	0	0	0	1	1	1	1	1	1	1	1
plain	1011	921	3	3	1	3	1	3	1	3	1	3	1	3	1
plain	2333	2105	0	0	1	0	1	2	0	0	1	0	1	0	1
plain	2334	2105	3	1	0	3	1	1	0	1	0	1	0	1	0
plain	2238	2018	2	0	0	2	1	2	1	2	1	0	0	0	0
plain	527	477	2	3	0	3	0	3	0	3	0	3	0	3	0
plain	471	428	2	2	1	0	0	0	0	0	0	0	0	2	1
plain	123	117	2	3	0	0	0	1	0	0	0	0	0	3	0
plain	1665	1507	1	1	1	1	1	1	1	1	1	1	1	1	1
plain	1406	1273	0	0	1	0	1	3	0	0	1	0	1	0	1
plain	231	213	0	0	1	1	0	3	0	3	0	3	0	0	1
plain	1094	992	2	2	1	2	1	2	1	2	1	2	1	2	1
plain	1495	1356	1	1	1	1	1	1	1	1	1	1	1	1	1
plain	711	648	3	3	1	2	0	1	0	1	0	1	0	3	1
plain	985	897	1	1	1	1	1	1	1	1	1	1	1	1	1
plain	477	433	3	3	1	2	0	2	0	2	0	2	0	3	1
plain	1634	1479	0	1	0	1	0	2	0	2	0	1	0	0	1
plain	718	653	3	3	1	3	1	3	1	3	1	3	1	3	1
plain	60	59	1	1	1	1	1	2	0	1	1	1	1	1	1
plain	537	486	1	1	1	1	1	1	1	1	1	1	1	1	1
plain	1185	1077	0	0	1	1	0	1	0	0	1	1	0	0	1
plain	325	302	3	3	1	2	0	3	1	2	0	2	0	3	1
plain	326	302	1	1	1	1	1	1	1	1	1	1	1	1	1
plain	2577	2330	0	0	1	3	0	3	0	0	1	0	1	0	1
plain	2017	1818	2	0	0	1	0	0	0	0	0	2	1	0	0
plain	1235	1119	3	3	1	0	0	0	0	3	1	3	1	3	1
plain	903	826	3	3	1	2	0	1	0	3	1	3	1	3	1
plain	1946	1755	0	0	1	3	0	3	0	0	1	0	1	0	1
plain	2045	1841	3	3	1	3	1	3	1	3	1	3	1	3	1
plain	421	387	1	1	1	0	0	0	0	1	1	0	0	1	1
plain	703	640	3	3	1	3	1	3	1	3	1	3	1	3	1
plain	2481	2241	1	2	0	0	0	2	0	0	0	2	0	2	0
plain	1812	1637	0	0	1	3	0	3	0	2	0	0	1	0	1
plain	2016	1817	2	2	1	2	1	0	0	2	1	2	1	2	1
plain	1540	1396	1	1	1	1	1	1	1	1	1	1	1	1	1
plain	322	299	0	0	1	2	0	2	0	2	0	2	0	0	1
plain	2159	1942	1	1	1	2	0	2	0	1	1	1	1	1	1
plain	282	261	2	2	1	2	1	2	1	2	1	2	1	2	1
plain	1617	1464	3	2	0	2	0	2	0	2	0	2	0	3	1
plain	1618	1464	2	1	0	1	0	0	0	0	0	1	0	1	0
plain	1867	1684	1	1	1	1	1	1	1	1	1	1	1	1	1
plain	111	106	2	1	0	0	0	1	0	1	0	1	0	1	0
plain	1122	1017	2	2	1	0	0	0	0	0	0	0	0	2	1
plain	2151	1936	0	0	1	1	0	0	1	0	1	0	1	0	1
plain	1906	1720	0	0	1	0	1	0	1	0	1	0	1	0	1
plain	367	338	2	2	1	3	0	2	1	2	1	1	0	2	1
plain	459	419	2	1	0	2	1	2	1	1	0	1	0	1	0
plain	2347	2116	3	0	0	1	0	1	0	1	0	1	0	0	0
plain	2306	2080	0	0	1	2	0	2	0	0	1	0	1	0	1
plain	1920	1731	2	2	1	2	1	2	1	2	1	2	1	2	1
plain	4	6	0	0	1	0	1	0	1	0	1	0	1	0	1
plain	727	661	2	2	1	2	1	3	0	1	0	2	1	2	1
plain	380	350	2	2	1	1	0	2	1	2	1	2	1	2	1
plain	2005	1808	0	0	1	0	1	2	0	0	1	0	1	0	1
plain	1228	1113	3	3	1	2	0	0	0	3	1	3	1	3	1
plain	2604	2356	1	1	1	1	1	1	1	1	1	1	1	1	1
plain	95	92	3	3	1	3	1	3	1	3	1	3	1	3	1
plain	1625	1470	2	2	1	2	1	2	1	2	1	2	1	2	1
plain	1525	1383	0	0	1	2	0	1	0	0	1	0	1	0	1
plain	276	255	1	1	1	1	1	1	1	1	1	1	1	1	1
plain	1789	1615	1	1	1	1	1	1	1	1	1	1	1	1	1
plain	2119	1908	2	2	1	1	0	2	1	2	1	2	1	2	1
plain	2264	2041	3	3	1	1	0	2	0	1	0	1	0	3	1
plain	1353	1223	1	1	1	1	1	1	1	3	0	1	1	1	1
plain	2491	2251	0	2	0	0	1	0	1	0	1	2	0	2	0
plain	335	308	1	1	1	3	0	3	0	1	1	1	1	1	1
plain	2520	2278	2	1	0	2	1	3	0	1	0	1	0	1	0
plain	1280	1157	2	2	1	2	1	2	1	2	1	2	1	2	1
plain	388	357	0	0	1	0	1	0	1	1	0	1	0	0	1
plain	658	599	2	2	1	2	1	2	1	2	1	2	1	2	1
plain	833	761	2	2	1	1	0	0	0	2	1	2	1	2	1
plain	1084	984	1	2	0	3	0	2	0	2	0	2	0	2	0
plain	2418	2180	2	2	1	3	0	2	1	2	1	2	1	2	1
plain	2580	2332	2	2	1	1	0	1	0	1	0	1	0	2	1
plain	349	321	0	0	1	1	0	3	0	0	1	0	1	0	1
plain	604	547	3	3	1	0	0	3	1	3	1	0	0	3	1
plain	1983	1789	1	1	1	0	0	3	0	0	0	0	0	1	1
plain	1738	1570	0	0	1	0	1	0	1	1	0	0	1	0	1
plain	872	797	2	2	1	2	1	1	0	2	1	2	1	2	1
plain	1562	1415	2	2	1	3	0	3	0	2	1	2	1	2	1
plain	1129	1024	3	3	1	2	0	3	1	3	1	3	1	3	1
plain	2506	2265	1	1	1	1	1	3	0	1	1	1	1	1	1
plain	1573	1423	1	1	1	2	0	2	0	3	0	1	1	1	1
plain	2044	1840	1	0	0	0	0	0	0	0	0	0	0	0	0
plain	1020	928	1	1	1	2	0	2	0	0	0	2	0	1	1
plain	1360	1229	0	1	0	0	1	2	0	0	1	0	1	1	0
plain	2407	2171	3	2	0	3	1	3	1	2	0	2	0	3	1
plain	2217	1999	3	3	1	1	0	1	0	3	1	1	0	3	1
plain	934	855	0	2	0	0	1	2	0	2	0	3	0	2	0
plain	1075	976	2	2	1	3	0	2	1	3	0	3	0	2	1
plain	817	747	2	2	1	3	0	0	0	0	0	1	0	1	0
plain	816	747	3	3	1	3	1	3	1	0	0	3	1	3	1
plain	1985	1790	3	3	1	0	0	1	0	3	1	3	1	3	1
plain	1652	1494	2	1	0	2	1	2	1	2	1	2	1	1	0
plain	1880	1697	0	0	1	0	1	0	1	0	1	0	1	0	1
plain	932	853	2	3	0	1	0	2	1	2	1	1	0	3	0
plain	479	434	1	1	1	0	0	1	1	3	0	1	1	1	1
plain	2650	2397	1	1	1	0	0	2	0	2	0	2	0	1	1
plain	1361	1230	1	1	1	1	1	1	1	1	1	1	1	1	1
plain	1677	1517	2	1	0	1	0	1	0	2	1	1	0	2	1
plain	1491	1352	2	2	1	1	0	1	0	2	1	2	1	2	1
plain	1941	1751	1	1	1	2	0	3	0	1	1	1	1	1	1
plain	1960	1768	2	2	1	3	0	2	1	1	0	2	1	2	1
plain	1541	1397	3	3	1	3	1	0	0	3	1	3	1	3	1
plain	838	765	1	1	1	1	1	2	0	2	0	1	1	1	1
plain	1179	1071	0	0	1	0	1	0	1	0	1	0	1	0	1
plain	456	418	2	2	1	0	0	0	0	2	1	2	1	2	1
plain	2301	2075	1	0	0	1	1	0	0	0	0	0	0	0	0
plain	2644	2391	1	1	1	1	1	1	1	1	1	1	1	1	1
plain	2643	2391	1	1	1	3	0	3	0	3	0	3	0	1	1
plain	1557	1411	1	1	1	1	1	1	1	1	1	1	1	1	1
plain	980	893	3	2	0	2	0	2	0	2	0	2	0	2	0
plain	1393	1261	0	0	1	3	0	0	1	1	0	0	1	0	1
plain	2642	2390	2	2	1	1	0	2	1	2	1	2	1	2	1
plain	1294	1170	1	1	1	1	1	0	0	1	1	1	1	1	1
plain	403	371	3	3	1	3	1	2	0	0	0	2	0	3	1
plain	1093	991	0	0	1	2	0	2	0	2	0	0	1	0	1
plain	1861	1680	0	0	1	0	1	0	1	0	1	0	1	0	1
plain	1629	1474	1	1	1	2	0	3	0	3	0	0	0	1	1
plain	2516	2274	3	3	1	3	1	3	1	3	1	3	1	3	1
plain	1970	1778	1	1	1	2	0	1	1	1	1	1	1	1	1
plain	1714	1550	2	2	1	1	0	3	0	2	1	2	1	2	1
plain	1112	1009	2	2	1	3	0	2	1	2	1	2	1	2	1
plain	152	140	3	3	1	0	0	1	0	2	0	0	0	3	1
plain	2166	1949	0	0	1	1	0	3	0	0	1	0	1	0	1
plain	1605	1453	0	1	0	1	0	1	0	1	0	1	0	1	0
plain	1500	1360	1	1	1	3	0	3	0	2	0	1	1	1	1
plain	2178	1961	3	3	1	3	1	0	0	3	1	3	1	3	1
plain	1727	1561	2	2	1	2	1	2	1	2	1	2	1	2	1
plain	2160	1943	1	1	1	3	0	2	0	3	0	2	0	2	0
plain	2291	2066	2	2	1	0	0	0	0	0	0	0	0	2	1
plain	1402	1269	1	1	1	1	1	2	0	1	1	1	1	1	1
plain	1832	1655	1	2	0	2	0	3	0	2	0	2	0	2	0
plain	1159	1051	2	0	0	0	0	1	0	0	0	0	0	0	0
plain	2014	1815	2	2	1	1	0	1	0	2	1	2	1	2	1
plain	450	413	2	1	0	2	1	1	0	1	0	1	0	1	0
plain	341	313	2	2	1	3	0	3	0	2	1	2	1	3	0
plain	2475	2235	2	2	1	2	1	2	1	2	1	2	1	2	1
plain	1964	1772	2	2	1	2	1	2	1	2	1	2	1	2	1
plain	2165	1948	0	0	1	2	0	3	0	1	0	2	0	0	1
plain	958	874	0	0	1	1	0	3	0	0	1	0	1	0	1
plain	2458	2218	3	3	1	3	1	1	0	1	0	3	1	3	1
plain	496	448	1	1	1	0	0	0	0	1	1	0	0	1	1
plain	495	448	1	1	1	1	1	1	1	1	1	1	1	1	1
plain	1040	945	0	0	1	2	0	2	0	1	0	3	0	0	1
plain	1041	945	1	1	1	1	1	1	1	1	1	1	1	1	1
plain	1828	1652	0	0	1	1	0	0	1	1	0	0	1	0	1
plain	2132	1920	3	3	1	3	1	3	1	3	1	3	1	3	1
plain	1756	1586	1	1	1	1	1	1	1	1	1	1	1	1	1
plain	2415	2177	1	3	0	3	0	1	1	1	1	1	1	3	0
plain	1534	1392	1	1	1	2	0	0	0	2	0	1	1	1	1
plain	1988	1793	2	1	0	2	1	3	0	1	0	1	0	1	0
plain	2106	1895	2	2	1	2	1	1	0	2	1	2	1	2	1
plain	2326	2099	1	2	0	1	1	1	1	2	0	2	0	2	0
plain	2484	2244	2	2	1	2	1	2	1	2	1	2	1	2	1
plain	1271	1149	0	0	1	0	1	3	0	0	1	0	1	0	1
plain	1579	1428	1	1	1	2	0	0	0	2	0	2	0	1	1
plain	2290	2065	0	0	1	0	1	0	1	0	1	0	1	0	1
plain	569	514	2	2	1	3	0	0	0	3	0	0	0	2	1
plain	2051	1846	2	2	1	1	0	1	0	2	1	2	1	2	1
plain	2495	2255	0	0	1	3	0	0	1	3	0	0	1	0	1
plain	1478	1342	2	2	1	0	0	1	0	2	1	2	1	2	1
plain	1311	1184	3	3	1	3	1	3	1	3	1	3	1	3	1
plain	595	538	0	0	1	0	1	0	1	0	1	0	1	0	1
plain	530	480	3	3	1	3	1	3	1	3	1	3	1	3	1
plain	875	800	2	0	0	0	0	0	0	0	0	0	0	2	1
plain	2488	2248	2	3	0	2	1	3	0	2	1	2	1	2	1
plain	1293	1169	0	0	1	1	0	3	0	3	0	3	0	0	1
plain	2359	2126	2	2	1	0	0	0	0	0	0	0	0	2	1
plain	1865	1683	0	3	0	2	0	0	1	3	0	3	0	3	0
plain	2559	2313	3	3	1	3	1	3	1	3	1	3	1	3	1
plain	1433	1299	3	3	1	3	1	3	1	3	1	3	1	3	1
plain	975	888	3	3	1	0	0	1	0	3	1	1	0	3	1
plain	2036	1834	3	3	1	2	0	3	1	3	1	3	1	3	1
plain	1268	1146	0	0	1	0	1	2	0	3	0	3	0	0	1
plain	2164	1947	3	3	1	1	0	1	0	3	1	3	1	3	1
plain	861	787	2	2	1	2	1	1	0	2	1	2	1	2	1
plain	1461	1326	3	3	1	2	0	2	0	3	1	3	1	3	1
plain	1378	1246	2	2	1	0	0	2	1	0	0	2	1	2	1
plain	1377	1246	3	3	1	3	1	1	0	3	1	3	1	3	1
plain	1163	1055	3	3	1	0	0	3	1	3	1	3	1	3	1
plain	1901	1716	2	2	1	2	1	3	0	2	1	3	0	2	1
plain	1368	1237	3	1	0	0	0	1	0	1	0	1	0	1	0
plain	923	844	2	3	0	3	0	2	1	3	0	3	0	3	0
plain	1684	1523	2	1	0	2	1	0	0	1	0	1	0	1	0
plain	2606	2358	0	0	1	0	1	1	0	0	1	0	1	0	1
plain	1497	1358	3	3	1	1	0	1	0	0	0	3	1	3	1
plain	907	830	0	0	1	0	1	0	1	0	1	0	1	0	1
plain	2384	2150	2	3	0	0	0	0	0	3	0	0	0	3	0
plain	2576	2329	1	1	1	0	0	2	0	0	0	0	0	1	1
plain	2550	2307	0	0	1	2	0	0	1	0	1	0	1	0	1
plain	2551	2307	0	0	1	0	1	0	1	0	1	0	1	0	1
plain	1453	1318	1	1	1	1	1	1	1	1	1	1	1	1	1
plain	240	221	2	2	1	2	1	2	1	2	1	2	1	2	1
plain	676	615	1	1	1	1	1	1	1	1	1	1	1	1	1
plain	2512	2270	2	2	1	2	1	0	0	2	1	2	1	2	1
plain	411	378	3	1	0	1	0	2	0	1	0	1	0	1	0
plain	617	558	1	1	1	1	1	1	1	1	1	1	1	1	1
plain	2157	1940	1	0	0	2	0	2	0	0	0	2	0	0	0
plain	2145	1932	3	3	1	2	0	3	1	2	0	1	0	3	1
plain	892	817	1	3	0	2	0	3	0	1	1	3	0	3	0
plain	36	36	1	1	1	1	1	1	1	2	0	1	1	1	1
plain	119	114	2	2	1	2	1	0	0	2	1	2	1	2	1
plain	1998	1802	1	0	0	1	1	1	1	0	0	1	1	0	0
plain	1091	990	2	2	1	2	1	2	1	2	1	2	1	2	1
plain	2346	2115	0	0	1	0	1	0	1	2	0	2	0	0	1
plain	919	842	1	0	0	0	0	0	0	0	0	0	0	0	0
plain	920	842	0	1	0	1	0	1	0	1	0	1	0	1	0
plain	46	46	3	3	1	3	1	2	0	3	1	3	1	2	0
plain	1886	1703	1	1	1	1	1	1	1	1	1	0	0	1	1
plain	1306	1182	0	0	1	0	1	0	1	0	1	0	1	0	1
plain	259	239	1	1	1	1	1	3	0	1	1	1	1	1	1
plain	1195	1085	1	1	1	0	0	3	0	1	1	1	1	1	1
plain	1345	1215	3	1	0	2	0	2	0	1	0	3	1	1	0
plain	1140	1035	2	2	1	2	1	0	0	2	1	2	1	2	1
plain	2385	2151	1	1	1	1	1	1	1	1	1	1	1	1	1
plain	535	485	3	3	1	0	0	3	1	3	1	3	1	3	1
plain	947	868	0	0	1	1	0	0	1	0	1	2	0	0	1
plain	1820	1644	3	3	1	2	0	2	0	2	0	2	0	3	1
plain	2244	2024	0	1	0	1	0	1	0	1	0	1	0	1	0
plain	2319	2092	1	0	0	0	0	0	0	0	0	0	0	0	0
plain	1624	1469	3	3	1	3	1	3	1	3	1	3	1	3	1
plain	2318	2092	3	3	1	3	1	3	1	3	1	3	1	3	1
plain	237	219	0	0	1	0	1	3	0	0	1	0	1	0	1
plain	396	365	1	1	1	0	0	3	0	1	1	1	1	1	1
plain	1955	1764	3	3	1	0	0	1	0	3	1	1	0	3	1
plain	1468	1332	0	0	1	0	1	0	1	0	1	0	1	0	1
plain	1829	1653	1	1	1	3	0	1	1	3	0	3	0	1	1
plain	1516	1374	3	3	1	1	0	3	1	1	0	3	1	3	1
plain	675	614	3	3	1	0	0	1	0	3	1	3	1	2	0
plain	1845	1666	1	1	1	1	1	1	1	1	1	1	1	1	1
plain	769	701	3	3	1	0	0	3	1	3	1	3	1	3	1
plain	768	701	0	0	1	0	1	0	1	0	1	0	1	0	1
plain	1134	1029	3	3	1	0	0	3	1	2	0	2	0	3	1
plain	249	229	2	2	1	2	1	2	1	2	1	2	1	2	1
plain	2257	2035	2	0	0	1	0	2	1	2	1	0	0	0	0
plain	1645	1488	1	2	0	1	1	1	1	1	1	2	0	2	0
plain	1194	1084	3	3	1	3	1	3	1	3	1	3	1	3	1
plain	2376	2142	2	2	1	2	1	0	0	2	1	2	1	2	1
plain	1171	1063	3	1	0	1	0	2	0	1	0	1	0	1	0
plain	1747	1578	3	3	1	3	1	2	0	3	1	3	1	3	1
plain	699	636	1	1	1	1	1	1	1	1	1	1	1	1	1
plain	591	534	2	1	0	0	0	3	0	1	0	2	1	1	0
plain	14	15	1	1	1	1	1	0	0	0	0	0	0	1	1
plain	753	686	3	3	1	3	1	1	0	1	0	1	0	3	1
plain	2533	2290	3	2	0	2	0	2	0	2	0	0	0	2	0
plain	1479	1342	1	1	1	1	1	1	1	1	1	1	1	1	1
plain	1815	1640	3	3	1	0	0	3	1	3	1	3	1	3	1
plain	2586	2338	2	2	1	1	0	2	1	2	1	2	1	2	1
plain	2256	2034	0	0	1	3	0	0	1	0	1	3	0	0	1
plain	743	676	2	2	1	2	1	1	0	2	1	2	1	2	1
plain	2087	1878	0	2	0	1	0	1	0	2	0	2	0	2	0
plain	663	604	0	3	0	0	1	0	1	0	1	0	1	3	0
plain	1907	1721	1	3	0	3	0	3	0	3	0	3	0	3	0
plain	314	292	0	0	1	0	1	0	1	0	1	0	1	0	1
point	2612	2364	1	0	0	2	0	1	1	0	0	3	0	0	0
point	1303	1179	2	2	1	3	0	2	1	2	1	2	1	2	1
point	1949	1758	3	1	0	3	1	1	0	2	0	2	0	3	1
point	1298	1174	3	3	1	2	0	3	1	3	1	3	1	3	1
point	1336	1208	2	2	1	2	1	2	1	2	1	2	1	2	1
point	272	251	3	3	1	3	1	3	1	3	1	3	1	3	1
point	683	622	0	0	1	2	0	2	0	2	0	2	0	0	1
point	127	121	3	3	1	3	1	3	1	3	1	3	1	3	1
point	1543	1399	2	2	1	1	0	3	0	2	1	2	1	2	1
point	1036	942	0	0	1	0	1	2	0	0	1	0	1	0	1
point	1037	942	0	0	1	0	1	0	1	0	1	0	1	0	1
point	288	267	1	1	1	0	0	1	1	3	0	2	0	1	1
point	1748	1579	1	1	1	1	1	1	1	1	1	1	1	1	1
point	265	245	0	0	1	2	0	2	0	2	0	2	0	0	1
point	1553	1408	1	1	1	1	1	1	1	1	1	1	1	1	1
point	2521	2279	2	2	1	2	1	0	0	0	0	2	1	2	1
point	2327	2099	0	0	1	1	0	2	0	0	1	0	1	0	1
point	2547	2304	1	2	0	1	1	2	0	0	0	2	0	0	0
point	1537	1394	3	3	1	3	1	3	1	3	1	3	1	3	1
point	1536	1394	2	2	1	2	1	2	1	2	1	2	1	2	1
point	1400	1267	3	3	1	3	1	1	0	2	0	2	0	3	1
point	1399	1267	0	1	0	1	0	1	0	1	0	1	0	1	0
point	1330	1202	1	1	1	2	0	2	0	3	0	2	0	1	1
point	2271	2047	2	2	1	3	0	2	1	3	0	3	0	2	1
point	1086	986	1	2	0	1	1	1	1	1	1	1	1	2	0
point	1417	1284	2	2	1	2	1	2	1	2	1	2	1	2	1
point	1371	1240	0	0	1	0	1	0	1	0	1	0	1	0	1
point	843	770	0	0	1	0	1	0	1	0	1	0	1	0	1
point	2080	1871	0	0	1	2	0	3	0	2	0	3	0	0	1
point	1819	1643	0	2	0	3	0	3	0	0	1	2	0	2	0
point	2039	1837	0	0	1	2	0	2	0	0	1	0	1	0	1
point	689	627	1	1	1	0	0	1	1	3	0	1	1	1	1
point	688	627	0	0	1	0	1	0	1	0	1	0	1	0	1
point	2541	2298	1	1	1	2	0	3	0	1	1	1	1	1	1
point	2126	1914	1	1	1	3	0	1	1	1	1	1	1	1	1
point	404	372	0	0	1	2	0	3	0	0	1	2	0	0	1
point	2204	1986	1	1	1	2	0	2	0	1	1	2	0	1	1
point	2236	2016	2	2	1	0	0	3	0	3	0	3	0	2	1
point	1042	946	3	3	1	3	1	3	1	3	1	3	1	3	1
point	1043	946	3	3	1	3	1	3	1	3	1	3	1	3	1
point	364	335	3	2	0	1	0	1	0	1	0	1	0	2	0
point	669	609	0	0	1	0	1	0	1	0	1	1	0	0	1
point	1328	1200	1	1	1	1	1	3	0	1	1	1	1	1	1
point	2037	1835	1	1	1	1	1	1	1	1	1	1	1	1	1
point	618	559	1	1	1	0	0	0	0	1	1	0	0	1	1
point	1184	1076	3	3	1	3	1	3	1	3	1	3	1	3	1
point	1302	1178	0	0	1	0	1	0	1	0	1	0	1	0	1
point	2038	1836	0	0	1	2	0	1	0	0	1	2	0	0	1
point	347	319	2	2	1	2	1	2	1	2	1	2	1	2	1
point	1666	1508	3	0	0	0	0	2	0	2	0	2	0	0	0
point	1839	1661	3	3	1	3	1	3	1	3	1	3	1	3	1
point	2471	2231	0	1	0	1	0	3	0	3	0	2	0	2	0
point	1024	931	3	3	1	2	0	1	0	2	0	3	1	3	1
point	198	180	3	3	1	3	1	2	0	3	1	2	0	3	1
point	222	204	2	2	1	2	1	2	1	2	1	2	1	2	1
point	1319	1192	3	3	1	3	1	3	1	3	1	3	1	3	1
point	2247	2027	3	2	0	2	0	3	1	3	1	3	1	2	0
point	23	24	3	1	0	1	0	1	0	1	0	1	0	1	0
point	2104	1893	2	2	1	1	0	1	0	2	1	2	1	2	1
point	2272	2048	3	3	1	3	1	2	0	3	1	3	1	3	1
point	2240	2020	0	0	1	0	1	2	0	0	1	0	1	0	1
point	913	836	2	2	1	2	1	2	1	2	1	2	1	3	0
point	2639	2388	1	2	0	2	0	1	1	2	0	1	1	2	0
point	2638	2388	2	2	1	3	0	3	0	3	0	3	0	2	1
point	2634	2384	3	3	1	0	0	0	0	0	0	3	1	3	1
point	481	436	0	1	0	1	0	0	1	1	0	1	0	1	0
point	2329	2101	1	1	1	2	0	2	0	1	1	1	1	1	1
point	2513	2271	2	2	1	1	0	0	0	0	0	0	0	2	1
point	446	410	0	0	1	0	1	2	0	0	1	0	1	0	1
point	2284	2060	1	0	0	0	0	0	0	0	0	0	0	0	0
point	2596	2348	0	0	1	1	0	0	1	0	1	0	1	0	1
point	2635	2385	3	0	0	0	0	0	0	0	0	0	0	0	0
point	2480	2240	0	0	1	3	0	0	1	0	1	0	1	0	1
point	15	16	1	1	1	2	0	2	0	1	1	1	1	1	1
point	2510	2269	1	1	1	2	0	1	1	1	1	1	1	1	1
point	1423	1290	1	1	1	0	0	1	1	1	1	0	0	1	1
point	394	363	3	3	1	3	1	3	1	3	1	1	0	3	1
point	2152	1936	3	3	1	2	0	0	0	1	0	1	0	3	1
point	2150	1936	1	1	1	1	1	2	0	0	0	1	1	1	1
point	2015	1816	0	0	1	0	1	0	1	0	1	0	1	0	1
point	1742	1573	2	2	1	2	1	2	1	2	1	2	1	2	1
point	460	420	2	1	0	0	0	0	0	1	0	1	0	1	0
point	697	634	2	0	0	0	0	0	0	0	0	0	0	0	0
point	2066	1859	0	0	1	0	1	0	1	0	1	0	1	0	1
point	2067	1859	1	1	1	1	1	1	1	1	1	1	1	1	1
point	656	597	1	1	1	2	0	1	1	1	1	1	1	1	1
point	605	548	0	0	1	0	1	0	1	0	1	0	1	0	1
point	230	212	2	2	1	1	0	1	0	2	1	2	1	2	1
point	1124	1019	1	1	1	0	0	1	1	1	1	1	1	1	1
point	2553	2308	3	3	1	3	1	1	0	3	1	3	1	3	1
point	640	581	1	1	1	0	0	0	0	0	0	0	0	0	0
point	670	610	2	2	1	2	1	2	1	3	0	3	0	2	1
point	384	354	0	0	1	0	1	0	1	0	1	0	1	0	1
point	2020	1821	2	2	1	0	0	3	0	2	1	2	1	2	1
point	2364	2130	3	3	1	1	0	3	1	3	1	3	1	1	0
point	77	76	0	0	1	3	0	0	1	3	0	3	0	0	1
point	942	863	3	3	1	3	1	1	0	3	1	3	1	3	1
point	1272	1150	2	2	1	0	0	3	0	2	1	2	1	2	1
point	2276	2052	1	3	0	1	1	3	0	1	1	3	0	3	0
point	1884	1701	3	3	1	3	1	1	0	3	1	0	0	1	0
point	1246	1127	1	1	1	1	1	3	0	1	1	1	1	1	1
point	1713	1549	1	1	1	1	1	1	1	1	1	1	1	1	1
point	174	158	3	1	0	3	1	1	0	1	0	1	0	1	0
point	1001	912	0	0	1	0	1	3	0	0	1	0	1	0	1
point	2603	2355	3	3	1	3	1	3	1	3	1	3	1	3	1
point	967	882	1	1	1	3	0	3	0	1	1	1	1	1	1
point	968	882	1	1	1	1	1	2	0	1	1	1	1	1	1
point	969	882	1	1	1	1	1	0	0	1	1	1	1	1	1
point	2493	2253	1	1	1	2	0	1	1	1	1	1	1	1	1
point	1735	1568	1	1	1	1	1	1	1	1	1	1	1	1	1
point	668	608	2	2	1	1	0	1	0	2	1	3	0	2	1
point	846	773	2	2	1	2	1	2	1	2	1	2	1	2	1
point	1778	1606	1	1	1	3	0	0	0	0	0	0	0	1	1
point	2259	2036	0	0	1	0	1	0	1	0	1	0	1	0	1
point	126	120	1	2	0	1	1	1	1	2	0	2	0	2	0
point	1367	1236	0	0	1	0	1	3	0	0	1	0	1	0	1
point	1386	1254	1	1	1	1	1	0	0	1	1	1	1	1	1
point	2496	2256	3	2	0	2	0	2	0	2	0	2	0	2	0
point	944	865	3	3	1	3	1	3	1	3	1	3	1	3	1
point	1119	1015	0	0	1	0	1	0	1	0	1	2	0	0	1
point	998	909	0	0	1	3	0	0	1	0	1	1	0	1	0
point	1827	1651	1	1	1	3	0	1	1	3	0	1	1	1	1
point	2154	1937	0	0	1	2	0	3	0	0	1	2	0	0	1
point	2153	1937	3	3	1	2	0	0	0	0	0	0	0	3	1
point	1737	1570	0	0	1	3	0	1	0	0	1	3	0	0	1
point	1269	1147	2	2	1	0	0	2	1	2	1	2	1	2	1
point	2312	2086	3	3	1	1	0	0	0	0	0	0	0	3	1
point	1472	1336	3	0	0	3	1	0	0	0	0	0	0	0	0
point	1325	1197	3	3	1	3	1	3	1	3	1	3	1	3	1
point	1310	1184	1	3	0	3	0	2	0	3	0	3	0	3	0
point	2029	1828	2	0	0	3	0	3	0	3	0	1	0	0	0
point	726	660	1	1	1	1	1	1	1	1	1	1	1	1	1
point	1460	1325	0	3	0	0	1	1	0	0	1	3	0	0	1
point	239	221	0	0	1	0	1	0	1	0	1	0	1	0	1
point	233	215	1	1	1	0	0	1	1	1	1	1	1	1	1
point	1496	1357	3	3	1	3	1	1	0	3	1	3	1	3	1
point	518	468	3	0	0	1	0	0	0	1	0	1	0	0	0
point	2337	2107	1	2	0	2	0	1	1	1	1	1	1	0	0
point	2336	2107	1	1	1	1	1	1	1	1	1	2	0	1	1
point	214	196	1	1	1	0	0	1	1	1	1	1	1	1	1
point	2260	2037	2	0	0	3	0	3	0	1	0	2	1	3	0
point	2566	2320	0	0	1	2	0	2	0	0	1	2	0	0	1
point	1882	1699	3	3	1	1	0	2	0	0	0	3	1	3	1
point	687	626	1	1	1	1	1	1	1	1	1	1	1	1	1
point	1426	1292	3	3	1	3	1	1	0	3	1	3	1	3	1
point	287	266	3	3	1	3	1	3	1	3	1	3	1	3	1
point	1070	971	2	2	1	3	0	3	0	2	1	3	0	2	1
point	2216	1998	0	0	1	3	0	3	0	2	0	3	0	0	1
point	2109	1898	2	2	1	1	0	1	0	1	0	1	0	2	1
point	315	293	3	3	1	3	1	1	0	3	1	3	1	3	1
point	1608	1456	1	1	1	0	0	3	0	0	0	2	0	2	0
point	108	103	1	1	1	2	0	1	1	1	1	1	1	1	1
point	1260	1139	1	1	1	1	1	3	0	1	1	1	1	1	1
point	324	301	1	1	1	3	0	0	0	3	0	3	0	1	1
point	443	407	2	3	0	3	0	3	0	3	0	3	0	2	1
point	577	521	0	0	1	2	0	2	0	0	1	0	1	0	1
point	549	497	1	3	0	0	0	1	1	3	0	3	0	3	0
point	2006	1809	3	3	1	3	1	3	1	3	1	3	1	3	1
point	714	651	2	2	1	2	1	2	1	2	1	2	1	2	1
point	632	573	3	0	0	3	1	0	0	0	0	0	0	2	0
point	2048	1844	3	3	1	2	0	2	0	2	0	3	1	3	1
point	220	202	1	1	1	1	1	1	1	1	1	1	1	1	1
point	1183	1075	3	3	1	3	1	0	0	3	1	3	1	3	1
point	22	23	1	0	0	0	0	1	1	0	0	0	0	0	0
point	1004	915	2	2	1	2	1	2	1	2	1	2	1	2	1
point	908	831	3	2	0	1	0	2	0	2	0	2	0	2	0
point	1338	1209	0	0	1	2	0	2	0	0	1	0	1	0	1
point	1767	1596	3	3	1	3	1	2	0	3	1	3	1	3	1
point	1337	1209	2	1	0	1	0	1	0	1	0	1	0	1	0
point	607	550	3	3	1	0	0	0	0	0	0	0	0	3	1
point	1486	1348	2	2	1	2	1	1	0	2	1	2	1	2	1
point	2314	2088	0	0	1	0	1	0	1	0	1	0	1	0	1
point	1300	1176	1	1	1	3	0	1	1	1	1	1	1	1	1
point	2476	2236	0	0	1	0	1	0	1	0	1	0	1	0	1
point	1444	1309	2	0	0	0	0	0	0	0	0	0	0	0	0
point	2213	1995	2	2	1	2	1	2	1	2	1	2	1	2	1
point	116	111	3	3	1	2	0	2	0	3	1	2	0	3	1
point	2068	1860	0	0	1	0	1	1	0	0	1	0	1	0	1
point	1897	1712	0	2	0	1	0	2	0	0	1	1	0	2	0
point	2307	2081	3	3	1	0	0	0	0	3	1	3	1	3	1
point	176	160	1	1	1	1	1	1	1	1	1	1	1	1	1
point	2378	2144	1	1	1	0	0	1	1	1	1	1	1	1	1
point	1304	1180	0	0	1	0	1	0	1	0	1	0	1	0	1
point	2207	1989	2	2	1	2	1	2	1	2	1	2	1	2	1
point	2285	2061	1	1	1	1	1	2	0	1	1	1	1	1	1
point	2286	2061	2	2	1	2	1	2	1	2	1	0	0	2	1
point	38	38	2	3	0	3	0	3	0	2	1	2	1	2	1
point	2147	1933	2	2	1	0	0	2	1	2	1	0	0	2	1
point	2468	2228	2	0	0	0	0	0	0	0	0	0	0	0	0
point	218	200	0	0	1	1	0	1	0	0	1	0	1	0	1
point	956	873	2	2	1	2	1	2	1	2	1	3	0	3	0
point	957	873	3	0	0	0	0	3	1	0	0	2	0	0	0
point	2600	2352	0	0	1	0	1	2	0	0	1	0	1	0	1
point	217	199	1	1	1	0	0	2	0	1	1	3	0	1	1
point	2177	1960	2	1	0	2	1	0	0	1	0	1	0	1	0
point	1015	923	3	3	1	3	1	3	1	3	1	3	1	3	1
point	427	392	0	2	0	3	0	0	1	0	1	0	1	2	0
point	1248	1129	3	3	1	3	1	3	1	2	0	2	0	3	1
point	2174	1957	1	1	1	1	1	1	1	1	1	1	1	1	1
point	2581	2333	3	3	1	3	1	0	0	3	1	3	1	3	1
point	1253	1134	1	1	1	1	1	3	0	1	1	1	1	1	1
point	2435	2197	3	3	1	3	1	3	1	3	1	3	1	3	1
point	2436	2197	3	3	1	3	1	3	1	0	0	0	0	3	1
point	1384	1252	0	0	1	0	1	2	0	0	1	1	0	0	1
point	2107	1896	0	0	1	0	1	0	1	0	1	0	1	0	1
point	2366	2132	3	3	1	3	1	2	0	3	1	3	1	3	1
point	1354	1224	0	0	1	1	0	0	1	0	1	0	1	0	1
point	213	195	1	1	1	1	1	2	0	1	1	1	1	1	1
point	543	491	3	3	1	3	1	2	0	3	1	3	1	3	1
point	795	727	1	1	1	1	1	1	1	1	1	1	1	1	1
point	685	624	0	0	1	0	1	2	0	0	1	0	1	0	1
point	1631	1476	2	2	1	2	1	2	1	3	0	2	1	2	1
point	971	884	3	3	1	3	1	3	1	3	1	3	1	3	1
point	148	137	0	0	1	3	0	3	0	0	1	0	1	0	1
point	647	588	1	1	1	0	0	0	0	1	1	1	1	1	1
point	1685	1524	3	3	1	3	1	3	1	3	1	3	1	3	1
point	120	114	1	1	1	3	0	1	1	1	1	1	1	1	1
point	2096	1885	2	2	1	2	1	2	1	2	1	2	1	2	1
point	309	287	0	0	1	0	1	3	0	3	0	3	0	0	1
point	603	546	2	2	1	2	1	2	1	2	1	2	1	2	1
point	2438	2199	3	1	0	2	0	3	1	1	0	1	0	1	0
point	2441	2202	2	2	1	2	1	2	1	2	1	2	1	2	1
point	497	448	1	1	1	1	1	1	1	0	0	0	0	1	1
point	2455	2215	2	2	1	2	1	2	1	3	0	2	1	2	1
point	1128	1023	3	3	1	3	1	3	1	3	1	3	1	3	1
point	2280	2056	3	0	0	0	0	1	0	0	0	0	0	0	0
point	1664	1506	2	2	1	2	1	0	0	2	1	2	1	2	1
point	1794	1619	0	2	0	1	0	1	0	0	1	0	1	2	0
point	297	276	1	0	0	0	0	2	0	2	0	2	0	0	0
point	2573	2326	1	1	1	3	0	3	0	0	0	3	0	1	1
point	1470	1334	3	3	1	3	1	3	1	3	1	3	1	3	1
point	906	829	2	2	1	0	0	2	1	2	1	2	1	2	1
point	611	554	0	0	1	0	1	0	1	0	1	0	1	0	1
point	2156	1939	3	3	1	3	1	3	1	3	1	3	1	3	1
point	1873	1690	3	3	1	3	1	1	0	3	1	3	1	3	1
point	1052	954	3	3	1	1	0	1	0	1	0	1	0	3	1
point	754	687	2	2	1	2	1	2	1	2	1	2	1	2	1
point	66	65	3	0	0	3	1	3	1	3	1	0	0	0	0
point	1110	1007	0	0	1	0	1	0	1	0	1	0	1	0	1
point	1369	1238	2	0	0	0	0	2	1	2	1	3	0	2	1
point	71	70	1	1	1	3	0	1	1	0	0	1	1	1	1
point	103	98	2	0	0	0	0	1	0	0	0	0	0	0	0
point	268	247	0	3	0	3	0	2	0	3	0	3	0	3	0
point	267	247	2	2	1	0	0	0	0	0	0	0	0	2	1
point	952	871	0	0	1	0	1	3	0	3	0	0	1	0	1
point	1935	1745	0	0	1	0	1	0	1	0	1	0	1	0	1
point	1372	1241	3	3	1	1	0	1	0	1	0	3	1	3	1
point	1655	1497	1	1	1	1	1	1	1	1	1	1	1	1	1
point	1375	1244	3	0	0	3	1	3	1	0	0	0	0	0	0
point	624	565	2	3	0	3	0	2	1	2	1	3	0	2	1
point	887	812	0	0	1	0	1	2	0	0	1	0	1	0	1
point	1018	926	2	3	0	3	0	0	0	3	0	2	1	3	0
point	432	397	3	3	1	0	0	1	0	2	0	3	1	3	1
point	1765	1594	2	1	0	3	0	1	0	0	0	2	1	1	0
point	1650	1492	3	3	1	3	1	0	0	3	1	3	1	3	1
point	2380	2146	1	1	1	3	0	0	0	3	0	1	1	1	1
point	1898	1713	1	1	1	1	1	2	0	1	1	1	1	1	1
point	2102	1891	1	0	0	2	0	0	0	2	0	2	0	1	1
point	480	435	2	2	1	3	0	2	1	2	1	3	0	2	1
point	2190	1972	3	1	0	3	1	3	1	3	1	3	1	3	1
point	467	425	2	2	1	2	1	2	1	2	1	2	1	2	1
point	468	425	3	3	1	0	0	3	1	3	1	0	0	3	1
point	782	714	2	2	1	2	1	2	1	2	1	2	1	2	1
point	275	254	2	2	1	3	0	1	0	2	1	2	1	0	0
point	72	71	0	0	1	2	0	3	0	3	0	3	0	0	1
point	2511	2270	2	2	1	3	0	3	0	2	1	2	1	2	1
point	319	297	1	0	0	0	0	0	0	0	0	0	0	1	1
point	2575	2328	1	1	1	1	1	1	1	1	1	1	1	1	1
point	1999	1803	0	3	0	2	0	3	0	3	0	3	0	0	1
point	2362	2128	0	0	1	2	0	0	1	3	0	0	1	0	1
point	2414	2177	0	0	1	0	1	2	0	0	1	0	1	0	1
point	2413	2177	3	3	1	0	0	0	0	0	0	0	0	3	1
point	1382	1250	1	1	1	1	1	0	0	3	0	1	1	1	1
point	731	665	0	0	1	1	0	0	1	0	1	0	1	0	1
point	925	846	3	3	1	3	1	3	1	3	1	3	1	3	1
point	732	666	1	3	0	3	0	3	0	3	0	2	0	3	0
point	1788	1614	2	2	1	0	0	2	1	2	1	2	1	2	1
point	700	637	2	2	1	0	0	2	1	0	0	2	1	2	1
point	2442	2203	3	3	1	3	1	3	1	3	1	3	1	3	1
point	1501	1361	2	2	1	2	1	2	1	2	1	2	1	2	1
point	1151	1045	3	3	1	3	1	3	1	3	1	3	1	3	1
point	1276	1154	3	3	1	1	0	3	1	1	0	3	1	3	1
point	1846	1667	3	3	1	3	1	0	0	3	1	3	1	3	1
point	1443	1308	1	2	0	2	0	2	0	2	0	2	0	1	1
point	1048	951	3	3	1	1	0	2	0	0	0	1	0	3	1
point	2462	2222	3	3	1	2	0	2	0	2	0	2	0	3	1
point	2146	1932	1	1	1	1	1	1	1	1	1	1	1	1	1
point	193	175	0	0	1	1	0	1	0	0	1	0	1	0	1
point	1105	1002	3	0	0	0	0	0	0	0	0	0	0	0	0
point	1763	1592	1	1	1	1	1	2	0	1	1	1	1	1	1
point	1762	1592	2	2	1	2	1	2	1	2	1	2	1	2	1
point	2193	1975	1	1	1	0	0	0	0	1	1	1	1	1	1
point	1782	1609	1	1	1	1	1	1	1	1	1	1	1	1	1
point	589	532	0	0	1	3	0	0	1	3	0	0	1	0	1
point	1982	1788	3	3	1	3	1	3	1	3	1	3	1	3	1
point	138	129	2	2	1	3	0	2	1	3	0	3	0	2	1
point	2125	1913	3	3	1	3	1	0	0	2	0	3	1	3	1
point	1351	1221	2	2	1	3	0	2	1	3	0	3	0	2	1
point	2637	2387	1	1	1	1	1	2	0	1	1	1	1	1	1
point	1440	1305	1	1	1	1	1	1	1	3	0	1	1	1	1
point	1950	1759	3	3	1	3	1	3	1	1	0	3	1	3	1
point	2527	2284	3	3	1	3	1	2	0	3	1	3	1	3	1
point	987	899	0	0	1	0	1	0	1	0	1	0	1	0	1
point	1278	1156	3	3	1	0	0	1	0	0	0	1	0	0	0
point	900	823	1	2	0	3	0	2	0	0	0	0	0	2	0
point	620	561	3	3	1	2	0	0	0	2	0	3	1	3	1
point	2192	1974	2	2	1	2	1	2	1	2	1	2	1	2	1
point	279	258	0	0	1	2	0	2	0	2	0	2	0	0	1
point	1549	1405	3	3	1	0	0	2	0	2	0	2	0	3	1
point	1694	1531	0	0	1	0	1	0	1	0	1	2	0	0	1
point	1693	1531	1	2	0	2	0	2	0	2	0	2	0	2	0
point	1288	1164	1	3	0	3	0	1	1	3	0	3	0	3	0
point	1961	1769	1	1	1	1	1	1	1	1	1	1	1	1	1
point	1432	1298	1	0	0	0	0	0	0	0	0	0	0	0	0
point	1836	1658	1	0	0	0	0	0	0	0	0	0	0	3	0
point	936	857	2	2	1	2	1	1	0	2	1	2	1	2	1
point	651	592	0	0	1	0	1	0	1	0	1	0	1	0	1
point	284	263	2	2	1	2	1	2	1	2	1	2	1	2	1
point	1217	1104	0	0	1	0	1	3	0	0	1	1	0	0	1
point	70	69	3	3	1	0	0	3	1	2	0	3	1	3	1
point	1856	1676	2	2	1	2	1	2	1	2	1	2	1	2	1
point	1981	1787	1	1	1	0	0	2	0	1	1	1	1	1	1
point	1518	1376	2	2	1	1	0	0	0	2	1	1	0	2	1
point	2526	2283	1	1	1	1	1	1	1	1	1	1	1	1	1
point	2627	2378	0	0	1	0	1	0	1	0	1	0	1	0	1
point	45	45	0	0	1	0	1	2	0	0	1	0	1	0	1
point	1567	1418	2	2	1	2	1	0	0	1	0	1	0	2	1
point	1379	1247	1	3	0	3	0	3	0	3	0	3	0	3	0
point	2433	2195	0	0	1	0	1	1	0	0	1	0	1	0	1
point	1569	1420	3	3	1	2	0	2	0	3	1	3	1	3	1
point	2618	2370	1	1	1	1	1	1	1	1	1	1	1	1	1
point	2206	1988	0	0	1	3	0	3	0	3	0	3	0	0	1
point	2348	2117	2	2	1	2	1	2	1	2	1	2	1	2	1
point	410	377	0	0	1	0	1	0	1	0	1	0	1	0	1
point	1731	1565	2	2	1	2	1	2	1	2	1	2	1	2	1
point	1732	1565	1	1	1	1	1	1	1	1	1	1	1	1	1
point	2405	2169	1	2	0	2	0	2	0	2	0	2	0	2	0
point	226	208	2	3	0	3	0	3	0	3	0	3	0	3	0
point	1749	1580	3	3	1	2	0	3	1	1	0	2	0	3	1
point	1730	1564	1	1	1	1	1	1	1	1	1	1	1	1	1
point	814	745	0	0	1	3	0	3	0	3	0	3	0	0	1
point	19	20	1	1	1	0	0	0	0	1	1	1	1	1	1
point	2011	1812	1	1	1	3	0	0	0	1	1	1	1	1	1
point	2419	2181	1	1	1	1	1	1	1	1	1	1	1	1	1
point	311	289	2	0	0	1	0	2	1	0	0	1	0	2	1
point	964	879	3	0	0	1	0	1	0	1	0	0	0	0	0
point	1035	941	0	3	0	3	0	0	1	3	0	3	0	3	0
point	2344	2113	1	1	1	1	1	3	0	1	1	1	1	1	1
point	1349	1219	1	1	1	3	0	3	0	1	1	1	1	1	1
point	891	816	1	1	1	1	1	1	1	1	1	1	1	1	1
point	187	169	0	0	1	2	0	0	1	3	0	2	0	0	1
point	87	84	1	1	1	3	0	3	0	3	0	3	0	1	1
point	2408	2172	3	1	0	1	0	1	0	1	0	1	0	1	0
point	1442	1307	2	2	1	3	0	3	0	2	1	2	1	2	1
point	1860	1680	2	2	1	0	0	0	0	2	1	0	0	2	1
point	631	572	0	0	1	1	0	1	0	0	1	0	1	0	1
point	67	66	2	1	0	1	0	1	0	1	0	1	0	1	0
point	2615	2367	3	1	0	0	0	3	1	1	0	1	0	1	0
point	2225	2005	0	0	1	0	1	0	1	0	1	0	1	0	1
point	2025	1824	0	0	1	0	1	0	1	0	1	0	1	0	1
point	787	719	0	0	1	0	1	0	1	0	1	0	1	0	1
point	2058	1852	1	1	1	1	1	1	1	1	1	1	1	1	1
point	381	351	3	3	1	0	0	1	0	2	0	2	0	3	1
point	2133	1921	2	2	1	3	0	2	1	3	0	3	0	3	0
point	61	60	2	2	1	2	1	2	1	2	1	2	1	2	1
point	1533	1391	3	3	1	3	1	0	0	3	1	2	0	3	1
point	639	580	3	3	1	0	0	0	0	3	1	3	1	3	1
point	1391	1259	2	1	0	1	0	3	0	1	0	1	0	1	0
point	1454	1319	3	3	1	3	1	3	1	3	1	3	1	3	1
point	425	390	0	0	1	0	1	0	1	2	0	0	1	0	1
point	424	390	2	1	0	2	1	2	1	0	0	1	0	2	1
point	1277	1155	2	2	1	0	0	2	1	0	0	0	0	2	1
point	246	226	0	0	1	2	0	1	0	0	1	0	1	0	1
point	2305	2079	1	1	1	1	1	1	1	1	1	1	1	1	1
point	2309	2083	1	1	1	3	0	3	0	3	0	3	0	1	1
point	134	126	0	0	1	2	0	3	0	0	1	0	1	0	1
point	133	126	2	2	1	2	1	0	0	2	1	3	0	2	1
point	135	126	1	1	1	1	1	2	0	1	1	1	1	1	1
point	562	508	1	1	1	3	0	3	0	2	0	3	0	1	1
point	2467	2227	1	0	0	0	0	1	1	1	1	1	1	1	1
point	1647	1490	2	2	1	1	0	0	0	0	0	3	0	2	1
point	883	808	0	0	1	3	0	2	0	3	0	0	1	0	1
point	515	465	0	1	0	0	1	0	1	1	0	1	0	1	0
point	2403	2167	1	1	1	1	1	2	0	1	1	1	1	1	1
point	2402	2167	2	2	1	1	0	3	0	2	1	2	1	2	1
point	2056	1851	2	2	1	3	0	3	0	2	1	3	0	2	1
point	2057	1851	0	0	1	2	0	0	1	3	0	3	0	0	1
point	789	721	3	3	1	3	1	3	1	3	1	1	0	3	1
point	348	320	0	0	1	0	1	3	0	0	1	0	1	0	1
point	1892	1707	3	3	1	3	1	3	1	3	1	3	1	3	1
point	1033	939	3	3	1	3	1	3	1	3	1	3	1	3	1
point	721	656	1	1	1	3	0	0	0	3	0	0	0	1	1
point	486	440	3	3	1	3	1	0	0	3	1	3	1	3	1
point	485	440	0	2	0	3	0	2	0	2	0	2	0	2	0
point	2323	2096	2	2	1	2	1	2	1	2	1	2	1	2	1
point	680	619	2	2	1	2	1	2	1	2	1	2	1	2	1
point	1092	990	2	2	1	2	1	2	1	2	1	2	1	2	1
point	1469	1333	2	2	1	3	0	2	1	3	0	1	0	2	1
point	545	493	0	0	1	2	0	3	0	0	1	2	0	0	1
point	1531	1389	2	0	0	2	1	0	0	0	0	0	0	0	0
point	822	752	2	2	1	2	1	3	0	2	1	1	0	2	1
point	1520	1378	0	0	1	0	1	3	0	0	1	0	1	0	1
point	89	86	0	3	0	0	1	1	0	0	1	0	1	3	0
point	323	300	1	1	1	1	1	1	1	1	1	1	1	1	1
point	290	269	0	0	1	0	1	2	0	0	1	2	0	0	1
point	681	620	2	0	0	3	0	0	0	1	0	3	0	2	1
point	1796	1621	2	2	1	1	0	0	0	2	1	3	0	2	1
point	1283	1160	3	2	0	2	0	3	1	2	0	2	0	2	0
point	484	439	1	1	1	1	1	1	1	1	1	1	1	1	1
point	90	87	0	0	1	0	1	0	1	0	1	0	1	0	1
point	2230	2010	2	2	1	0	0	3	0	3	0	1	0	2	1
point	791	723	3	3	1	3	1	3	1	3	1	3	1	3	1
point	2273	2049	1	1	1	3	0	3	0	0	0	0	0	3	0
point	1474	1338	3	3	1	3	1	1	0	3	1	3	1	3	1
point	1706	1542	1	3	0	3	0	3	0	3	0	3	0	3	0
point	54	53	2	2	1	1	0	1	0	0	0	0	0	2	1
point	395	364	0	0	1	1	0	2	0	1	0	1	0	0	1
point	200	182	1	1	1	0	0	2	0	0	0	1	1	1	1
point	1256	1136	2	2	1	1	0	1	0	2	1	3	0	2	1
point	1255	1136	3	3	1	3	1	3	1	3	1	3	1	3	1
point	2234	2014	2	2	1	3	0	3	0	3	0	3	0	3	0
point	436	401	2	2	1	2	1	0	0	2	1	2	1	2	1
point	366	337	3	3	1	3	1	3	1	3	1	3	1	3	1
point	2631	2381	0	0	1	0	1	0	1	0	1	0	1	0	1
point	383	353	2	2	1	0	0	1	0	0	0	0	0	0	0
point	1847	1668	1	1	1	3	0	1	1	1	1	2	0	1	1
point	1254	1135	1	0	0	0	0	0	0	0	0	0	0	0	0
point	1233	1117	2	2	1	2	1	1	0	2	1	2	1	2	1
point	650	591	0	0	1	0	1	0	1	0	1	0	1	0	1
point	355	327	3	3	1	1	0	3	1	2	0	3	1	3	1
point	1079	980	2	2	1	0	0	0	0	2	1	0	0	2	1
point	1581	1430	0	0	1	1	0	1	0	0	1	1	0	0	1
point	235	217	1	1	1	2	0	1	1	1	1	1	1	1	1
point	1366	1235	2	2	1	2	1	3	0	2	1	1	0	2	1
point	776	708	2	2	1	2	1	3	0	2	1	2	1	2	1
point	2350	2118	0	2	0	0	1	0	1	2	0	1	0	2	0
point	780	712	3	3	1	1	0	3	1	0	0	1	0	3	1
point	2349	2118	2	2	1	0	0	0	0	0	0	3	0	0	0
point	2250	2029	3	1	0	1	0	0	0	0	0	0	0	1	0
point	2249	2029	0	0	1	2	0	2	0	3	0	2	0	0	1
point	2224	2004	2	2	1	2	1	1	0	2	1	2	1	2	1
point	2194	1976	1	1	1	1	1	3	0	1	1	1	1	1	1
point	129	122	0	0	1	2	0	0	1	0	1	1	0	0	1
point	1257	1137	1	1	1	1	1	2	0	1	1	1	1	1	1
point	128	122	2	2	1	2	1	3	0	2	1	2	1	2	1
point	1598	1446	2	3	0	3	0	2	1	3	0	1	0	3	0
point	1081	982	3	3	1	0	0	3	1	3	1	3	1	3	1
point	1003	914	0	1	0	0	1	0	1	1	0	1	0	1	0
point	1082	982	2	2	1	2	1	0	0	2	1	2	1	2	1
point	2538	2295	3	3	1	3	1	3	1	3	1	3	1	3	1
point	2426	2188	2	2	1	2	1	0	0	2	1	2	1	2	1
point	1937	1747	2	2	1	2	1	3	0	1	0	1	0	1	0
point	1158	1050	1	3	0	3	0	3	0	0	0	0	0	1	1
point	1157	1050	3	3	1	3	1	0	0	0	0	0	0	3	1
point	2483	2243	0	2	0	3	0	1	0	3	0	0	1	0	1
point	65	64	1	1	1	0	0	1	1	3	0	0	0	1	1
point	157	144	2	3	0	3	0	3	0	3	0	3	0	3	0
point	1877	1694	2	2	1	3	0	2	1	3	0	3	0	2	1
point	1824	1648	1	1	1	3	0	1	1	2	0	1	1	1	1
point	1284	1161	0	3	0	3	0	3	0	3	0	3	0	3	0
point	1285	1161	0	2	0	2	0	0	1	2	0	2	0	2	0
point	2641	2390	1	1	1	1	1	1	1	0	0	0	0	1	1
point	1725	1559	2	2	1	1	0	0	0	0	0	2	1	2	1
point	1858	1678	1	3	0	3	0	2	0	3	0	3	0	3	0
point	2412	2176	3	3	1	3	1	3	1	3	1	1	0	3	1
point	2524	2281	0	1	0	0	1	0	1	0	1	0	1	1	0
point	2523	2281	3	3	1	3	1	3	1	3	1	3	1	3	1
point	516	466	3	3	1	3	1	3	1	3	1	3	1	3	1
point	1153	1047	3	3	1	3	1	3	1	3	1	0	0	3	1
point	2065	1858	1	1	1	2	0	2	0	1	1	1	1	1	1
point	470	427	0	0	1	2	0	2	0	1	0	0	1	0	1
point	2443	2204	2	2	1	2	1	2	1	2	1	2	1	2	1
point	633	574	3	3	1	0	0	0	0	0	0	3	1	3	1
point	2031	1830	1	1	1	1	1	1	1	1	1	1	1	1	1
point	1172	1064	2	0	0	2	1	2	1	3	0	3	0	3	0
point	1344	1215	2	2	1	0	0	0	0	2	1	2	1	2	1
point	365	336	3	3	1	0	0	1	0	0	0	0	0	3	1
point	1848	1669	3	3	1	3	1	1	0	3	1	3	1	3	1
point	1044	947	1	1	1	1	1	2	0	1	1	1	1	1	1
point	333	307	2	2	1	3	0	0	0	3	0	3	0	2	1
point	859	785	3	1	0	1	0	1	0	3	1	1	0	1	0
point	1279	1157	3	3	1	3	1	3	1	3	1	3	1	3	1
point	2454	2214	2	2	1	0	0	2	1	0	0	0	0	0	0
point	642	583	1	1	1	0	0	0	0	0	0	0	0	1	1
point	755	688	2	3	0	3	0	3	0	3	0	3	0	3	0
point	2465	2225	3	3	1	3	1	2	0	3	1	3	1	3	1
point	1263	1141	2	2	1	1	0	3	0	1	0	2	1	2	1
point	2092	1882	1	1	1	1	1	2	0	2	0	1	1	1	1
point	2091	1882	0	2	0	3	0	1	0	1	0	0	1	2	0
point	2093	1882	1	1	1	1	1	1	1	1	1	1	1	1	1
point	1182	1074	1	1	1	1	1	1	1	1	1	1	1	1	1
point	2316	2090	0	0	1	1	0	0	1	1	0	3	0	0	1
point	426	391	0	0	1	2	0	1	0	0	1	0	1	0	1
point	2585	2337	2	2	1	2	1	2	1	2	1	2	1	2	1
point	263	243	1	1	1	3	0	3	0	3	0	1	1	1	1
point	368	339	3	3	1	3	1	3	1	3	1	3	1	3	1
point	330	304	3	3	1	3	1	0	0	3	1	3	1	3	1
point	286	265	1	1	1	3	0	3	0	1	1	1	1	1	1
point	438	403	0	0	1	0	1	0	1	0	1	0	1	0	1
point	852	779	2	2	1	2	1	0	0	2	1	2	1	2	1
point	2331	2103	1	2	0	2	0	2	0	2	0	2	0	2	0
point	277	256	1	1	1	2	0	3	0	1	1	1	1	1	1
point	1123	1018	3	3	1	0	0	3	1	3	1	3	1	3	1
point	1331	1203	1	1	1	1	1	3	0	1	1	1	1	1	1
point	109	104	2	3	0	3	0	2	1	3	0	3	0	3	0
point	2649	2396	0	0	1	3	0	0	1	0	1	0	1	0	1
point	1512	1371	0	0	1	0	1	0	1	0	1	0	1	0	1
point	2439	2200	3	3	1	3	1	3	1	3	1	3	1	3	1
point	180	163	1	1	1	0	0	0	0	0	0	3	0	1	1
point	179	163	1	2	0	2	0	2	0	2	0	2	0	2	0
point	594	537	3	3	1	2	0	1	0	2	0	2	0	3	1
point	1482	1345	3	3	1	3	1	3	1	3	1	3	1	3	1
point	391	360	0	0	1	3	0	3	0	3	0	2	0	3	0
point	340	312	3	3	1	3	1	1	0	3	1	3	1	2	0
point	895	819	3	3	1	0	0	0	0	3	1	3	1	3	1
point	513	463	1	0	0	2	0	1	1	0	0	0	0	0	0
point	1160	1052	2	2	1	2	1	2	1	2	1	2	1	2	1
point	1455	1320	0	3	0	2	0	2	0	3	0	3	0	3	0
point	2184	1966	1	1	1	1	1	1	1	1	1	1	1	1	1
point	728	662	1	0	0	2	0	2	0	2	0	2	0	0	0
point	1616	1463	3	3	1	3	1	3	1	3	1	3	1	3	1
point	950	869	1	1	1	1	1	0	0	0	0	0	0	1	1
point	949	869	0	0	1	0	1	0	1	0	1	0	1	0	1
point	948	869	1	1	1	1	1	1	1	1	1	1	1	3	0
point	387	357	0	0	1	0	1	0	1	0	1	0	1	0	1
point	2024	1823	1	1	1	1	1	2	0	1	1	1	1	1	1
point	2023	1823	3	0	0	2	0	2	0	0	0	0	0	0	0
point	534	484	2	2	1	2	1	2	1	2	1	2	1	2	1
point	1653	1495	1	1	1	0	0	1	1	0	0	0	0	0	0
point	2485	2245	0	0	1	0	1	0	1	0	1	0	1	0	1
point	360	331	0	0	1	0	1	0	1	0	1	1	0	0	1
point	334	308	3	3	1	1	0	3	1	3	1	3	1	3	1
point	303	282	3	1	0	0	0	3	1	2	0	3	1	1	0
point	2466	2226	3	3	1	2	0	2	0	2	0	2	0	3	1
point	373	343	1	1	1	1	1	1	1	1	1	1	1	1	1
point	2183	1965	0	2	0	0	1	1	0	2	0	0	1	2	0
point	299	278	3	3	1	1	0	1	0	1	0	1	0	1	0
point	8	10	1	1	1	1	1	3	0	1	1	1	1	1	1
point	704	641	1	1	1	1	1	1	1	1	1	0	0	1	1
point	2423	2185	0	0	1	1	0	0	1	0	1	0	1	0	1
point	271	250	2	2	1	2	1	3	0	2	1	3	0	2	1
point	94	91	3	3	1	2	0	0	0	3	1	2	0	3	1
point	83	81	0	0	1	0	1	0	1	0	1	0	1	0	1
point	2321	2094	3	3	1	3	1	3	1	3	1	3	1	3	1
point	1991	1795	2	2	1	2	1	2	1	2	1	2	1	2	1
point	909	832	1	1	1	1	1	2	0	1	1	1	1	2	0
point	1321	1194	2	2	1	2	1	2	1	2	1	2	1	2	1
point	1100	997	0	0	1	1	0	0	1	0	1	0	1	0	1
point	1711	1547	2	2	1	0	0	0	0	0	0	0	0	2	1
point	278	257	2	0	0	0	0	2	1	1	0	0	0	1	0
point	1939	1749	0	0	1	3	0	3	0	0	1	3	0	0	1
point	1216	1103	0	0	1	2	0	3	0	2	0	0	1	0	1
point	834	762	3	1	0	2	0	0	0	2	0	2	0	1	0
point	835	762	2	2	1	2	1	2	1	2	1	2	1	2	1
point	1104	1001	0	0	1	0	1	0	1	0	1	0	1	0	1
point	1893	1708	3	3	1	0	0	0	0	3	1	1	0	3	1
point	1596	1444	2	3	0	3	0	1	0	3	0	3	0	3	0
point	723	658	0	0	1	1	0	0	1	0	1	1	0	0	1
point	2258	2035	1	1	1	1	1	1	1	1	1	1	1	1	1
point	1352	1222	1	1	1	0	0	2	0	1	1	1	1	1	1
point	1799	1624	3	3	1	3	1	1	0	3	1	3	1	3	1
point	615	557	1	1	1	0	0	2	0	1	1	0	0	1	1
point	616	557	3	1	0	1	0	1	0	1	0	1	0	1	0
point	708	645	2	2	1	1	0	0	0	2	1	2	1	2	1
point	2143	1930	0	0	1	0	1	0	1	0	1	0	1	0	1
point	2406	2170	1	1	1	0	0	1	1	1	1	1	1	1	1
point	487	441	3	3	1	2	0	2	0	3	1	3	1	3	1
point	662	603	3	3	1	1	0	1	0	3	1	3	1	3	1
point	1515	1373	1	1	1	0	0	0	0	1	1	0	0	1	1
point	1514	1373	2	1	0	1	0	1	0	1	0	1	0	1	0
point	1362	1231	2	1	0	2	1	2	1	1	0	1	0	1	0
point	2623	2375	0	0	1	0	1	2	0	0	1	0	1	0	1
point	162	149	2	2	1	2	1	2	1	2	1	2	1	2	1
point	447	411	1	1	1	0	0	0	0	1	1	2	0	2	0
point	870	795	2	2	1	0	0	3	0	2	1	2	1	3	0
point	151	139	0	3	0	3	0	0	1	0	1	0	1	3	0
point	979	892	3	1	0	2	0	2	0	2	0	2	0	1	0
point	2563	2317	2	2	1	2	1	2	1	2	1	2	1	2	1
point	1356	1226	0	0	1	1	0	2	0	0	1	0	1	0	1
point	1987	1792	0	0	1	1	0	0	1	0	1	0	1	0	1
point	1642	1485	3	3	1	0	0	0	0	3	1	3	1	3	1
point	225	207	1	1	1	1	1	2	0	1	1	1	1	1	1
point	1641	1484	0	0	1	0	1	0	1	0	1	0	1	0	1
point	2124	1912	0	0	1	2	0	0	1	0	1	0	1	0	1
point	799	731	2	1	0	3	0	3	0	3	0	3	0	1	0
point	2546	2303	1	3	0	3	0	2	0	2	0	3	0	2	0
point	132	125	1	1	1	1	1	2	0	1	1	1	1	1	1
point	2369	2135	1	3	0	3	0	1	1	3	0	3	0	3	0
point	1265	1143	0	0	1	3	0	0	1	0	1	0	1	0	1
point	389	358	2	2	1	3	0	3	0	2	1	2	1	2	1
point	2622	2374	3	3	1	3	1	1	0	3	1	3	1	3	1
point	1072	973	3	2	0	2	0	3	1	2	0	3	1	2	0
point	2607	2359	0	0	1	1	0	1	0	0	1	0	1	0	1
point	1202	1091	1	1	1	0	0	0	0	1	1	1	1	1	1
point	2529	2286	1	1	1	3	0	0	0	3	0	3	0	1	1
point	398	367	1	1	1	0	0	0	0	1	1	0	0	1	1
point	2064	1857	0	0	1	1	0	1	0	0	1	0	1	0	1
point	1948	1757	1	1	1	3	0	3	0	3	0	3	0	1	1
point	1030	936	0	0	1	0	1	0	1	0	1	3	0	0	1
point	2097	1886	1	1	1	1	1	1	1	1	1	1	1	1	1
point	2144	1931	3	3	1	3	1	3	1	3	1	3	1	3	1
point	1733	1566	2	2	1	2	1	2	1	2	1	3	0	2	1
point	1923	1734	2	2	1	2	1	2	1	2	1	2	1	2	1
point	96	93	0	0	1	0	1	0	1	0	1	0	1	0	1
point	173	157	2	2	1	0	0	0	0	2	1	2	1	2	1
point	2477	2237	3	1	0	3	1	3	1	3	1	1	0	1	0
point	1080	981	2	2	1	2	1	3	0	2	1	2	1	2	1
point	649	590	0	0	1	0	1	0	1	0	1	0	1	0	1
point	973	886	1	1	1	1	1	1	1	1	1	1	1	1	1
point	1670	1511	1	1	1	3	0	3	0	1	1	1	1	1	1
point	1154	1048	2	2	1	3	0	2	1	1	0	3	0	2	1
point	2368	2134	0	0	1	0	1	0	1	0	1	0	1	0	1
point	684	623	3	3	1	3	1	0	0	3	1	3	1	3	1
point	984	896	3	3	1	2	0	2	0	1	0	1	0	3	1
point	1530	1388	2	2	1	2	1	2	1	2	1	2	1	2	1
point	1408	1275	1	1	1	1	1	0	0	1	1	1	1	1	1
point	1729	1563	2	0	0	2	1	2	1	2	1	2	1	0	0
point	406	374	0	0	1	3	0	0	1	0	1	0	1	3	0
point	1096	994	0	0	1	2	0	1	0	1	0	2	0	0	1
point	504	455	0	0	1	0	1	0	1	0	1	0	1	0	1
point	720	655	1	1	1	1	1	1	1	1	1	1	1	1	1
point	0	0	1	1	1	0	0	3	0	1	1	1	1	1	1
point	1989	1793	3	1	0	3	1	1	0	3	1	3	1	3	1
point	2018	1819	0	0	1	0	1	1	0	0	1	0	1	0	1
point	1053	955	2	2	1	3	0	3	0	3	0	3	0	2	1
point	503	454	1	1	1	0	0	0	0	0	0	0	0	1	1
point	2311	2085	3	3	1	3	1	2	0	3	1	3	1	2	0
point	878	803	1	1	1	1	1	2	0	2	0	2	0	1	1
point	159	146	1	3	0	3	0	2	0	3	0	3	0	3	0
point	801	733	0	0	1	0	1	1	0	1	0	0	1	1	0
point	510	460	1	1	1	1	1	1	1	1	1	1	1	1	1
point	177	161	0	0	1	0	1	0	1	0	1	0	1	0	1
point	885	810	1	0	0	1	1	2	0	2	0	2	0	0	0
point	194	176	0	0	1	1	0	0	1	0	1	1	0	0	1
point	1435	1300	1	1	1	1	1	1	1	1	1	1	1	1	1
point	1434	1300	1	1	1	2	0	2	0	1	1	2	0	1	1
point	144	133	1	1	1	3	0	2	0	3	0	3	0	3	0
point	143	133	0	0	1	0	1	0	1	0	1	0	1	0	1
point	1069	970	2	1	0	1	0	2	1	2	1	1	0	1	0
point	1805	1630	3	3	1	3	1	3	1	3	1	3	1	3	1
point	550	498	1	1	1	1	1	1	1	1	1	1	1	1	1
point	2539	2296	3	3	1	3	1	3	1	3	1	3	1	3	1
point	372	342	1	1	1	2	0	2	0	2	0	2	0	2	0
point	1888	1704	0	3	0	3	0	3	0	3	0	3	0	3	0
point	1887	1704	0	3	0	2	0	3	0	3	0	2	0	3	0
point	1718	1553	1	1	1	1	1	1	1	1	1	1	1	1	1
point	266	246	3	0	0	2	0	2	0	2	0	2	0	3	1
point	2090	1881	3	3	1	0	0	3	1	0	0	0	0	3	1
point	2519	2277	2	1	0	0	0	2	1	1	0	0	0	1	0
point	1475	1339	2	2	1	2	1	2	1	2	1	2	1	2	1
point	946	867	1	1	1	2	0	2	0	1	1	1	1	1	1
point	2568	2322	3	0	0	3	1	3	1	0	0	0	0	0	0
point	397	366	3	3	1	2	0	2	0	0	0	3	1	3	1
point	1660	1502	0	0	1	3	0	3	0	0	1	3	0	0	1
point	1571	1421	1	1	1	3	0	0	0	0	0	0	0	1	1
point	1570	1421	1	1	1	3	0	1	1	1	1	3	0	1	1
point	2427	2189	2	2	1	0	0	1	0	1	0	3	0	2	1
point	2043	1840	1	3	0	3	0	3	0	3	0	3	0	3	0
point	1721	1555	1	1	1	1	1	1	1	1	1	1	1	1	1
point	1348	1218	1	1	1	2	0	2	0	2	0	2	0	1	1
point	858	784	3	3	1	3	1	3	1	3	1	3	1	3	1
point	141	131	0	0	1	2	0	2	0	0	1	1	0	0	1
point	1099	996	0	0	1	0	1	1	0	0	1	0	1	0	1
point	1509	1368	1	1	1	0	0	1	1	1	1	1	1	1	1
point	766	699	3	3	1	3	1	3	1	3	1	3	1	3	1
point	665	606	0	0	1	3	0	1	0	0	1	3	0	0	1
point	296	275	1	1	1	3	0	2	0	1	1	1	1	1	1
point	32	32	2	2	1	3	0	3	0	2	1	2	1	2	1
point	345	317	3	3	1	3	1	3	1	3	1	3	1	3	1
point	337	309	2	2	1	2	1	2	1	2	1	2	1	2	1
point	336	309	2	2	1	0	0	1	0	2	1	2	1	2	1
point	1138	1033	0	0	1	0	1	1	0	0	1	0	1	0	1
point	2616	2368	3	3	1	0	0	0	0	1	0	3	1	3	1
point	2167	1950	1	1	1	3	0	1	1	1	1	1	1	1	1
point	521	471	2	2	1	2	1	0	0	0	0	2	1	2	1
point	1487	1349	3	2	0	2	0	0	0	2	0	2	0	0	0
point	2189	1971	2	3	0	1	0	3	0	3	0	3	0	3	0
point	2265	2042	3	3	1	3	1	3	1	3	1	3	1	3	1
point	2266	2042	2	2	1	2	1	2	1	2	1	3	0	2	1
point	20	21	3	3	1	2	0	0	0	3	1	3	1	3	1
point	2196	1978	2	2	1	3	0	1	0	3	0	2	1	2	1
point	1568	1419	3	3	1	3	1	0	0	3	1	3	1	3	1
point	1422	1289	3	3	1	0	0	1	0	1	0	3	1	3	1
point	1270	1148	0	0	1	0	1	2	0	0	1	0	1	0	1
point	262	242	0	1	0	1	0	1	0	1	0	1	0	1	0
point	790	722	3	3	1	2	0	2	0	3	1	3	1	1	0
point	1522	1380	0	0	1	2	0	0	1	3	0	2	0	0	1
point	2371	2137	0	0	1	1	0	1	0	1	0	2	0	0	1
point	1797	1622	0	0	1	0	1	2	0	2	0	2	0	0	1
point	2209	1991	0	0	1	0	1	0	1	0	1	0	1	0	1
point	1574	1423	1	1	1	0	0	3	0	1	1	1	1	1	1
point	2556	2310	0	1	0	1	0	1	0	1	0	1	0	1	0
point	2555	2310	2	2	1	2	1	2	1	2	1	2	1	2	1
point	2417	2179	0	0	1	0	1	1	0	0	1	0	1	0	1
point	210	192	0	1	0	1	0	2	0	1	0	1	0	0	1
point	196	178	3	3	1	3	1	3	1	3	1	3	1	3	1
point	623	564	2	2	1	2	1	3	0	1	0	1	0	2	1
point	1381	1249	2	2	1	2	1	2	1	2	1	2	1	2	1
point	1187	1079	1	1	1	1	1	1	1	1	1	1	1	1	1
point	1883	1700	0	0	1	0	1	0	1	0	1	0	1	0	1
point	1237	1120	0	0	1	0	1	0	1	0	1	0	1	0	1
point	915	838	0	0	1	0	1	0	1	0	1	0	1	0	1
point	792	724	3	3	1	3	1	3	1	1	0	3	1	3	1
point	312	290	1	1	1	1	1	0	0	3	0	1	1	1	1
point	579	523	0	0	1	2	0	2	0	0	1	0	1	0	1
point	343	315	1	1	1	2	0	1	1	1	1	1	1	1	1
point	1148	1042	2	2	1	2	1	0	0	2	1	2	1	2	1
point	1473	1337	0	0	1	0	1	0	1	0	1	0	1	0	1
point	55	54	0	0	1	1	0	1	0	1	0	1	0	0	1
point	2115	1904	3	3	1	1	0	1	0	3	1	3	1	2	0
point	1149	1043	2	2	1	3	0	3	0	2	1	0	0	2	1
point	1340	1211	3	3	1	3	1	3	1	3	1	3	1	3	1
point	294	273	1	1	1	3	0	0	0	1	1	0	0	1	1
point	2508	2267	3	3	1	3	1	3	1	3	1	3	1	3	1
point	1403	1270	3	3	1	3	1	3	1	3	1	3	1	3	1
point	182	165	2	2	1	2	1	2	1	2	1	2	1	2	1
point	190	172	1	3	0	3	0	3	0	3	0	3	0	3	0
point	770	702	2	2	1	3	0	1	0	3	0	2	1	2	1
point	390	359	3	3	1	1	0	1	0	3	1	1	0	3	1
point	976	889	1	1	1	0	0	1	1	1	1	1	1	1	1
point	1114	1011	2	2	1	1	0	1	0	0	0	0	0	2	1
point	1090	989	2	2	1	2	1	3	0	0	0	2	1	2	1
point	2452	2212	2	2	1	2	1	0	0	2	1	2	1	1	0
point	1314	1187	2	2	1	0	0	1	0	0	0	1	0	2	1
point	929	850	1	2	0	2	0	2	0	2	0	2	0	2	0
point	1419	1286	0	0	1	2	0	2	0	3	0	0	1	3	0
point	596	539	2	2	1	2	1	2	1	2	1	2	1	2	1
point	1504	1364	3	3	1	3	1	3	1	3	1	3	1	3	1
point	361	332	2	2	1	2	1	0	0	0	0	2	1	2	1
point	798	730	1	0	0	0	0	0	0	0	0	0	0	1	1
point	205	187	1	1	1	2	0	2	0	1	1	3	0	1	1
point	809	740	2	1	0	0	0	1	0	0	0	3	0	0	0
point	2382	2148	2	2	1	0	0	0	0	0	0	0	0	2	1
point	1222	1108	1	1	1	1	1	0	0	0	0	1	1	1	1
point	1577	1426	1	1	1	0	0	3	0	1	1	1	1	1	1
point	695	632	2	1	0	1	0	3	0	1	0	0	0	1	0
point	694	632	2	2	1	2	1	2	1	2	1	2	1	2	1
point	1244	1125	0	0	1	3	0	0	1	0	1	2	0	0	1
point	573	517	1	1	1	0	0	2	0	2	0	1	1	1	1
point	1875	1692	0	0	1	1	0	3	0	0	1	0	1	0	1
point	1712	1548	3	3	1	3	1	3	1	3	1	3	1	3	1
point	1405	1272	2	2	1	3	0	1	0	2	1	3	0	2	1
point	1582	1431	1	0	0	0	0	3	0	0	0	0	0	0	0
point	860	786	3	3	1	1	0	3	1	3	1	3	1	3	1
point	1339	1210	3	3	1	2	0	0	0	3	1	3	1	3	1
point	2411	2175	1	1	1	1	1	1	1	1	1	1	1	1	1
point	2288	2063	2	2	1	2	1	2	1	2	1	2	1	2	1
point	1759	1589	1	1	1	2	0	2	0	2	0	2	0	1	1
point	1392	1260	1	1	1	2	0	3	0	1	1	1	1	1	1
point	219	201	3	3	1	3	1	0	0	3	1	0	0	3	1
point	690	628	0	0	1	0	1	0	1	0	1	0	1	0	1
point	2294	2069	1	1	1	0	0	0	0	0	0	1	1	1	1
point	1936	1746	2	2	1	2	1	0	0	2	1	2	1	2	1
point	1401	1268	2	2	1	2	1	0	0	2	1	2	1	2	1
point	2499	2258	0	0	1	0	1	0	1	0	1	0	1	0	1
point	1707	1543	1	2	0	1	1	1	1	1	1	1	1	2	0
point	1702	1538	1	1	1	2	0	2	0	0	0	0	0	1	1
point	517	467	3	2	0	0	0	1	0	3	1	0	0	2	0
point	1477	1341	2	2	1	2	1	2	1	2	1	2	1	2	1
point	586	529	2	2	1	2	1	2	1	3	0	2	1	2	1
point	1663	1505	2	2	1	2	1	1	0	1	0	1	0	2	1
point	2141	1928	1	1	1	1	1	1	1	1	1	1	1	1	1
point	1143	1038	2	2	1	2	1	1	0	2	1	2	1	2	1
point	1144	1038	0	0	1	0	1	2	0	0	1	0	1	0	1
point	1837	1659	1	2	0	2	0	1	1	1	1	1	1	2	0
point	1775	1603	3	3	1	3	1	3	1	3	1	3	1	3	1
point	1774	1603	3	3	1	3	1	0	0	3	1	3	1	3	1
point	821	751	3	0	0	0	0	0	0	0	0	0	0	0	0
point	149	2	2	2	1	3	0	3	0	2	1	3	0	2	1
point	1995	1799	0	0	1	0	1	0	1	0	1	0	1	0	1
point	84	82	2	3	0	3	0	2	1	3	0	3	0	3	0
point	305	284	0	0	1	0	1	2	0	0	1	0	1	0	1
point	884	809	1	2	0	2	0	2	0	2	0	2	0	2	0
point	189	171	2	2	1	3	0	1	0	2	1	2	1	2	1
point	30	30	1	3	0	3	0	3	0	3	0	3	0	1	1
point	1146	1040	2	2	1	2	1	2	1	2	1	2	1	2	1
point	564	510	3	3	1	0	0	1	0	3	1	3	1	3	1
point	2128	1916	1	1	1	3	0	3	0	1	1	1	1	1	1
point	1698	1535	3	2	0	0	0	2	0	0	0	0	0	2	0
point	1699	1535	0	0	1	3	0	3	0	3	0	2	0	0	1
point	2558	2312	0	0	1	0	1	1	0	1	0	0	1	0	1
point	2274	2050	2	2	1	2	1	2	1	2	1	2	1	2	1
point	628	569	2	2	1	2	1	2	1	2	1	2	1	2	1
point	1227	1113	2	2	1	3	0	1	0	2	1	2	1	2	1
point	943	864	1	1	1	2	0	2	0	1	1	1	1	1	1
point	862	788	1	1	1	2	0	2	0	1	1	1	1	1	1
point	745	678	3	3	1	1	0	3	1	3	1	3	1	3	1
point	2281	2057	2	2	1	0	0	0	0	0	0	0	0	2	1
point	2296	2070	2	2	1	2	1	2	1	2	1	2	1	2	1
point	2295	2070	1	1	1	1	1	1	1	1	1	1	1	1	1
point	866	792	1	3	0	3	0	0	0	3	0	2	0	3	0
point	1833	1655	2	2	1	0	0	0	0	2	1	2	1	2	1
point	1291	1167	2	2	1	2	1	2	1	2	1	2	1	2	1
point	2463	2223	2	2	1	1	0	2	1	2	1	2	1	2	1
point	354	326	1	1	1	1	1	2	0	1	1	1	1	1	1
point	2590	2342	3	3	1	3	1	3	1	3	1	3	1	3	1
point	1519	1377	0	0	1	0	1	3	0	0	1	0	1	0	1
point	592	535	3	3	1	1	0	1	0	2	0	2	0	3	1
point	97	94	2	2	1	2	1	0	0	1	0	2	1	2	1
point	374	344	2	0	0	1	0	0	0	1	0	0	0	0	0
point	1876	1693	2	2	1	2	1	2	1	2	1	2	1	2	1
point	2515	2273	2	0	0	1	0	1	0	1	0	1	0	0	0
point	1878	1695	0	2	0	2	0	0	1	2	0	2	0	2	0
point	654	595	2	2	1	2	1	2	1	2	1	2	1	2	1
point	254	234	2	2	1	2	1	2	1	1	0	1	0	2	1
point	1000	911	3	3	1	3	1	3	1	3	1	3	1	3	1
point	101	96	2	2	1	0	0	2	1	0	0	2	1	2	1
point	100	96	0	2	0	0	1	0	1	2	0	2	0	0	1
point	99	96	3	3	1	0	0	0	0	0	0	3	1	3	1
point	2552	2307	1	3	0	3	0	2	0	1	1	1	1	3	0
point	990	902	1	1	1	1	1	2	0	1	1	1	1	1	1
point	2341	2110	3	3	1	3	1	3	1	3	1	3	1	3	1
point	435	400	2	0	0	0	0	0	0	1	0	1	0	1	0
point	512	462	0	0	1	2	0	1	0	0	1	0	1	0	1
point	2123	1911	2	0	0	3	0	1	0	2	1	2	1	0	0
point	170	154	2	2	1	0	0	2	1	0	0	0	0	2	1
point	1564	1415	3	3	1	1	0	0	0	3	1	3	1	3	1
point	1563	1415	0	0	1	0	1	3	0	0	1	0	1	0	1
point	469	426	1	1	1	1	1	1	1	1	1	1	1	1	1
point	514	464	0	0	1	3	0	1	0	0	1	0	1	3	0
point	2536	2293	2	2	1	2	1	3	0	2	1	3	0	2	1
point	1201	1090	3	3	1	3	1	3	1	3	1	3	1	3	1
point	2500	2259	2	2	1	3	0	3	0	2	1	2	1	3	0
point	1021	928	2	2	1	3	0	2	1	2	1	2	1	2	1
point	1575	1424	1	1	1	1	1	1	1	1	1	1	1	1	1
point	2410	2174	0	0	1	0	1	2	0	0	1	2	0	0	1
point	1141	1036	0	2	0	3	0	3	0	2	0	2	0	2	0
point	41	41	1	1	1	2	0	3	0	2	0	1	1	1	1
point	1687	1526	0	0	1	0	1	0	1	0	1	0	1	0	1
point	812	743	0	0	1	1	0	1	0	1	0	1	0	0	1
point	1834	1656	1	1	1	3	0	3	0	3	0	3	0	2	0
point	2198	1980	2	2	1	2	1	2	1	2	1	2	1	2	1
point	741	674	3	3	1	2	0	3	1	3	1	3	1	3	1
point	2254	2032	0	0	1	1	0	0	1	1	0	1	0	0	1
point	2114	1903	3	3	1	0	0	0	0	0	0	0	0	3	1
point	2270	2046	3	3	1	1	0	3	1	2	0	3	1	3	1
point	1909	1723	2	2	1	2	1	3	0	2	1	2	1	2	1
point	1063	964	0	0	1	0	1	0	1	0	1	0	1	0	1
point	247	227	2	3	0	3	0	3	0	3	0	3	0	3	0
point	629	570	3	3	1	3	1	3	1	3	1	3	1	3	1
point	2501	2260	1	3	0	1	1	1	1	0	0	0	0	1	1
point	2608	2360	1	1	1	1	1	1	1	1	1	1	1	1	1
point	1077	978	3	3	1	1	0	3	1	3	1	1	0	3	1
point	1177	1069	0	3	0	2	0	2	0	3	0	3	0	3	0
point	1607	1455	0	0	1	0	1	3	0	0	1	0	1	0	1
point	64	63	3	3	1	1	0	3	1	0	0	3	1	3	1
point	455	418	0	0	1	1	0	3	0	0	1	0	1	0	1
point	1785	1612	2	2	1	1	0	1	0	3	0	2	1	2	1
point	2313	2087	1	1	1	1	1	1	1	1	1	1	1	1	1
point	1895	1710	3	3	1	3	1	1	0	1	0	1	0	3	1
point	1736	1569	3	3	1	1	0	0	0	1	0	3	1	3	1
point	2370	2136	0	0	1	0	1	2	0	0	1	0	1	0	1
point	1061	962	1	1	1	1	1	1	1	1	1	1	1	1	1
point	1852	1673	3	3	1	1	0	2	0	2	0	1	0	3	1
point	1853	1673	2	2	1	3	0	3	0	1	0	1	0	2	1
point	2502	2261	2	2	1	2	1	2	1	2	1	2	1	2	1
point	1450	1315	2	2	1	1	0	3	0	3	0	3	0	2	1
point	59	58	3	3	1	1	0	1	0	1	0	1	0	3	1
point	1385	1253	2	2	1	1	0	1	0	1	0	2	1	2	1
point	1322	1195	3	3	1	2	0	1	0	1	0	3	1	3	1
point	2077	1868	1	1	1	0	0	0	0	0	0	0	0	1	1
point	2069	1861	0	0	1	0	1	0	1	0	1	0	1	0	1
point	802	734	1	1	1	2	0	1	1	0	0	1	1	1	1
point	1931	1741	1	1	1	1	1	1	1	1	1	1	1	1	1
point	2322	2095	2	2	1	2	1	2	1	1	0	2	1	2	1
point	2027	1826	3	3	1	0	0	0	0	0	0	0	0	3	1
point	1074	975	3	3	1	3	1	3	1	2	0	3	1	3	1
point	597	540	1	1	1	1	1	3	0	1	1	1	1	1	1
point	561	507	2	2	1	3	0	1	0	3	0	2	1	3	0
point	1101	998	2	3	0	3	0	3	0	3	0	2	1	3	0
point	2389	2155	2	2	1	2	1	2	1	2	1	2	1	2	1
point	890	815	1	1	1	1	1	2	0	1	1	1	1	3	0
point	1342	1213	1	1	1	2	0	2	0	1	1	2	0	1	1
point	2597	2349	2	2	1	2	1	2	1	2	1	2	1	2	1
point	2530	2287	0	0	1	0	1	0	1	3	0	0	1	0	1
point	1996	1800	1	1	1	1	1	1	1	1	1	1	1	1	1
point	482	437	2	2	1	1	0	2	1	1	0	2	1	2	1
point	2355	2123	1	1	1	2	0	0	0	0	0	2	0	1	1
point	1701	1537	0	0	1	2	0	2	0	0	1	0	1	0	1
point	1296	1172	0	0	1	3	0	3	0	0	1	0	1	0	1
point	1591	1439	2	3	0	0	0	3	0	0	0	0	0	3	0
point	1851	1672	2	3	0	0	0	2	1	3	0	2	1	2	1
point	1921	1732	0	0	1	2	0	1	0	0	1	2	0	0	1
point	458	419	2	2	1	2	1	2	1	2	1	2	1	2	1
point	457	419	0	0	1	0	1	0	1	0	1	0	1	0	1
point	1857	1677	2	2	1	2	1	2	1	2	1	2	1	2	1
point	1416	1283	2	2	1	2	1	2	1	2	1	2	1	2	1
point	16	17	3	3	1	0	0	1	0	1	0	3	1	3	1
point	576	520	2	2	1	2	1	1	0	2	1	2	1	2	1
point	1814	1639	1	3	0	1	1	0	0	1	1	1	1	3	0
point	2283	2059	3	3	1	3	1	3	1	3	1	3	1	3	1
point	327	142	0	3	0	0	1	3	0	0	1	0	1	3	0
point	724	659	0	0	1	0	1	0	1	0	1	0	1	0	1
point	725	659	2	2	1	2	1	2	1	2	1	2	1	2	1
point	532	482	3	3	1	3	1	3	1	3	1	3	1	3	1
point	2199	1981	0	0	1	3	0	0	1	0	1	0	1	0	1
point	2187	1969	2	2	1	2	1	2	1	2	1	2	1	2	1
point	58	57	2	0	0	0	0	1	0	1	0	3	0	1	0
point	855	781	0	0	1	0	1	0	1	0	1	0	1	0	1
point	842	769	0	0	1	0	1	2	0	0	1	0	1	0	1
point	2028	1827	2	2	1	3	0	3	0	3	0	3	0	2	1
point	966	881	0	0	1	3	0	1	0	0	1	0	1	0	1
point	1485	1347	0	0	1	0	1	0	1	0	1	0	1	0	1
point	1373	1242	1	1	1	3	0	2	0	1	1	1	1	1	1
point	710	647	3	3	1	3	1	3	1	3	1	3	1	3	1
point	1102	999	0	0	1	0	1	0	1	0	1	0	1	0	1
point	840	767	3	3	1	3	1	3	1	3	1	3	1	3	1
point	2400	2165	0	0	1	0	1	0	1	0	1	0	1	0	1
point	1259	1138	2	2	1	2	1	2	1	2	1	2	1	2	1
point	1258	1138	2	2	1	2	1	2	1	3	0	3	0	2	1
point	1113	1010	0	0	1	3	0	3	0	1	0	1	0	0	1
point	50	49	1	2	0	1	1	0	0	1	1	1	1	2	0
point	49	49	1	1	1	1	1	0	0	1	1	1	1	1	1
point	1430	1296	1	1	1	0	0	1	1	3	0	3	0	1	1
point	2210	1992	2	2	1	2	1	2	1	2	1	2	1	2	1
point	2079	1870	2	3	0	3	0	0	0	0	0	3	0	3	0
point	1904	1718	1	1	1	0	0	0	0	1	1	1	1	1	1
point	331	305	2	2	1	3	0	2	1	2	1	2	1	2	1
point	243	223	0	0	1	3	0	0	1	1	0	2	0	0	1
point	242	223	3	3	1	0	0	3	1	0	0	3	1	3	1
point	1275	1153	2	2	1	0	0	3	0	0	0	0	0	2	1
point	56	55	2	2	1	2	1	2	1	1	0	2	1	2	1
point	2088	1879	2	2	1	2	1	2	1	2	1	2	1	2	1
point	2432	2194	0	0	1	2	0	2	0	0	1	0	1	0	1
point	752	685	0	0	1	0	1	3	0	0	1	0	1	0	1
point	1411	1278	3	3	1	3	1	3	1	3	1	0	0	3	1
point	552	500	0	0	1	0	1	2	0	0	1	0	1	0	1
point	553	500	3	0	0	2	0	1	0	1	0	1	0	3	1
point	1002	913	0	0	1	3	0	3	0	3	0	3	0	0	1
point	2061	1854	2	2	1	0	0	2	1	2	1	2	1	2	1
point	2060	1854	1	3	0	0	0	0	0	0	0	0	0	0	0
point	1850	1671	3	3	1	1	0	1	0	3	1	3	1	3	1
point	1638	1482	2	2	1	0	0	1	0	2	1	1	0	2	1
point	867	793	3	1	0	1	0	0	0	3	1	3	1	1	0
point	1103	1000	0	0	1	0	1	3	0	0	1	0	1	0	1
point	2214	1996	2	2	1	0	0	0	0	3	0	0	0	2	1
point	667	607	2	2	1	3	0	2	1	2	1	3	0	2	1
point	666	607	0	0	1	2	0	2	0	0	1	0	1	0	1
point	2269	2045	1	1	1	1	1	1	1	1	1	1	1	1	1
point	1174	1066	0	0	1	0	1	3	0	0	1	0	1	0	1
point	2135	1923	1	1	1	0	0	2	0	2	0	1	1	1	1
point	2561	2315	2	2	1	1	0	3	0	2	1	2	1	2	1
point	1628	1473	0	1	0	0	1	2	0	1	0	1	0	1	0
point	2171	1954	1	1	1	0	0	0	0	1	1	1	1	1	1
point	51	50	0	0	1	0	1	0	1	0	1	0	1	0	1
point	1335	1207	0	0	1	0	1	0	1	2	0	0	1	2	0
point	2478	2238	2	1	0	3	0	1	0	3	0	1	0	2	1
point	1671	1512	0	0	1	0	1	0	1	0	1	0	1	0	1
point	2629	2380	3	3	1	1	0	1	0	1	0	1	0	3	1
point	2630	2380	0	0	1	0	1	3	0	0	1	1	0	0	1
point	850	777	2	2	1	2	1	3	0	2	1	2	1	2	1
point	228	210	1	1	1	1	1	0	0	1	1	1	1	1	1
point	756	689	0	0	1	0	1	0	1	0	1	0	1	0	1
point	765	698	0	3	0	3	0	3	0	3	0	3	0	3	0
point	392	361	1	2	0	0	0	2	0	0	0	0	0	1	1
point	2248	2028	1	1	1	2	0	3	0	1	1	1	1	1	1
point	556	503	2	2	1	2	1	1	0	0	0	2	1	2	1
point	1524	1382	3	3	1	0	0	0	0	3	1	3	1	3	1
point	2598	2350	2	2	1	2	1	2	1	2	1	2	1	2	1
point	1395	1263	1	1	1	1	1	2	0	1	1	0	0	1	1
point	1633	1478	3	3	1	3	1	3	1	3	1	3	1	3	1
point	2185	1967	2	2	1	1	0	0	0	2	1	1	0	2	1
point	2162	1945	3	0	0	0	0	0	0	2	0	3	1	0	0
point	62	61	0	0	1	0	1	1	0	0	1	1	0	0	1
point	2482	2242	3	3	1	3	1	2	0	3	1	3	1	3	1
point	1295	1171	2	2	1	0	0	2	1	1	0	2	1	2	1
point	729	663	0	0	1	2	0	0	1	0	1	3	0	0	1
point	2049	1845	1	2	0	2	0	2	0	3	0	1	1	2	0
point	555	502	0	2	0	2	0	0	1	0	1	0	1	2	0
point	465	423	3	3	1	3	1	3	1	3	1	3	1	3	1
point	464	423	1	1	1	1	1	1	1	1	1	1	1	1	1
point	201	183	1	1	1	3	0	1	1	3	0	3	0	1	1
point	1900	1715	0	2	0	2	0	0	1	0	1	2	0	2	0
point	924	845	2	2	1	2	1	2	1	2	1	2	1	2	1
point	441	405	1	1	1	1	1	2	0	2	0	2	0	1	1
point	1972	1780	0	1	0	2	0	3	0	3	0	3	0	0	1
point	1409	1276	1	1	1	0	0	0	0	3	0	3	0	1	1
point	1398	1266	1	1	1	1	1	1	1	1	1	1	1	1	1
point	922	844	1	1	1	2	0	0	0	1	1	1	1	1	1
point	1580	1429	0	0	1	2	0	1	0	0	1	0	1	0	1
point	2116	1905	3	3	1	1	0	1	0	3	1	3	1	3	1
point	2542	2299	2	2	1	2	1	0	0	2	1	1	0	2	1
point	523	473	2	2	1	2	1	3	0	2	1	2	1	2	1
point	1249	1130	0	0	1	3	0	2	0	3	0	3	0	0	1
point	2464	2224	3	3	1	0	0	0	0	3	1	3	1	3	1
point	2377	2143	3	3	1	3	1	2	0	2	0	2	0	3	1
point	2365	2131	3	3	1	0	0	3	1	3	1	3	1	3	1
point	1753	1583	0	0	1	3	0	0	1	0	1	3	0	0	1
point	429	394	0	3	0	3	0	3	0	0	1	0	1	0	1
point	2211	1993	2	2	1	1	0	2	1	1	0	1	0	1	0
point	302	281	1	1	1	3	0	2	0	0	0	1	1	1	1
point	2570	2324	0	0	1	0	1	0	1	0	1	0	1	0	1
point	2571	2324	0	0	1	0	1	3	0	2	0	2	0	0	1
point	933	854	1	1	1	1	1	3	0	1	1	1	1	1	1
point	2098	1887	1	1	1	1	1	1	1	1	1	1	1	1	1
point	897	821	3	3	1	3	1	3	1	3	1	3	1	3	1
point	921	843	0	3	0	0	1	0	1	0	1	0	1	3	0
point	2003	1806	0	0	1	1	0	0	1	0	1	0	1	0	1
point	1661	1503	2	2	1	0	0	3	0	0	0	3	0	2	1
point	1170	1062	1	3	0	3	0	3	0	3	0	3	0	3	0
point	258	238	0	0	1	2	0	2	0	2	0	0	1	0	1
point	2304	2078	0	0	1	0	1	0	1	0	1	0	1	0	1
point	910	833	0	0	1	0	1	2	0	2	0	0	1	0	1
point	2047	1843	0	1	0	3	0	3	0	3	0	1	0	2	0
point	122	116	2	2	1	3	0	3	0	2	1	2	1	2	1
point	344	316	3	3	1	2	0	2	0	3	1	3	1	3	1
point	2373	2139	0	0	1	2	0	1	0	0	1	0	1	0	1
point	1488	1350	1	1	1	2	0	3	0	3	0	3	0	1	1
point	1489	1350	3	3	1	1	0	1	0	1	0	2	0	3	1
point	1380	1248	2	2	1	2	1	2	1	2	1	2	1	2	1
point	1984	1789	2	2	1	2	1	2	1	2	1	2	1	2	1
point	1942	1752	0	0	1	3	0	3	0	2	0	0	1	0	1
point	1017	925	3	3	1	3	1	1	0	3	1	3	1	3	1
point	1980	1786	1	1	1	0	0	3	0	1	1	1	1	1	1
point	1992	1796	3	3	1	2	0	3	1	3	1	3	1	3	1
point	1323	1196	0	0	1	0	1	0	1	0	1	0	1	0	1
point	1324	1196	1	2	0	2	0	2	0	2	0	2	0	2	0
point	1022	929	1	1	1	1	1	0	0	1	1	1	1	1	1
point	1209	1096	3	2	0	2	0	2	0	2	0	2	0	2	0
point	1589	1437	3	2	0	0	0	2	0	3	1	3	1	2	0
point	431	396	1	1	1	1	1	1	1	1	1	1	1	1	1
point	794	726	1	1	1	0	0	2	0	1	1	2	0	1	1
point	2421	2183	1	1	1	2	0	1	1	1	1	1	1	1	1
point	1934	1744	0	0	1	3	0	3	0	3	0	0	1	0	1
point	2140	1	1	1	1	2	0	1	1	1	1	1	1	1	1
point	250	230	0	3	0	3	0	3	0	3	0	3	0	3	0
point	1978	1784	2	2	1	2	1	3	0	2	1	1	0	2	1
point	912	835	0	2	0	2	0	2	0	2	0	2	0	2	0
point	2131	1919	0	0	1	0	1	0	1	0	1	0	1	0	1
point	1415	1282	0	0	1	0	1	2	0	0	1	0	1	0	1
point	273	252	2	2	1	2	1	2	1	2	1	1	0	2	1
point	641	582	2	2	1	2	1	2	1	2	1	2	1	2	1
point	405	373	2	1	0	3	0	0	0	1	0	3	0	1	0
point	1809	1634	2	2	1	2	1	2	1	2	1	2	1	2	1
point	301	280	0	0	1	1	0	2	0	1	0	1	0	1	0
point	115	110	2	2	1	2	1	0	0	2	1	2	1	2	1
point	1691	1529	2	2	1	0	0	3	0	2	1	3	0	2	1
point	1476	1340	1	1	1	1	1	0	0	1	1	1	1	1	1
point	1517	1375	1	1	1	1	1	1	1	1	1	1	1	1	1
point	451	414	3	1	0	3	1	3	1	3	1	3	1	1	0
point	125	119	0	1	0	3	0	3	0	3	0	3	0	1	0
point	786	718	3	3	1	3	1	1	0	3	1	3	1	3	1
point	399	368	1	1	1	1	1	1	1	1	1	1	1	1	1
point	400	368	3	3	1	3	1	0	0	2	0	0	0	3	1
point	2459	2219	0	0	1	1	0	3	0	1	0	0	1	0	1
point	183	166	1	1	1	1	1	1	1	1	1	1	1	1	1
point	363	334	2	2	1	0	0	0	0	0	0	0	0	2	1
point	2300	2074	2	2	1	3	0	3	0	3	0	0	0	2	1
point	2138	1926	0	3	0	2	0	3	0	3	0	0	1	3	0
point	2111	1900	2	2	1	2	1	1	0	2	1	2	1	2	1
point	2050	1846	2	2	1	2	1	3	0	2	1	2	1	2	1
point	236	218	3	3	1	2	0	1	0	1	0	2	0	3	1
point	1683	1522	2	1	0	0	0	3	0	0	0	0	0	3	0
point	1132	1027	2	2	1	1	0	1	0	0	0	0	0	2	1
point	2354	2122	3	3	1	3	1	3	1	3	1	3	1	0	0
point	25	26	2	2	1	0	0	1	0	2	1	2	1	2	1
point	2445	2206	3	1	0	3	1	3	1	3	1	1	0	1	0
point	2242	2022	3	3	1	3	1	3	1	3	1	3	1	3	1
point	1502	1362	3	3	1	3	1	3	1	3	1	3	1	3	1
point	313	291	2	1	0	2	1	1	0	2	1	2	1	1	0
point	1329	1201	3	3	1	3	1	3	1	3	1	3	1	3	1
point	293	272	2	3	0	0	0	0	0	3	0	3	0	2	1
point	930	851	3	3	1	3	1	3	1	3	1	3	1	3	1
point	1364	1233	3	3	1	2	0	2	0	2	0	2	0	3	1
point	1448	1313	2	2	1	2	1	0	0	2	1	2	1	2	1
point	1308	1183	0	0	1	0	1	2	0	1	0	2	0	0	1
point	1309	1183	1	2	0	3	0	3	0	3	0	3	0	1	1
point	2292	2067	1	1	1	1	1	1	1	1	1	1	1	1	1
point	1977	1783	0	0	1	2	0	0	1	2	0	0	1	2	0
point	18	19	3	1	0	3	1	1	0	1	0	1	0	1	0
point	2381	2147	3	3	1	3	1	3	1	3	1	3	1	2	0
point	1760	1590	3	3	1	3	1	0	0	3	1	3	1	3	1
point	2351	2119	3	3	1	3	1	3	1	3	1	3	1	3	1
point	772	704	3	1	0	3	1	3	1	3	1	3	1	1	0
point	2338	2108	1	1	1	1	1	1	1	1	1	1	1	1	1
point	461	421	3	3	1	3	1	3	1	3	1	3	1	3	1
point	462	421	3	1	0	3	1	3	1	3	1	3	1	3	1
point	508	458	0	0	1	0	1	0	1	0	1	0	1	0	1
point	507	458	0	0	1	0	1	0	1	0	1	0	1	0	1
point	848	775	3	0	0	0	0	0	0	0	0	0	0	0	0
point	1808	1633	3	3	1	3	1	3	1	3	1	3	1	3	1
point	767	700	3	1	0	2	0	2	0	1	0	1	0	1	0
point	2033	1831	3	3	1	0	0	1	0	0	0	0	0	3	1
point	2032	1831	0	0	1	3	0	3	0	0	1	0	1	0	1
point	849	776	2	2	1	2	1	0	0	2	1	2	1	0	0
point	736	669	0	0	1	3	0	0	1	1	0	3	0	0	1
point	1136	1031	2	2	1	2	1	3	0	2	1	2	1	2	1
point	2004	1807	2	2	1	2	1	3	0	0	0	2	1	2	1
point	2215	1997	2	2	1	2	1	2	1	2	1	2	1	2	1
point	1118	1014	3	3	1	3	1	1	0	3	1	3	1	3	1
point	283	262	3	0	0	0	0	0	0	0	0	0	0	3	1
point	1390	1258	2	2	1	1	0	3	0	3	0	3	0	2	1
point	937	858	1	1	1	1	1	2	0	1	1	1	1	1	1
point	2099	1888	3	1	0	1	0	1	0	1	0	1	0	1	0
point	2388	2154	3	2	0	2	0	3	1	3	1	2	0	3	1
point	158	145	1	1	1	2	0	2	0	1	1	1	1	1	1
point	1646	1489	1	1	1	1	1	3	0	1	1	1	1	1	1
point	1578	1427	1	1	1	0	0	0	0	1	1	1	1	1	1
point	1745	1576	3	3	1	3	1	0	0	3	1	3	1	3	1
point	1705	1541	0	2	0	2	0	1	0	2	0	1	0	1	0
point	1894	1709	2	2	1	3	0	1	0	2	1	2	1	2	1
point	590	533	1	0	0	0	0	0	0	0	0	0	0	0	0
point	1016	924	1	3	0	3	0	3	0	3	0	3	0	3	0
point	2505	2264	1	2	0	2	0	2	0	3	0	3	0	1	1
point	3	5	0	0	1	1	0	1	0	0	1	1	0	0	1
point	91	88	3	3	1	3	1	3	1	3	1	3	1	3	1
point	1940	1750	2	2	1	0	0	2	1	2	1	2	1	2	1
point	2572	2325	0	1	0	1	0	0	1	1	0	1	0	0	1
point	2202	1984	3	3	1	3	1	3	1	3	1	3	1	3	1
point	1350	1220	1	1	1	0	0	1	1	2	0	2	0	1	1
point	2456	2216	2	2	1	2	1	2	1	2	1	2	1	2	1
point	2129	1917	3	3	1	0	0	0	0	3	1	3	1	3	1
point	1320	1193	2	3	0	3	0	3	0	2	1	3	0	3	0
point	1840	1662	1	2	0	0	0	0	0	0	0	0	0	2	0
point	1913	1726	2	2	1	3	0	1	0	0	0	1	0	2	1
point	2522	2280	3	3	1	0	0	2	0	1	0	0	0	3	1
point	1717	1552	2	2	1	0	0	2	1	2	1	2	1	2	1
point	719	654	0	0	1	0	1	0	1	0	1	0	1	0	1
point	1866	1683	2	2	1	2	1	2	1	2	1	2	1	2	1
point	402	370	0	0	1	0	1	0	1	0	1	0	1	0	1
point	2100	1889	3	3	1	1	0	0	0	1	0	1	0	3	1
point	1025	932	0	0	1	2	0	1	0	2	0	1	0	0	1
point	1019	927	0	0	1	3	0	1	0	0	1	1	0	0	1
point	931	852	2	0	0	2	1	0	0	0	0	0	0	0	0
point	1528	1386	0	0	1	2	0	0	1	0	1	0	1	0	1
point	227	209	0	0	1	0	1	3	0	0	1	0	1	0	1
point	2564	2318	2	2	1	1	0	2	1	2	1	1	0	2	1
point	1974	1782	1	1	1	2	0	2	0	1	1	2	0	1	1
point	1976	1782	2	2	1	2	1	2	1	2	1	2	1	2	1
point	1975	1782	2	2	1	2	1	2	1	2	1	2	1	2	1
point	1207	1094	2	2	1	0	0	2	1	2	1	2	1	2	1
point	223	205	1	1	1	1	1	1	1	1	1	1	1	1	1
point	660	601	0	0	1	0	1	3	0	0	1	0	1	0	1
point	2543	2300	3	0	0	0	0	0	0	0	0	0	0	0	0
point	945	866	1	1	1	0	0	3	0	1	1	1	1	1	1
point	415	382	3	3	1	3	1	3	1	3	1	3	1	3	1
point	901	824	2	2	1	2	1	2	1	2	1	2	1	2	1
point	602	545	3	3	1	0	0	0	0	0	0	3	1	3	1
point	1813	1638	1	1	1	1	1	1	1	1	1	1	1	1	1
point	1251	1132	1	1	1	0	0	0	0	0	0	1	1	1	1
point	1267	1145	0	0	1	0	1	0	1	0	1	0	1	0	1
point	771	703	0	0	1	3	0	1	0	2	0	2	0	0	1
point	1891	1706	3	3	1	1	0	1	0	3	1	3	1	0	0
point	806	738	3	3	1	0	0	2	0	0	0	0	0	3	1
point	1648	1491	2	2	1	3	0	0	0	2	1	2	1	2	1
point	1649	1491	1	1	1	0	0	1	1	0	0	1	1	1	1
point	1688	1527	2	0	0	0	0	0	0	0	0	0	0	0	0
point	1305	1181	1	1	1	0	0	0	0	1	1	1	1	1	1
point	692	630	2	2	1	2	1	2	1	2	1	2	1	2	1
point	941	862	1	2	0	3	0	2	0	3	0	3	0	1	1
point	261	241	0	0	1	3	0	3	0	0	1	0	1	0	1
point	1109	1006	0	0	1	0	1	0	1	0	1	0	1	0	1
point	2243	2023	0	3	0	2	0	0	1	2	0	2	0	2	0
point	1722	1556	3	3	1	2	0	2	0	1	0	2	0	3	1
point	2557	2311	0	0	1	0	1	0	1	0	1	1	0	0	1
point	2599	2351	2	2	1	2	1	0	0	2	1	2	1	2	1
point	610	553	2	1	0	2	1	2	1	1	0	1	0	2	1
point	300	279	3	3	1	3	1	1	0	3	1	3	1	3	1
point	245	225	3	0	0	1	0	1	0	3	1	3	1	0	0
point	1505	1365	1	1	1	1	1	3	0	1	1	1	1	1	1
point	1506	1365	1	1	1	0	0	0	0	0	0	0	0	1	1
point	2134	1922	2	2	1	2	1	2	1	2	1	2	1	2	1
point	1667	1509	1	1	1	2	0	3	0	1	1	2	0	1	1
point	1668	1509	0	0	1	0	1	1	0	0	1	0	1	0	1
point	652	593	0	0	1	0	1	1	0	0	1	0	1	0	1
point	2218	2000	2	2	1	2	1	2	1	2	1	2	1	2	1
point	248	228	1	1	1	1	1	1	1	3	0	3	0	1	1
point	206	188	2	2	1	2	1	2	1	2	1	2	1	2	1
point	856	782	2	2	1	2	1	2	1	2	1	2	1	2	1
point	2232	2012	0	0	1	3	0	3	0	0	1	0	1	0	1
point	304	283	1	1	1	1	1	3	0	1	1	1	1	1	1
point	2188	1970	2	2	1	2	1	2	1	2	1	2	1	2	1
point	113	108	1	0	0	0	0	0	0	0	0	0	0	0	0
point	796	728	0	0	1	0	1	0	1	0	1	0	1	0	1
point	499	450	1	1	1	1	1	1	1	1	1	1	1	1	1
point	160	147	2	2	1	2	1	2	1	2	1	2	1	2	1
point	81	80	3	3	1	2	0	1	0	3	1	3	1	3	1
point	82	80	2	1	0	0	0	2	1	0	0	2	1	2	1
point	1307	1182	0	0	1	2	0	2	0	0	1	0	1	0	1
point	401	369	0	0	1	1	0	0	1	0	1	0	1	0	1
point	1066	967	0	0	1	1	0	1	0	1	0	1	0	0	1
point	673	612	0	2	0	2	0	2	0	0	1	0	1	2	0
point	672	612	3	3	1	1	0	2	0	1	0	1	0	3	1
point	1028	935	3	3	1	3	1	0	0	0	0	3	1	3	1
point	1029	935	3	3	1	2	0	2	0	3	1	3	1	3	1
point	1167	1059	0	0	1	1	0	1	0	1	0	1	0	0	1
point	2317	2091	1	1	1	2	0	1	1	1	1	1	1	1	1
point	873	798	1	1	1	1	1	1	1	1	1	1	1	1	1
point	1358	1228	1	1	1	1	1	1	1	1	1	1	1	1	1
point	1359	1228	0	1	0	0	1	2	0	0	1	0	1	1	0
point	1739	1571	0	0	1	0	1	0	1	0	1	0	1	0	1
point	1511	1370	2	2	1	2	1	1	0	1	0	1	0	2	1
point	1804	1629	0	0	1	0	1	0	1	0	1	0	1	0	1
point	2584	2336	2	2	1	2	1	1	0	2	1	2	1	2	1
point	369	340	1	1	1	1	1	1	1	1	1	1	1	1	1
point	1498	1358	3	3	1	1	0	3	1	2	0	2	0	3	1
point	356	328	3	3	1	3	1	3	1	3	1	3	1	3	1
point	818	748	0	0	1	2	0	2	0	2	0	0	1	0	1
point	1806	1631	0	0	1	0	1	0	1	0	1	0	1	0	1
point	1777	1605	3	3	1	0	0	0	0	3	1	0	0	3	1
point	26	27	3	3	1	2	0	0	0	3	1	3	1	3	1
point	1776	1604	3	3	1	3	1	3	1	0	0	3	1	3	1
point	1849	1670	3	3	1	2	0	1	0	2	0	3	1	3	1
point	221	203	1	2	0	0	0	0	0	1	1	2	0	2	0
point	2457	2217	0	3	0	2	0	3	0	2	0	0	1	3	0
point	1210	1097	1	1	1	1	1	1	1	1	1	1	1	1	1
point	1190	1081	3	3	1	1	0	0	0	2	0	2	0	1	0
point	1191	1081	3	3	1	3	1	0	0	3	1	3	1	3	1
point	2367	2133	2	2	1	2	1	2	1	2	1	2	1	2	1
point	888	813	1	0	0	0	0	0	0	0	0	0	0	0	0
point	2155	1938	2	2	1	3	0	3	0	2	1	3	0	2	1
point	234	216	2	3	0	2	1	2	1	2	1	2	1	3	0
point	574	518	0	0	1	1	0	0	1	0	1	0	1	0	1
point	2176	1959	2	2	1	1	0	0	0	3	0	0	0	2	1
point	1716	1551	2	0	0	1	0	3	0	1	0	2	1	2	1
point	865	791	3	3	1	3	1	0	0	0	0	3	1	3	1
point	1715	1551	3	3	1	0	0	2	0	0	0	0	0	3	1
point	622	563	3	3	1	3	1	0	0	3	1	3	1	3	1
point	2227	2007	3	3	1	3	1	3	1	3	1	3	1	3	1
point	2105	1894	0	0	1	0	1	2	0	1	0	0	1	0	1
point	2361	2127	2	2	1	2	1	1	0	2	1	2	1	2	1
point	2360	2127	1	1	1	1	1	1	1	1	1	1	1	1	1
point	1600	1448	3	3	1	3	1	3	1	3	1	3	1	3	1
point	2231	2011	1	1	1	0	0	2	0	1	1	1	1	1	1
point	904	827	1	1	1	1	1	2	0	1	1	1	1	1	1
point	2379	2145	3	3	1	0	0	0	0	0	0	3	1	3	1
point	775	707	2	2	1	2	1	2	1	2	1	2	1	2	1
point	385	355	0	0	1	0	1	3	0	0	1	0	1	0	1
point	1700	1536	3	3	1	3	1	3	1	3	1	3	1	3	1
point	986	898	3	3	1	3	1	3	1	3	1	3	1	3	1
point	1821	1645	0	0	1	0	1	0	1	0	1	0	1	0	1
point	874	799	2	2	1	1	0	2	1	2	1	2	1	2	1
point	825	755	1	3	0	3	0	3	0	0	0	3	0	3	0
point	540	489	2	2	1	1	0	3	0	1	0	1	0	2	1
point	1612	1459	3	3	1	2	0	2	0	2	0	3	1	3	1
point	803	735	1	1	1	1	1	1	1	1	1	1	1	1	1
point	1593	1441	3	3	1	3	1	0	0	3	1	3	1	3	1
point	2492	2252	3	3	1	1	0	1	0	2	0	3	1	3	1
point	1823	1647	0	0	1	0	1	0	1	0	1	0	1	0	1
point	1421	1288	0	2	0	3	0	3	0	3	0	3	0	3	0
point	713	650	2	2	1	0	0	0	0	2	1	2	1	2	1
point	1928	1738	0	0	1	3	0	1	0	0	1	0	1	0	1
point	1388	1256	1	2	0	2	0	0	0	3	0	3	0	2	0
point	1709	1545	2	2	1	2	1	2	1	2	1	3	0	2	1
point	2434	2196	3	3	1	0	0	3	1	0	0	0	0	3	1
point	784	716	0	0	1	0	1	0	1	0	1	0	1	0	1
point	546	494	0	0	1	0	1	1	0	0	1	0	1	0	1
point	420	386	3	3	1	1	0	1	0	1	0	0	0	0	0
point	1250	1131	3	3	1	0	0	1	0	3	1	3	1	3	1
point	1620	1466	3	3	1	3	1	0	0	3	1	3	1	3	1
point	285	264	2	2	1	2	1	3	0	2	1	2	1	2	1
point	21	22	1	3	0	1	1	1	1	3	0	2	0	1	1
point	29	29	2	2	1	3	0	2	1	2	1	2	1	2	1
point	317	295	0	3	0	3	0	1	0	3	0	3	0	0	1
point	2518	2276	1	1	1	3	0	1	1	3	0	3	0	1	1
point	2053	1848	2	2	1	3	0	2	1	2	1	2	1	2	1
point	815	746	3	3	1	3	1	3	1	3	1	3	1	3	1
point	2473	2233	2	2	1	2	1	1	0	2	1	2	1	2	1
point	2289	2064	1	1	1	1	1	3	0	1	1	1	1	1	1
point	53	52	0	0	1	0	1	0	1	0	1	0	1	0	1
point	1780	1608	3	3	1	3	1	0	0	3	1	3	1	3	1
point	1781	1608	2	2	1	2	1	2	1	2	1	2	1	2	1
point	2409	2173	0	0	1	3	0	3	0	3	0	3	0	0	1
point	321	298	0	0	1	0	1	1	0	1	0	0	1	0	1
point	320	298	3	3	1	1	0	3	1	1	0	1	0	3	1
point	2278	2054	0	0	1	2	0	2	0	2	0	2	0	0	1
point	1795	1620	0	2	0	3	0	1	0	3	0	3	0	2	0
point	559	505	1	1	1	0	0	3	0	2	0	0	0	1	1
point	2534	2291	2	1	0	2	1	3	0	2	1	2	1	1	0
point	525	475	1	1	1	1	1	3	0	1	1	3	0	1	1
point	505	456	0	0	1	3	0	0	1	3	0	0	1	0	1
point	1238	1121	1	1	1	0	0	1	1	2	0	0	0	1	1
point	1327	1199	2	2	1	2	1	2	1	2	1	2	1	2	1
point	10	11	2	2	1	2	1	2	1	2	1	2	1	2	1
point	9	11	0	0	1	0	1	0	1	0	1	0	1	0	1
point	2343	2112	0	3	0	3	0	1	0	3	0	3	0	3	0
point	2628	2379	1	1	1	3	0	3	0	1	1	1	1	1	1
point	1427	1293	3	2	0	2	0	0	0	2	0	2	0	3	1
point	488	442	3	3	1	3	1	3	1	3	1	3	1	3	1
point	1682	1521	0	0	1	3	0	1	0	3	0	2	0	0	1
point	1681	1521	2	2	1	3	0	2	1	3	0	3	0	2	1
point	991	903	3	3	1	0	0	2	0	0	0	0	0	3	1
point	996	907	2	2	1	0	0	2	1	2	1	2	1	2	1
point	918	841	0	0	1	0	1	0	1	0	1	0	1	0	1
point	1451	1316	3	3	1	3	1	2	0	3	1	3	1	3	1
point	1800	1625	2	2	1	2	1	2	1	2	1	2	1	2	1
point	2647	2394	3	3	1	2	0	1	0	3	1	3	1	3	1
point	739	672	2	3	0	1	0	3	0	3	0	3	0	3	0
point	1835	1657	1	1	1	1	1	1	1	1	1	1	1	1	1
point	253	233	3	3	1	3	1	1	0	3	1	3	1	3	1
point	2219	2001	1	3	0	3	0	3	0	3	0	1	1	1	1
point	2446	2207	0	0	1	0	1	0	1	0	1	0	1	0	1
point	614	556	0	0	1	3	0	2	0	0	1	0	1	0	1
point	1493	1354	1	1	1	1	1	1	1	1	1	1	1	1	1
point	1744	1575	3	3	1	0	0	1	0	3	1	3	1	3	1
point	289	268	3	3	1	1	0	2	0	3	1	3	1	3	1
point	216	198	1	1	1	3	0	3	0	0	0	0	0	1	1
point	1026	933	0	0	1	0	1	0	1	0	1	0	1	0	1
point	422	388	0	0	1	0	1	0	1	0	1	0	1	0	1
point	1449	1314	3	1	0	0	0	0	0	2	0	0	0	0	0
point	413	380	1	1	1	1	1	1	1	1	1	1	1	1	1
point	1572	1422	3	3	1	0	0	2	0	2	0	3	1	3	1
point	1223	1109	2	2	1	2	1	2	1	2	1	2	1	2	1
point	370	341	0	0	1	0	1	0	1	3	0	0	1	0	1
point	1599	1447	1	1	1	1	1	1	1	1	1	1	1	1	1
point	1008	919	3	3	1	1	0	0	0	1	0	1	0	1	0
point	978	891	1	1	1	1	1	1	1	1	1	1	1	1	1
point	1313	1186	1	1	1	0	0	1	1	1	1	1	1	1	1
point	2108	1897	3	3	1	3	1	0	0	1	0	0	0	1	0
point	522	472	1	1	1	1	1	2	0	1	1	1	1	2	0
point	1854	1674	0	0	1	0	1	0	1	0	1	0	1	0	1
point	2161	1944	1	1	1	1	1	2	0	1	1	2	0	0	0
point	1503	1363	0	0	1	3	0	0	1	0	1	0	1	0	1
point	1704	1540	1	1	1	1	1	3	0	1	1	1	1	1	1
point	1410	1277	1	1	1	1	1	1	1	1	1	1	1	1	1
point	1027	934	2	2	1	0	0	2	1	2	1	2	1	2	1
point	1232	1116	3	3	1	3	1	3	1	3	1	3	1	3	1
point	1231	1116	2	2	1	2	1	2	1	2	1	2	1	2	1
point	136	127	3	3	1	3	1	3	1	3	1	3	1	3	1
point	536	486	3	3	1	0	0	0	0	3	1	2	0	3	1
point	655	596	0	0	1	2	0	2	0	0	1	0	1	0	1
point	626	567	2	0	0	0	0	0	0	2	1	2	1	0	0
point	6	8	0	1	0	1	0	1	0	1	0	1	0	1	0
point	463	422	1	1	1	1	1	1	1	1	1	1	1	1	1
point	2593	2345	3	3	1	3	1	2	0	3	1	3	1	3	1
point	1896	1711	2	2	1	1	0	3	0	1	0	1	0	2	1
point	1292	1168	0	2	0	2	0	3	0	2	0	2	0	0	1
point	1173	1065	3	3	1	2	0	2	0	0	0	0	0	3	1
point	2387	2153	2	2	1	3	0	1	0	1	0	1	0	2	1
point	648	589	3	3	1	3	1	3	1	3	1	3	1	3	1
point	172	156	1	1	1	1	1	0	0	0	0	1	1	1	1
point	1010	921	3	1	0	1	0	3	1	1	0	1	0	1	0
point	2103	1892	3	2	0	2	0	1	0	1	0	3	1	2	0
point	1723	1557	2	0	0	0	0	3	0	0	0	0	0	0	0
point	2302	2076	2	3	0	0	0	3	0	3	0	3	0	2	1
point	274	253	2	2	1	1	0	2	1	2	1	2	1	2	1
point	255	235	3	2	0	2	0	2	0	3	1	2	0	3	1
point	2110	1899	0	0	1	1	0	2	0	0	1	0	1	0	1
point	2303	2077	3	0	0	2	0	2	0	0	0	0	0	0	0
point	2633	2383	2	2	1	3	0	3	0	2	1	0	0	3	0
point	1130	1025	0	0	1	0	1	3	0	0	1	0	1	0	1
point	1462	1327	3	3	1	2	0	3	1	3	1	2	0	3	1
point	2245	2025	0	0	1	0	1	0	1	0	1	0	1	0	1
point	882	807	2	2	1	2	1	2	1	2	1	2	1	2	1
point	1932	1742	3	3	1	0	0	3	1	1	0	0	0	3	1
point	1697	1534	3	3	1	0	0	1	0	1	0	1	0	3	1
point	1147	1041	3	3	1	3	1	3	1	3	1	3	1	3	1
point	693	631	2	0	0	2	1	0	0	0	0	0	0	0	0
point	1741	1572	1	1	1	1	1	1	1	1	1	2	0	1	1
point	1243	1124	1	2	0	2	0	2	0	0	0	0	0	0	0
point	1740	1572	0	2	0	2	0	2	0	2	0	2	0	2	0
point	804	736	3	3	1	1	0	2	0	0	0	1	0	3	1
point	1527	1385	2	2	1	0	0	0	0	2	1	2	1	2	1
point	889	814	1	1	1	1	1	1	1	1	1	1	1	1	1
point	1766	1595	3	3	1	3	1	3	1	3	1	3	1	3	1
point	2112	1901	1	0	0	0	0	1	1	0	0	0	0	0	0
point	1111	1008	3	3	1	3	1	3	1	3	1	3	1	3	1
point	1370	1239	2	1	0	3	0	3	0	2	1	2	1	1	0
point	1507	1366	3	0	0	2	0	0	0	2	0	0	0	0	0
point	2197	1979	3	3	1	3	1	2	0	3	1	3	1	3	1
point	1746	1577	1	1	1	1	1	1	1	1	1	1	1	1	1
point	988	900	2	2	1	1	0	1	0	2	1	2	1	2	1
point	1089	988	2	2	1	2	1	0	0	2	1	2	1	2	1
point	1088	988	1	1	1	0	0	1	1	1	1	3	0	1	1
point	585	528	2	1	0	0	0	2	1	0	0	0	0	1	0
point	1679	1519	2	2	1	3	0	2	1	2	1	2	1	2	1
point	350	322	3	3	1	3	1	3	1	3	1	3	1	3	1
point	2375	2141	3	3	1	0	0	0	0	0	0	0	0	3	1
point	678	617	3	3	1	3	1	0	0	0	0	0	0	3	1
point	1542	1398	1	3	0	3	0	0	0	3	0	3	0	3	0
point	682	621	2	2	1	1	0	0	0	2	1	2	1	2	1
point	2420	2182	2	3	0	3	0	0	0	3	0	3	0	3	0
point	744	677	3	3	1	3	1	0	0	1	0	1	0	3	1
point	2186	1968	1	0	0	0	0	1	1	3	0	0	0	3	0
point	1131	1026	0	0	1	0	1	0	1	0	1	0	1	0	1
point	2212	1994	3	3	1	3	1	3	1	3	1	3	1	3	1
point	644	585	0	0	1	3	0	3	0	1	0	1	0	0	1
point	1481	1344	0	0	1	0	1	0	1	0	1	0	1	0	1
point	788	720	3	3	1	0	0	2	0	3	1	3	1	3	1
point	1802	1627	2	1	0	3	0	2	1	1	0	1	0	1	0
point	175	159	3	0	0	1	0	0	0	0	0	0	0	0	0
point	2076	1867	1	1	1	1	1	1	1	1	1	1	1	1	1
point	1710	1546	3	3	1	3	1	2	0	1	0	3	1	3	1
point	2592	2344	2	2	1	2	1	2	1	2	1	2	1	2	1
point	2489	2249	2	2	1	2	1	2	1	2	1	2	1	2	1
point	2525	2282	2	2	1	2	1	2	1	2	1	0	0	2	1
point	2565	2319	2	2	1	2	1	2	1	2	1	2	1	2	1
point	2517	2275	2	2	1	2	1	2	1	2	1	2	1	2	1
point	606	549	3	3	1	1	0	1	0	3	1	1	0	3	1
point	73	72	2	2	1	3	0	3	0	1	0	2	1	2	1
point	1085	985	0	0	1	3	0	3	0	3	0	0	1	0	1
point	2545	2302	2	2	1	3	0	0	0	2	1	2	1	2	1
point	823	753	0	0	1	3	0	0	1	0	1	0	1	0	1
point	645	586	1	1	1	1	1	1	1	0	0	0	0	1	1
point	1632	1477	2	2	1	1	0	0	0	2	1	2	1	2	1
point	2261	2038	2	2	1	3	0	2	1	0	0	0	0	2	1
point	2535	2292	1	1	1	2	0	1	1	1	1	1	1	1	1
point	1494	1355	1	1	1	1	1	1	1	1	1	1	1	1	1
point	212	194	2	2	1	2	1	1	0	0	0	2	1	2	1
point	746	679	2	2	1	2	1	0	0	2	1	2	1	2	1
point	2401	2166	1	2	0	2	0	1	1	2	0	2	0	2	0
point	2310	2084	0	0	1	0	1	0	1	0	1	0	1	0	1
point	1431	1297	2	2	1	3	0	1	0	1	0	1	0	2	1
point	1459	1324	0	0	1	2	0	2	0	0	1	0	1	0	1
point	2356	2124	1	1	1	1	1	1	1	1	1	1	1	1	1
point	730	664	1	1	1	0	0	2	0	0	0	0	0	1	1
point	2357	2124	0	0	1	0	1	0	1	0	1	0	1	0	1
point	1274	1152	0	0	1	1	0	1	0	0	1	0	1	0	1
point	80	79	0	0	1	0	1	3	0	0	1	0	1	0	1
point	1755	1585	0	2	0	2	0	2	0	2	0	0	1	2	0
point	102	97	3	0	0	2	0	2	0	3	1	3	1	0	0
point	2345	2114	0	0	1	0	1	0	1	0	1	0	1	0	1
point	997	908	0	0	1	0	1	2	0	2	0	0	1	0	1
point	1627	1472	2	2	1	2	1	0	0	2	1	2	1	2	1
point	1863	1682	0	1	0	1	0	1	0	1	0	1	0	1	0
point	1208	1095	2	2	1	2	1	2	1	2	1	2	1	2	1
point	2589	2341	1	2	0	2	0	3	0	2	0	2	0	2	0
point	1078	979	1	1	1	3	0	1	1	1	1	2	0	3	0
point	1703	1539	0	0	1	1	0	1	0	0	1	0	1	0	1
point	1952	1761	3	3	1	3	1	3	1	3	1	3	1	3	1
point	2136	1924	1	1	1	2	0	3	0	1	1	1	1	1	1
point	2246	2026	0	3	0	0	1	0	1	0	1	0	1	3	0
point	1225	1111	1	1	1	1	1	1	1	1	1	1	1	1	1
point	2609	2361	2	2	1	3	0	1	0	2	1	2	1	1	0
point	1526	1384	2	2	1	0	0	2	1	0	0	2	1	2	1
point	2180	1963	2	2	1	0	0	1	0	0	0	2	1	2	1
point	208	190	3	3	1	3	1	3	1	3	1	3	1	3	1
point	1193	1083	2	2	1	2	1	0	0	2	1	2	1	2	1
point	896	820	2	2	1	3	0	0	0	2	1	2	1	2	1
point	572	516	2	2	1	2	1	2	1	0	0	2	1	2	1
point	571	516	1	1	1	0	0	2	0	3	0	1	1	1	1
point	500	451	3	3	1	3	1	3	1	3	1	3	1	3	1
point	209	191	1	1	1	1	1	1	1	1	1	1	1	1	1
point	1239	1122	3	1	0	1	0	3	1	1	0	1	0	1	0
point	1240	1122	3	3	1	3	1	0	0	0	0	0	0	3	1
point	352	324	3	3	1	0	0	3	1	3	1	3	1	3	1
point	1680	1520	3	3	1	3	1	2	0	3	1	3	1	3	1
point	1056	958	1	1	1	1	1	1	1	1	1	1	1	1	1
point	1456	1321	1	1	1	3	0	3	0	1	1	1	1	1	1
point	483	438	0	0	1	3	0	3	0	0	1	0	1	0	1
point	244	224	0	3	0	3	0	1	0	3	0	3	0	3	0
point	548	496	1	1	1	1	1	1	1	3	0	1	1	1	1
point	1669	1510	2	2	1	3	0	2	1	2	1	3	0	2	1
point	2170	1953	2	0	0	3	0	2	1	3	0	2	1	0	0
point	1583	1432	2	2	1	2	1	2	1	2	1	2	1	2	1
point	1905	1719	3	3	1	3	1	1	0	3	1	3	1	3	1
point	1544	1400	2	2	1	2	1	2	1	2	1	2	1	2	1
point	1843	1664	2	2	1	2	1	2	1	2	1	2	1	2	1
point	1471	1335	0	0	1	0	1	0	1	0	1	0	1	0	1
point	2390	2156	2	2	1	1	0	1	0	1	0	2	1	2	1
point	1135	1030	1	1	1	2	0	2	0	2	0	1	1	1	1
point	1953	1762	0	1	0	1	0	1	0	1	0	1	0	1	0
point	1387	1255	2	2	1	3	0	3	0	2	1	2	1	2	1
point	759	692	0	0	1	0	1	1	0	0	1	0	1	1	0
point	637	578	0	3	0	0	1	0	1	0	1	1	0	3	0
point	871	796	1	2	0	2	0	2	0	2	0	2	0	2	0
point	139	130	1	1	1	3	0	1	1	1	1	1	1	1	1
point	224	206	0	0	1	1	0	0	1	0	1	2	0	0	1
point	1287	1163	0	0	1	0	1	3	0	0	1	0	1	0	1
point	686	625	0	0	1	0	1	2	0	0	1	0	1	0	1
point	339	311	3	3	1	3	1	3	1	3	1	3	1	3	1
point	478	433	3	3	1	0	0	1	0	3	1	3	1	3	1
point	1826	1650	3	3	1	3	1	3	1	1	0	3	1	3	1
point	879	804	0	0	1	1	0	0	1	2	0	2	0	0	1
point	630	571	0	0	1	2	0	2	0	0	1	0	1	0	1
point	1068	969	0	0	1	0	1	2	0	2	0	2	0	0	1
point	31	31	3	3	1	3	1	3	1	3	1	3	1	3	1
point	547	495	3	3	1	3	1	1	0	2	0	2	0	3	1
point	1830	1654	1	1	1	1	1	1	1	2	0	2	0	2	0
point	2398	2163	2	3	0	3	0	2	1	3	0	2	1	3	0
point	1651	1493	3	3	1	3	1	3	1	3	1	3	1	3	1
point	1483	1346	1	0	0	0	0	0	0	0	0	0	0	0	0
point	1484	1346	3	3	1	1	0	2	0	3	1	3	1	3	1
point	1772	1601	0	0	1	1	0	2	0	0	1	0	1	0	1
point	698	635	3	3	1	1	0	1	0	3	1	1	0	3	1
point	2549	2306	1	0	0	1	1	1	1	0	0	0	0	0	0
point	1289	1165	3	0	0	1	0	1	0	3	1	0	0	0	0
point	1773	1602	1	1	1	1	1	2	0	1	1	1	1	1	1
point	2504	2263	1	3	0	1	1	2	0	1	1	3	0	2	0
point	2578	2330	0	0	1	0	1	0	1	0	1	0	1	0	1
point	506	457	0	1	0	0	1	0	1	1	0	2	0	3	0
point	1678	1518	1	1	1	2	0	0	0	1	1	1	1	1	1
point	837	764	2	2	1	1	0	1	0	1	0	1	0	2	1
point	1659	1501	0	0	1	0	1	3	0	0	1	0	1	0	1
point	2220	2002	1	1	1	2	0	2	0	2	0	1	1	1	1
point	763	696	3	3	1	3	1	3	1	3	1	3	1	3	1
point	1126	1021	2	2	1	1	0	3	0	1	0	3	0	2	1
point	185	168	3	3	1	3	1	1	0	3	1	3	1	3	1
point	186	168	0	0	1	0	1	0	1	0	1	0	1	0	1
point	1203	1092	0	0	1	0	1	0	1	0	1	0	1	0	1
point	1635	1480	3	3	1	3	1	3	1	3	1	3	1	3	1
point	2332	2104	3	3	1	3	1	3	1	3	1	3	1	3	1
point	106	101	1	1	1	1	1	2	0	2	0	0	0	1	1
point	1046	949	2	2	1	2	1	2	1	2	1	2	1	2	1
point	48	48	3	3	1	1	0	0	0	3	1	3	1	3	1
point	2393	2159	1	2	0	1	1	1	1	1	1	2	0	1	1
point	442	406	0	0	1	0	1	1	0	0	1	0	1	0	1
point	191	173	3	3	1	3	1	3	1	3	1	3	1	3	1
point	164	150	0	0	1	0	1	3	0	1	0	1	0	0	1
point	808	739	0	2	0	2	0	0	1	2	0	2	0	0	1
point	1770	1599	0	0	1	0	1	0	1	0	1	0	1	0	1
point	1115	1012	0	0	1	0	1	0	1	0	1	0	1	0	1
point	1944	1754	3	3	1	3	1	0	0	3	1	3	1	3	1
point	1286	1162	0	0	1	0	1	0	1	0	1	0	1	0	1
point	1869	1686	2	1	0	3	0	2	1	1	0	1	0	1	0
point	1023	930	2	2	1	2	1	1	0	2	1	2	1	2	1
point	712	649	0	0	1	2	0	0	1	0	1	0	1	0	1
point	2624	2376	2	2	1	2	1	2	1	0	0	2	1	2	1
point	1548	1404	0	0	1	1	0	3	0	1	0	1	0	0	1
point	2046	1842	0	0	1	0	1	0	1	0	1	0	1	0	1
point	2042	1839	0	3	0	2	0	3	0	3	0	3	0	3	0
point	251	231	2	2	1	0	0	2	1	2	1	2	1	2	1
point	150	138	2	2	1	3	0	0	0	3	0	3	0	2	1
point	757	690	1	3	0	3	0	0	0	2	0	3	0	2	0
point	2315	2089	2	1	0	2	1	2	1	0	0	0	0	1	0
point	1161	1053	0	3	0	3	0	3	0	3	0	3	0	3	0
point	47	47	1	1	1	1	1	1	1	1	1	1	1	1	1
point	2118	1907	0	0	1	0	1	0	1	0	1	0	1	0	1
point	740	673	2	2	1	0	0	0	0	2	1	2	1	2	1
point	2293	2068	3	3	1	3	1	3	1	3	1	3	1	3	1
point	1332	1204	3	3	1	3	1	1	0	3	1	3	1	3	1
point	928	849	2	2	1	2	1	0	0	2	1	2	1	2	1
point	1870	1687	0	3	0	1	0	3	0	0	1	0	1	3	0
point	295	274	3	3	1	1	0	3	1	3	1	3	1	3	1
point	2531	2288	3	3	1	3	1	1	0	3	1	3	1	3	1
point	1059	960	3	2	0	0	0	0	0	2	0	2	0	2	0
point	1997	1801	0	0	1	0	1	0	1	0	1	0	1	0	1
point	1576	1425	0	0	1	0	1	0	1	0	1	0	1	0	1
point	474	430	2	2	1	1	0	2	1	1	0	1	0	2	1
point	1962	1770	0	0	1	0	1	2	0	0	1	0	1	0	1
point	1071	972	0	0	1	0	1	2	0	3	0	3	0	0	1
point	2532	2289	1	1	1	1	1	2	0	1	1	1	1	1	1
point	2404	2168	0	0	1	0	1	2	0	2	0	0	1	0	1
point	1595	1443	2	2	1	3	0	3	0	0	0	2	1	2	1
point	2268	2044	1	1	1	3	0	0	0	3	0	1	1	1	1
point	1879	1696	1	1	1	0	0	0	0	1	1	1	1	1	1
point	1178	1070	0	0	1	1	0	2	0	2	0	2	0	0	1
point	1412	1279	3	3	1	1	0	0	0	3	1	2	0	3	1
point	1346	1216	1	3	0	3	0	3	0	1	1	3	0	3	0
point	511	461	3	3	1	3	1	3	1	3	1	3	1	3	1
point	1006	917	1	0	0	1	1	0	0	0	0	0	0	0	0
point	1197	1086	3	3	1	2	0	3	1	3	1	3	1	3	1
point	2275	2051	3	3	1	3	1	3	1	3	1	3	1	3	1
point	2205	1987	0	0	1	1	0	1	0	1	0	1	0	0	1
point	1768	1597	1	1	1	3	0	2	0	3	0	3	0	1	1
point	578	522	2	2	1	3	0	3	0	2	1	2	1	2	1
point	1606	1454	0	0	1	0	1	0	1	0	1	0	1	0	1
point	2648	2395	0	3	0	1	0	0	1	3	0	3	0	3	0
point	2120	1909	2	2	1	0	0	3	0	2	1	2	1	2	1
point	1262	1140	0	2	0	2	0	2	0	2	0	2	0	2	0
point	1261	1140	2	2	1	2	1	2	1	0	0	0	0	2	1
point	241	222	3	3	1	2	0	3	1	3	1	3	1	3	1
point	358	329	2	2	1	1	0	1	0	3	0	2	1	2	1
point	357	329	2	2	1	2	1	3	0	2	1	2	1	2	1
point	635	576	2	2	1	0	0	3	0	3	0	2	1	2	1
point	526	476	1	1	1	3	0	3	0	1	1	3	0	1	1
point	74	73	0	0	1	0	1	0	1	0	1	0	1	0	1
point	476	432	2	2	1	1	0	2	1	2	1	1	0	2	1
point	98	95	1	1	1	1	1	1	1	1	1	1	1	1	1
point	2287	2062	2	2	1	2	1	2	1	2	1	2	1	2	1
point	2428	2190	1	1	1	0	0	0	0	0	0	0	0	1	1
point	316	294	3	3	1	1	0	3	1	1	0	1	0	3	1
point	2229	2009	1	3	0	0	0	3	0	3	0	0	0	0	0
point	2569	2323	3	3	1	2	0	2	0	3	1	3	1	3	1
point	1038	943	3	3	1	3	1	3	1	3	1	3	1	3	1
point	1957	1766	1	1	1	2	0	2	0	2	0	0	0	1	1
point	2430	2192	1	2	0	1	1	3	0	1	1	2	0	1	1
point	1551	1407	2	2	1	0	0	0	0	3	0	0	0	2	1
point	472	429	1	1	1	1	1	2	0	2	0	2	0	1	1
point	473	429	0	3	0	3	0	3	0	3	0	3	0	3	0
point	2447	2208	0	0	1	3	0	1	0	1	0	0	1	0	1
point	2195	1977	1	0	0	3	0	0	0	1	1	1	1	0	0
point	491	445	1	1	1	1	1	0	0	1	1	1	1	1	1
point	1594	1442	0	0	1	3	0	3	0	3	0	3	0	0	1
point	7	9	3	3	1	3	1	3	1	3	1	3	1	3	1
point	42	42	0	0	1	3	0	3	0	3	0	1	0	0	1
point	593	536	0	0	1	1	0	0	1	0	1	1	0	0	1
point	2101	1890	1	1	1	1	1	1	1	1	1	1	1	1	1
point	346	318	3	1	0	1	0	1	0	1	0	1	0	1	0
point	1603	1451	3	0	0	2	0	2	0	2	0	2	0	2	0
point	2619	2371	0	3	0	3	0	3	0	3	0	3	0	3	0
point	1083	983	2	2	1	1	0	3	0	3	0	3	0	2	1
point	1692	1530	0	0	1	0	1	0	1	0	1	0	1	0	1
point	52	51	0	2	0	1	0	1	0	0	1	0	1	2	0
point	1801	1626	3	3	1	3	1	3	1	3	1	3	1	3	1
point	533	483	2	2	1	3	0	0	0	2	1	2	1	2	1
point	845	772	2	1	0	3	0	3	0	3	0	2	1	1	0
point	674	613	1	1	1	2	0	1	1	2	0	1	1	2	0
point	582	525	1	1	1	1	1	1	1	1	1	1	1	1	1
point	1125	1020	0	0	1	2	0	2	0	0	1	0	1	0	1
point	393	362	1	1	1	1	1	1	1	3	0	3	0	1	1
point	1480	1343	1	0	0	1	1	0	0	3	0	0	0	0	0
point	1690	1528	1	1	1	1	1	0	0	1	1	1	1	1	1
point	1689	1528	0	0	1	3	0	2	0	3	0	3	0	0	1
point	377	347	3	0	0	0	0	2	0	0	0	0	0	2	0
point	252	232	1	1	1	1	1	1	1	1	1	1	1	1	1
point	1708	1544	1	1	1	1	1	1	1	1	1	1	1	1	1
point	701	638	0	1	0	0	1	1	0	1	0	1	0	1	0
point	836	763	2	2	1	2	1	2	1	2	1	2	1	2	1
point	563	509	0	0	1	1	0	1	0	1	0	0	1	1	0
point	2	4	0	2	0	2	0	0	1	2	0	2	0	2	0
point	785	717	1	1	1	0	0	1	1	3	0	3	0	1	1
point	1968	1776	1	1	1	0	0	3	0	0	0	0	0	0	0
point	1584	1433	3	3	1	3	1	3	1	3	1	3	1	3	1
point	1924	1735	2	2	1	2	1	1	0	1	0	2	1	2	1
point	2494	2254	3	3	1	1	0	2	0	3	1	3	1	3	1
point	204	186	0	0	1	3	0	0	1	1	0	1	0	0	1
point	2241	2021	0	3	0	0	1	0	1	0	1	0	1	3	0
point	544	492	1	1	1	3	0	2	0	3	0	0	0	2	0
point	1673	1514	3	3	1	0	0	0	0	3	1	3	1	3	1
point	2013	1814	1	1	1	1	1	1	1	1	1	1	1	1	1
point	2059	1853	3	3	1	3	1	3	1	3	1	3	1	3	1
point	691	629	3	3	1	3	1	0	0	3	1	3	1	3	1
point	1810	1635	2	0	0	0	0	0	0	0	0	0	0	0	0
point	2472	2232	2	2	1	1	0	2	1	2	1	2	1	2	1
point	881	806	2	2	1	3	0	3	0	3	0	2	1	2	1
point	1095	993	3	3	1	3	1	3	1	1	0	0	0	3	1
point	2352	2120	1	3	0	3	0	0	0	0	0	0	0	3	0
point	1695	1532	1	1	1	1	1	3	0	3	0	1	1	1	1
point	2386	2152	3	3	1	3	1	3	1	3	1	3	1	3	1
point	1510	1369	2	0	0	2	1	2	1	2	1	2	1	0	0
point	1363	1232	1	1	1	1	1	1	1	1	1	1	1	1	1
point	1881	1698	0	0	1	0	1	0	1	0	1	0	1	0	1
point	2201	1983	3	3	1	1	0	1	0	3	1	1	0	3	1
point	112	107	1	1	1	1	1	1	1	3	0	1	1	1	1
point	2113	1902	0	2	0	2	0	2	0	3	0	0	1	2	0
point	453	416	3	3	1	0	0	1	0	3	1	3	1	3	1
point	43	43	3	3	1	3	1	2	0	3	1	3	1	3	1
point	232	214	0	0	1	0	1	2	0	2	0	0	1	0	1
point	1622	1468	3	3	1	3	1	3	1	3	1	3	1	3	1
point	538	487	3	3	1	3	1	2	0	2	0	2	0	3	1
point	847	774	3	3	1	2	0	2	0	3	1	3	1	3	1
point	2560	2314	3	3	1	3	1	3	1	3	1	3	1	3	1
point	1986	1791	1	1	1	0	0	0	0	0	0	0	0	1	1
point	1752	1582	3	3	1	1	0	3	1	3	1	3	1	3	1
point	1751	1582	0	3	0	3	0	3	0	3	0	0	1	3	0
point	612	555	1	1	1	1	1	3	0	1	1	3	0	1	1
point	1214	1101	1	1	1	1	1	1	1	1	1	1	1	1	1
point	280	259	1	2	0	0	0	0	0	2	0	2	0	1	1
point	178	162	0	0	1	0	1	0	1	0	1	0	1	0	1
point	502	453	1	1	1	2	0	2	0	1	1	1	1	1	1
point	2262	2039	1	1	1	3	0	3	0	2	0	3	0	1	1
point	2424	2186	3	3	1	1	0	0	0	3	1	1	0	3	1
point	202	184	1	0	0	0	0	1	1	1	1	1	1	1	1
point	154	141	1	1	1	2	0	3	0	1	1	2	0	1	1
point	1465	1330	3	3	1	2	0	3	1	3	1	3	1	3	1
point	2263	2040	3	3	1	3	1	2	0	0	0	3	1	3	1
point	167	152	3	3	1	3	1	3	1	3	1	3	1	3	1
point	1943	1753	3	3	1	3	1	3	1	3	1	3	1	3	1
point	1176	1068	1	1	1	2	0	0	0	0	0	0	0	1	1
point	2617	2369	0	0	1	3	0	3	0	0	1	0	1	0	1
point	1198	1087	1	1	1	0	0	2	0	0	0	1	1	1	1
point	118	113	2	2	1	0	0	2	1	2	1	2	1	2	1
point	830	759	2	2	1	2	1	1	0	2	1	2	1	2	1
point	88	85	3	3	1	3	1	3	1	3	1	3	1	3	1
point	619	560	2	2	1	2	1	3	0	3	0	2	1	2	1
point	1908	1722	3	0	0	3	1	0	0	0	0	3	1	0	0
point	1656	1498	1	3	0	3	0	3	0	3	0	3	0	3	0
point	498	449	2	2	1	2	1	2	1	2	1	2	1	2	1
point	1890	1705	1	2	0	0	0	0	0	1	1	2	0	2	0
point	1889	1705	1	0	0	0	0	1	1	0	0	0	0	0	0
point	1783	1610	2	2	1	0	0	2	1	2	1	2	1	2	1
point	1076	977	0	0	1	0	1	0	1	0	1	0	1	0	1
point	434	399	0	3	0	3	0	1	0	3	0	3	0	3	0
point	1558	1412	0	0	1	3	0	3	0	3	0	3	0	0	1
point	953	872	2	2	1	2	1	2	1	2	1	3	0	2	1
point	955	872	1	1	1	1	1	1	1	1	1	1	1	1	1
point	1654	1496	0	0	1	0	1	0	1	0	1	0	1	0	1
point	121	115	3	3	1	1	0	3	1	3	1	3	1	3	1
point	1885	1702	1	0	0	1	1	2	0	0	0	0	0	0	0
point	851	778	3	3	1	2	0	2	0	3	1	2	0	3	1
point	951	870	0	3	0	3	0	0	1	3	0	3	0	3	0
point	1743	1574	0	0	1	1	0	1	0	1	0	0	1	1	0
point	40	40	2	2	1	2	1	3	0	2	1	2	1	2	1
point	1051	953	1	1	1	1	1	1	1	1	1	1	1	1	1
point	353	325	2	1	0	0	0	1	0	1	0	1	0	1	0
point	1047	950	2	2	1	2	1	0	0	1	0	1	0	2	1
point	661	602	0	0	1	0	1	0	1	0	1	0	1	0	1
point	92	89	3	3	1	3	1	3	1	3	1	3	1	3	1
point	2200	1982	3	3	1	1	0	1	0	3	1	1	0	3	1
point	1925	1736	0	0	1	0	1	2	0	0	1	0	1	0	1
point	805	737	3	3	1	0	0	0	0	3	1	3	1	3	1
point	1547	1403	1	0	0	1	1	0	0	0	0	0	0	1	1
point	2252	2031	3	3	1	3	1	3	1	3	1	3	1	3	1
point	2253	2031	0	0	1	0	1	0	1	0	1	0	1	0	1
point	646	587	2	2	1	3	0	0	0	0	0	2	1	2	1
point	1116	1013	3	3	1	3	1	3	1	3	1	3	1	3	1
point	1117	1013	1	1	1	1	1	1	1	1	1	1	1	1	1
point	1585	1434	3	0	0	0	0	0	0	0	0	0	0	0	0
point	2083	1874	2	2	1	1	0	3	0	1	0	2	1	2	1
point	877	802	3	3	1	3	1	0	0	0	0	3	1	3	1
point	1793	1618	1	1	1	3	0	2	0	2	0	1	1	1	1
point	211	193	1	1	1	1	1	3	0	3	0	3	0	3	0
point	362	333	0	0	1	0	1	2	0	0	1	0	1	0	1
point	995	906	2	2	1	1	0	2	1	3	0	1	0	2	1
point	621	562	3	3	1	2	0	2	0	3	1	3	1	3	1
point	2335	2106	1	1	1	3	0	3	0	1	1	1	1	1	1
point	1910	1724	2	2	1	3	0	0	0	2	1	2	1	2	1
point	1911	1724	1	1	1	0	0	3	0	1	1	0	0	1	1
point	407	375	0	0	1	0	1	3	0	0	1	0	1	0	1
point	826	756	3	2	0	2	0	1	0	3	1	0	0	2	0
point	760	693	1	1	1	0	0	2	0	0	0	2	0	1	1
point	1626	1471	0	3	0	3	0	1	0	3	0	3	0	3	0
point	1811	1636	0	2	0	1	0	1	0	1	0	2	0	2	0
point	1874	1691	3	3	1	3	1	3	1	3	1	3	1	3	1
point	114	109	0	0	1	3	0	2	0	0	1	3	0	0	1
point	1604	1452	1	1	1	3	0	3	0	1	1	1	1	3	0
point	2175	1958	2	2	1	2	1	3	0	2	1	2	1	2	1
point	2652	2399	2	2	1	2	1	1	0	2	1	1	0	2	1
point	2228	2008	1	1	1	0	0	0	0	1	1	0	0	1	1
point	717	653	3	3	1	3	1	1	0	3	1	2	0	1	0
point	568	513	2	2	1	0	0	2	1	2	1	2	1	2	1
point	307	286	2	2	1	0	0	0	0	2	1	0	0	2	1
point	308	286	3	3	1	3	1	3	1	3	1	3	1	3	1
point	1181	1073	0	0	1	3	0	0	1	1	0	3	0	0	1
point	1555	1409	1	1	1	2	0	2	0	1	1	1	1	1	1
point	1252	1133	0	0	1	0	1	2	0	0	1	2	0	0	1
point	310	288	3	3	1	3	1	2	0	3	1	3	1	3	1
point	2339	2109	1	0	0	3	0	0	0	3	0	3	0	2	0
point	1389	1257	3	3	1	3	1	3	1	3	1	3	1	3	1
point	797	729	3	3	1	2	0	2	0	0	0	3	1	3	1
point	2562	2316	3	1	0	0	0	0	0	1	0	1	0	1	0
point	1734	1567	1	3	0	1	1	1	1	1	1	3	0	3	0
point	824	754	0	0	1	0	1	1	0	1	0	0	1	0	1
point	1418	1285	0	0	1	0	1	0	1	0	1	0	1	0	1
point	104	99	0	0	1	2	0	3	0	0	1	0	1	0	1
point	2078	1869	3	0	0	0	0	0	0	0	0	0	0	0	0
point	1963	1771	2	2	1	2	1	2	1	2	1	2	1	2	1
point	1532	1390	1	1	1	0	0	3	0	1	1	1	1	1	1
point	1899	1714	2	2	1	3	0	1	0	0	0	2	1	3	0
point	375	345	1	1	1	1	1	1	1	1	1	1	1	1	1
point	1754	1584	2	2	1	3	0	1	0	2	1	2	1	2	1
point	1916	1727	0	0	1	0	1	0	1	0	1	0	1	0	1
point	1550	1406	1	1	1	1	1	2	0	1	1	1	1	1	1
point	342	314	3	1	0	3	1	0	0	3	1	3	1	0	0
point	156	143	2	2	1	2	1	2	1	2	1	2	1	2	1
point	916	839	1	1	1	1	1	1	1	1	1	1	1	1	1
point	2507	2266	2	2	1	2	1	0	0	2	1	2	1	2	1
point	2460	2220	0	0	1	0	1	0	1	0	1	0	1	0	1
point	1180	1072	0	0	1	0	1	0	1	0	1	0	1	0	1
point	566	512	3	3	1	0	0	2	0	3	1	1	0	3	1
point	1396	1264	1	1	1	1	1	1	1	1	1	1	1	1	1
point	1726	1560	3	3	1	3	1	3	1	3	1	3	1	3	1
point	1993	1797	2	2	1	2	1	0	0	2	1	2	1	2	1
point	1614	1461	2	3	0	0	0	3	0	0	0	3	0	3	0
point	430	395	1	1	1	2	0	2	0	2	0	2	0	1	1
point	2034	1832	0	0	1	0	1	0	1	0	1	0	1	0	1
point	2075	1866	0	2	0	0	1	2	0	0	1	0	1	2	0
point	519	469	3	3	1	3	1	3	1	3	1	3	1	0	0
point	1218	1105	1	1	1	1	1	1	1	1	1	1	1	1	1
point	2425	2187	1	1	1	2	0	3	0	0	0	1	1	1	1
point	653	594	0	0	1	2	0	3	0	1	0	0	1	0	1
point	705	642	0	0	1	0	1	0	1	0	1	0	1	0	1
point	2540	2297	2	2	1	0	0	2	1	0	0	2	1	2	1
point	1586	1435	1	1	1	3	0	3	0	3	0	1	1	1	1
point	1587	1435	1	1	1	1	1	1	1	1	1	1	1	1	1
point	2298	2072	1	2	0	1	1	1	1	3	0	2	0	2	0
point	1429	1295	2	2	1	2	1	2	1	2	1	2	1	2	1
point	444	408	0	0	1	0	1	0	1	0	1	0	1	0	1
point	2010	1811	1	1	1	1	1	1	1	1	1	1	1	1	1
point	2009	1811	2	2	1	2	1	2	1	2	1	2	1	2	1
point	864	790	1	1	1	1	1	0	0	1	1	0	0	1	1
point	433	398	1	1	1	1	1	1	1	1	1	2	0	1	1
point	1538	1395	1	1	1	0	0	0	0	1	1	1	1	1	1
point	1438	1303	3	3	1	3	1	3	1	3	1	0	0	3	1
point	2399	2164	2	2	1	3	0	3	0	3	0	3	0	3	0
point	659	600	2	2	1	2	1	0	0	2	1	2	1	2	1
point	2591	2343	2	2	1	2	1	2	1	2	1	2	1	2	1
point	1445	1310	2	2	1	2	1	1	0	2	1	2	1	2	1
point	1954	1763	3	3	1	3	1	3	1	3	1	3	1	3	1
point	735	668	3	3	1	0	0	0	0	3	1	3	1	3	1
point	734	668	3	3	1	1	0	3	1	3	1	3	1	3	1
point	93	90	3	3	1	3	1	2	0	3	1	3	1	3	1
point	257	237	2	2	1	2	1	2	1	2	1	2	1	2	1
point	2611	2363	1	1	1	0	0	3	0	1	1	1	1	1	1
point	2583	2335	0	0	1	0	1	2	0	0	1	1	0	0	1
point	466	424	2	2	1	2	1	2	1	2	1	2	1	2	1
point	2324	2097	3	3	1	3	1	1	0	3	1	3	1	3	1
point	1927	1737	0	0	1	0	1	0	1	0	1	2	0	0	1
point	1341	1212	2	2	1	0	0	0	0	2	1	3	0	2	1
point	1064	965	0	2	0	2	0	2	0	2	0	2	0	2	0
point	657	598	2	2	1	3	0	3	0	0	0	0	0	2	1
point	2574	2327	3	2	0	0	0	2	0	0	0	2	0	2	0
point	1971	1779	0	0	1	0	1	0	1	0	1	0	1	0	1
point	831	760	3	3	1	3	1	3	1	3	1	0	0	3	1
point	832	760	3	3	1	0	0	2	0	2	0	3	1	3	1
point	269	248	1	1	1	1	1	1	1	1	1	1	1	1	1
point	893	818	3	3	1	3	1	3	1	3	1	3	1	3	1
point	449	412	3	3	1	0	0	1	0	3	1	3	1	3	1
point	764	697	3	3	1	3	1	3	1	3	1	3	1	3	1
point	963	878	2	2	1	2	1	2	1	2	1	2	1	2	1
point	531	481	2	3	0	2	1	3	0	3	0	0	0	3	0
point	774	706	0	0	1	0	1	0	1	0	1	0	1	0	1
point	2019	1820	3	3	1	1	0	2	0	0	0	1	0	3	1
point	1229	1114	3	3	1	0	0	2	0	3	1	0	0	3	1
point	1316	1189	2	2	1	2	1	2	1	2	1	2	1	2	1
point	2514	2272	0	1	0	1	0	1	0	1	0	1	0	0	1
point	35	35	2	2	1	1	0	1	0	2	1	3	0	2	1
point	1938	1748	0	3	0	3	0	3	0	3	0	3	0	3	0
point	829	758	1	2	0	1	1	1	1	1	1	1	1	1	1
point	828	758	1	1	1	1	1	1	1	1	1	1	1	1	1
point	105	100	1	0	0	2	0	1	1	0	0	0	0	0	0
point	638	579	2	2	1	1	0	2	1	2	1	3	0	2	1
point	974	887	1	1	1	1	1	0	0	0	0	1	1	1	1
point	1973	1781	1	1	1	3	0	0	0	1	1	1	1	1	1
point	2127	1915	2	2	1	2	1	2	1	2	1	2	1	2	1
point	137	128	1	1	1	1	1	0	0	0	0	1	1	1	1
point	1787	1613	1	1	1	1	1	1	1	1	1	1	1	1	1
point	1786	1613	0	2	0	2	0	2	0	2	0	2	0	2	0
point	1871	1688	1	2	0	2	0	3	0	1	1	1	1	1	1
point	328	303	0	0	1	0	1	0	1	1	0	2	0	0	1
point	329	303	1	1	1	3	0	3	0	2	0	3	0	1	1
point	905	828	2	3	0	3	0	2	1	3	0	3	0	3	0
point	1281	1158	3	3	1	3	1	3	1	3	1	3	1	3	1
point	844	771	3	3	1	3	1	3	1	3	1	3	1	3	1
point	192	174	3	3	1	3	1	0	0	0	0	0	0	3	1
point	570	515	3	3	1	2	0	2	0	3	1	2	0	3	1
point	1428	1294	3	3	1	3	1	3	1	3	1	3	1	3	1
point	2073	1864	3	3	1	3	1	2	0	1	0	2	0	3	1
point	762	695	0	0	1	1	0	1	0	1	0	1	0	0	1
point	1230	1115	1	1	1	1	1	1	1	1	1	2	0	1	1
point	1611	1458	3	3	1	1	0	0	0	3	1	3	1	3	1
point	1282	1159	3	3	1	1	0	0	0	1	0	1	0	3	1
point	747	680	1	1	1	2	0	2	0	2	0	1	1	2	0
point	2168	1951	0	3	0	3	0	3	0	0	1	0	1	3	0
point	1164	1056	2	2	1	1	0	1	0	2	1	2	1	2	1
point	1859	1679	3	3	1	0	0	0	0	0	0	0	0	0	0
point	1420	1287	1	1	1	3	0	0	0	3	0	1	1	1	1
point	1637	1481	1	1	1	3	0	0	0	3	0	2	0	3	0
point	1636	1481	0	0	1	0	1	0	1	0	1	0	1	0	1
point	1215	1102	1	1	1	1	1	1	1	1	1	1	1	1	1
point	1597	1445	1	1	1	0	0	0	0	0	0	1	1	1	1
point	2071	1862	0	0	1	0	1	0	1	0	1	0	1	0	1
point	810	741	3	3	1	0	0	0	0	0	0	3	1	3	1
point	1058	959	1	1	1	3	0	1	1	1	1	1	1	1	1
point	1696	1533	0	0	1	0	1	2	0	0	1	0	1	0	1
point	2179	1962	0	0	1	0	1	0	1	0	1	0	1	0	1
point	57	56	0	0	1	0	1	0	1	0	1	0	1	0	1
point	1602	1450	3	1	0	1	0	1	0	1	0	1	0	0	0
point	1221	1107	3	3	1	0	0	2	0	0	0	3	1	3	1
point	1556	1410	1	1	1	1	1	3	0	1	1	1	1	1	1
point	195	177	3	3	1	3	1	3	1	3	1	3	1	3	1
point	428	393	0	0	1	0	1	0	1	0	1	0	1	0	1
point	1009	920	2	2	1	1	0	1	0	1	0	3	0	2	1
point	490	444	3	3	1	3	1	2	0	3	1	3	1	3	1
point	161	148	0	0	1	2	0	0	1	0	1	0	1	0	1
point	1545	1401	0	0	1	1	0	0	1	0	1	0	1	0	1
point	165	151	0	0	1	0	1	0	1	0	1	0	1	0	1
point	386	356	3	3	1	0	0	0	0	3	1	0	0	3	1
point	609	552	0	1	0	1	0	1	0	1	0	2	0	1	0
point	587	530	0	0	1	0	1	0	1	0	1	0	1	0	1
point	940	861	3	3	1	0	0	2	0	0	0	0	0	3	1
point	1672	1513	0	2	0	2	0	2	0	2	0	2	0	0	1
point	2374	2140	0	3	0	0	1	0	1	2	0	2	0	0	1
point	501	452	1	1	1	1	1	3	0	1	1	1	1	1	1
point	575	519	3	3	1	0	0	2	0	2	0	2	0	3	1
point	1155	1049	1	1	1	1	1	1	1	1	1	1	1	1	1
point	2239	2019	3	3	1	3	1	0	0	3	1	0	0	3	1
point	2444	2205	3	3	1	0	0	0	0	3	1	3	1	3	1
point	1966	1774	1	0	0	3	0	3	0	3	0	3	0	1	1
point	868	794	2	2	1	2	1	2	1	2	1	2	1	2	1
point	869	794	0	0	1	3	0	1	0	0	1	0	1	0	1
point	2163	1946	0	0	1	0	1	3	0	0	1	0	1	0	1
point	876	801	1	1	1	0	0	3	0	1	1	1	1	1	1
point	2490	2250	1	1	1	1	1	2	0	1	1	1	1	1	1
point	1613	1460	2	1	0	0	0	0	0	1	0	2	1	2	1
point	2440	2201	0	0	1	2	0	0	1	0	1	0	1	0	1
point	2021	1822	0	3	0	0	1	2	0	0	1	1	0	2	0
point	1644	1487	1	3	0	3	0	3	0	3	0	3	0	3	0
point	2544	2301	0	0	1	3	0	3	0	3	0	0	1	0	1
point	2646	2393	0	3	0	3	0	3	0	3	0	3	0	3	0
point	1855	1675	1	1	1	1	1	1	1	1	1	1	1	1	1
point	107	102	0	0	1	0	1	0	1	0	1	0	1	0	1
point	1676	1516	2	2	1	2	1	2	1	3	0	0	0	3	0
point	1639	1483	2	2	1	2	1	0	0	3	0	2	1	2	1
point	598	541	2	2	1	1	0	2	1	2	1	2	1	2	1
point	2139	1927	2	2	1	2	1	2	1	2	1	2	1	2	1
point	2063	1856	0	0	1	0	1	0	1	0	1	0	1	0	1
point	939	860	1	1	1	2	0	2	0	1	1	1	1	1	1
point	1162	1054	1	1	1	3	0	0	0	3	0	3	0	1	1
point	1145	1039	0	0	1	0	1	2	0	0	1	0	1	0	1
point	914	837	1	1	1	1	1	1	1	1	1	1	1	1	1
point	1844	1665	3	3	1	2	0	0	0	3	1	0	0	3	1
point	982	894	1	1	1	1	1	3	0	1	1	1	1	1	1
point	981	894	1	1	1	0	0	0	0	2	0	0	0	1	1
point	1224	1110	1	1	1	1	1	3	0	1	1	1	1	1	1
point	1205	1093	3	2	0	0	0	2	0	2	0	3	1	1	0
point	1206	1093	0	0	1	3	0	2	0	0	1	0	1	0	1
point	2074	1865	3	3	1	3	1	3	1	3	1	3	1	3	1
point	1816	1641	3	3	1	3	1	1	0	1	0	3	1	3	1
point	1919	1730	3	3	1	2	0	3	1	2	0	2	0	2	0
point	1414	1281	0	0	1	0	1	0	1	0	1	0	1	0	1
point	696	633	3	3	1	0	0	3	1	3	1	1	0	3	1
point	2416	2178	0	0	1	1	0	1	0	0	1	1	0	0	1
point	2172	1955	3	3	1	2	0	2	0	3	1	3	1	3	1
point	1436	1301	0	0	1	3	0	0	1	0	1	0	1	0	1
point	707	644	0	0	1	1	0	1	0	1	0	1	0	0	1
point	813	744	2	2	1	3	0	3	0	0	0	0	0	2	1
point	1757	1587	2	2	1	1	0	0	0	1	0	1	0	2	1
point	1566	1417	3	0	0	2	0	3	1	0	0	0	0	3	1
point	1097	995	3	3	1	3	1	3	1	2	0	2	0	3	1
point	1098	995	3	3	1	1	0	1	0	3	1	1	0	1	0
point	2325	2098	3	3	1	3	1	3	1	3	1	3	1	3	1
point	1771	1600	0	0	1	0	1	3	0	3	0	0	1	0	1
point	1601	1449	0	0	1	0	1	0	1	0	1	0	1	0	1
point	2095	1884	0	0	1	0	1	0	1	0	1	0	1	0	1
point	1922	1733	0	0	1	0	1	2	0	0	1	0	1	0	1
point	2394	2160	3	3	1	1	0	1	0	3	1	3	1	3	1
point	1005	916	0	0	1	0	1	0	1	0	1	0	1	1	0
point	270	249	1	1	1	2	0	0	0	1	1	1	1	1	1
point	1769	1598	2	2	1	1	0	0	0	0	0	2	1	2	1
point	1241	1123	2	2	1	2	1	1	0	2	1	2	1	2	1
point	560	506	0	0	1	0	1	0	1	0	1	0	1	0	1
point	671	611	2	2	1	2	1	1	0	1	0	2	1	2	1
point	1376	1245	0	0	1	0	1	0	1	2	0	2	0	1	0
point	2486	2246	0	0	1	0	1	1	0	1	0	1	0	1	0
point	1499	1359	0	0	1	0	1	2	0	2	0	2	0	0	1
point	1917	1728	0	3	0	1	0	1	0	1	0	3	0	3	0
point	2470	2230	3	3	1	3	1	1	0	0	0	3	1	3	1
point	145	134	3	2	0	3	1	2	0	1	0	0	0	2	0
point	1073	974	2	2	1	1	0	2	1	2	1	2	1	2	1
point	2203	1985	3	3	1	3	1	3	1	3	1	3	1	3	1
point	2353	2121	1	1	1	1	1	1	1	1	1	1	1	1	1
point	863	789	2	2	1	3	0	0	0	0	0	2	1	2	1
point	1657	1499	2	2	1	3	0	0	0	2	1	2	1	2	1
point	147	136	1	1	1	3	0	2	0	1	1	1	1	1	1
point	558	504	2	2	1	2	1	3	0	2	1	2	1	2	1
point	557	504	3	3	1	1	0	2	0	0	0	1	0	3	1
point	2308	2082	3	3	1	3	1	2	0	0	0	0	0	3	1
point	959	875	3	3	1	1	0	3	1	1	0	1	0	3	1
point	1152	1046	0	0	1	0	1	1	0	0	1	0	1	0	1
point	44	44	3	3	1	1	0	1	0	2	0	3	1	3	1
point	1165	1057	3	3	1	3	1	0	0	3	1	3	1	3	1
point	1034	940	0	0	1	0	1	1	0	0	1	0	1	0	1
point	1264	1142	1	3	0	3	0	2	0	3	0	3	0	3	0
point	1930	1740	3	3	1	3	1	3	1	0	0	0	0	3	1
point	1312	1185	0	0	1	0	1	0	1	0	1	0	1	0	1
point	1929	1739	0	3	0	0	1	0	1	3	0	0	1	0	1
point	2392	2158	3	0	0	1	0	3	1	0	0	0	0	0	0
point	1121	1016	3	3	1	3	1	3	1	3	1	3	1	3	1
point	1374	1243	1	2	0	2	0	3	0	2	0	2	0	2	0
point	1213	1100	0	3	0	2	0	3	0	3	0	3	0	3	0
point	1807	1632	0	0	1	0	1	1	0	0	1	0	1	0	1
point	2169	1952	1	3	0	0	0	1	1	3	0	0	0	3	0
point	781	713	3	3	1	3	1	0	0	3	1	3	1	3	1
point	489	443	1	0	0	0	0	0	0	0	0	0	0	0	0
point	749	682	3	3	1	3	1	2	0	3	1	3	1	3	1
point	117	112	3	3	1	3	1	3	1	3	1	3	1	3	1
point	2137	1925	3	3	1	3	1	3	1	3	1	3	1	3	1
point	584	527	0	0	1	0	1	0	1	0	1	3	0	0	1
point	1565	1416	2	2	1	0	0	3	0	0	0	2	1	2	1
point	199	181	0	0	1	1	0	3	0	0	1	0	1	0	1
point	2645	2392	1	1	1	0	0	3	0	2	0	2	0	1	1
point	291	270	0	0	1	2	0	2	0	2	0	2	0	2	0
point	1413	1280	2	0	0	0	0	3	0	0	0	0	0	0	0
point	1317	1190	3	3	1	3	1	3	1	3	1	3	1	3	1
point	608	551	3	3	1	3	1	3	1	3	1	3	1	3	1
point	1965	1773	1	2	0	0	0	3	0	1	1	0	0	2	0
point	2342	2111	1	1	1	1	1	0	0	1	1	1	1	1	1
point	1404	1271	2	0	0	3	0	0	0	3	0	2	1	0	0
point	264	244	1	1	1	0	0	1	1	1	1	0	0	1	1
point	2487	2247	1	3	0	3	0	3	0	3	0	3	0	3	0
point	841	768	0	0	1	0	1	0	1	0	1	0	1	0	1
point	11	12	1	1	1	3	0	3	0	2	0	1	1	1	1
point	1060	961	1	1	1	0	0	3	0	1	1	1	1	1	1
point	1007	918	3	3	1	3	1	0	0	3	1	3	1	0	0
point	475	431	3	3	1	3	1	3	1	3	1	3	1	3	1
point	2601	2353	0	0	1	0	1	0	1	0	1	0	1	0	1
point	1137	1032	3	3	1	0	0	0	0	1	0	0	0	1	0
point	1234	1118	2	2	1	3	0	3	0	2	1	2	1	2	1
point	1724	1558	0	0	1	0	1	0	1	0	1	0	1	0	1
point	565	511	2	1	0	1	0	3	0	1	0	1	0	1	0
point	207	189	2	2	1	2	1	2	1	2	1	2	1	2	1
point	2026	1825	3	3	1	1	0	1	0	0	0	3	1	3	1
point	2588	2340	0	0	1	2	0	2	0	0	1	2	0	0	1
point	779	711	0	0	1	0	1	0	1	0	1	0	1	0	1
point	898	822	2	2	1	2	1	2	1	2	1	2	1	2	1
point	899	822	2	2	1	2	1	3	0	2	1	2	1	2	1
point	601	544	2	3	0	3	0	3	0	3	0	3	0	3	0
point	1967	1775	1	1	1	1	1	3	0	1	1	1	1	1	1
point	1609	1457	2	2	1	2	1	2	1	2	1	2	1	2	1
point	419	385	3	3	1	3	1	1	0	3	1	3	1	3	1
point	938	859	2	2	1	2	1	2	1	3	0	2	1	2	1
point	2297	2071	0	2	0	2	0	2	0	2	0	2	0	2	0
point	2117	1906	1	1	1	3	0	3	0	1	1	1	1	1	1
point	2035	1833	1	1	1	2	0	1	1	1	1	1	1	1	1
point	520	470	1	1	1	1	1	1	1	1	1	1	1	1	1
point	2509	2268	2	2	1	2	1	2	1	2	1	2	1	2	1
point	2030	1829	1	1	1	0	0	0	0	0	0	0	0	1	1
point	970	883	0	0	1	0	1	3	0	0	1	0	1	0	1
point	1559	1413	2	2	1	2	1	2	1	2	1	2	1	2	1
point	1039	944	0	0	1	0	1	0	1	0	1	0	1	0	1
point	131	124	2	2	1	0	0	0	0	0	0	0	0	2	1
point	494	447	2	2	1	2	1	1	0	2	1	2	1	2	1
point	1758	1588	2	0	0	2	1	2	1	0	0	2	1	0	0
point	34	34	1	1	1	1	1	1	1	1	1	1	1	1	1
point	1186	1078	2	2	1	1	0	3	0	2	1	1	0	2	1
point	2012	1813	3	2	0	2	0	2	0	2	0	2	0	2	0
point	634	575	0	0	1	0	1	0	1	0	1	0	1	0	1
point	423	389	1	1	1	3	0	3	0	2	0	1	1	1	1
point	1139	1034	2	2	1	1	0	0	0	2	1	2	1	2	1
point	229	211	0	0	1	0	1	0	1	0	1	0	1	0	1
point	1437	1302	0	2	0	2	0	2	0	2	0	2	0	2	0
point	1951	1760	3	3	1	2	0	3	1	3	1	3	1	3	1
point	2479	2239	3	3	1	3	1	3	1	3	1	3	1	3	1
point	12	13	2	2	1	1	0	2	1	1	0	1	0	2	1
point	2182	1964	1	1	1	0	0	1	1	1	1	1	1	1	1
point	983	895	1	3	0	2	0	3	0	3	0	3	0	1	1
point	1106	1003	2	2	1	2	1	2	1	2	1	2	1	2	1
point	27	28	3	3	1	0	0	0	0	0	0	3	1	3	1
point	28	28	2	2	1	0	0	1	0	0	0	2	1	2	1
point	452	415	3	3	1	0	0	1	0	2	0	3	1	3	1
point	1297	1173	0	1	0	0	1	1	0	0	1	1	0	1	0
point	1236	1119	1	0	0	0	0	2	0	0	0	0	0	0	0
point	1447	1312	0	0	1	3	0	1	0	0	1	0	1	0	1
point	1049	952	0	0	1	0	1	0	1	0	1	0	1	0	1
point	281	260	1	1	1	1	1	2	0	1	1	1	1	1	1
point	2537	2294	0	0	1	1	0	2	0	1	0	1	0	0	1
point	2397	2162	3	3	1	3	1	3	1	3	1	3	1	3	1
point	857	783	3	3	1	0	0	0	0	0	0	0	0	0	0
point	1621	1467	3	0	0	0	0	2	0	0	0	0	0	0	0
point	2062	1855	3	3	1	3	1	0	0	3	1	3	1	3	1
point	2233	2013	3	3	1	3	1	0	0	3	1	3	1	3	1
point	1192	1082	1	1	1	1	1	3	0	1	1	1	1	1	1
point	78	77	0	0	1	2	0	3	0	0	1	0	1	0	1
point	1588	1436	2	2	1	3	0	3	0	3	0	3	0	2	1
point	142	132	1	1	1	1	1	3	0	1	1	1	1	1	1
point	2498	2257	1	0	0	0	0	0	0	0	0	0	0	0	0
point	2497	2257	0	0	1	3	0	0	1	3	0	3	0	0	1
point	1055	957	2	2	1	2	1	2	1	2	1	2	1	2	1
point	926	847	1	1	1	1	1	0	0	1	1	1	1	1	1
point	414	381	2	2	1	0	0	2	1	2	1	2	1	2	1
point	1630	1475	1	1	1	1	1	1	1	1	1	1	1	1	1
point	2587	2339	0	0	1	1	0	0	1	0	1	3	0	0	1
point	2602	2354	0	0	1	0	1	1	0	1	0	1	0	0	1
point	292	271	2	2	1	3	0	1	0	0	0	0	0	3	0
point	989	901	1	1	1	3	0	3	0	1	1	3	0	1	1
point	2142	1929	2	2	1	0	0	3	0	3	0	2	1	2	1
point	2448	2209	0	0	1	3	0	0	1	3	0	0	1	0	1
point	1492	1353	2	2	1	2	1	0	0	2	1	2	1	2	1
point	454	417	1	1	1	1	1	1	1	1	1	1	1	1	1
point	1441	1306	0	0	1	0	1	0	1	0	1	0	1	0	1
point	2226	2006	2	2	1	2	1	3	0	2	1	2	1	2	1
point	886	811	1	1	1	3	0	3	0	1	1	0	0	1	1
point	1318	1191	1	1	1	3	0	1	1	1	1	1	1	1	1
point	1947	1756	3	3	1	3	1	2	0	3	1	3	1	3	1
point	1133	1028	3	3	1	0	0	0	0	3	1	3	1	3	1
point	1546	1402	0	1	0	1	0	0	1	2	0	1	0	1	0
point	1357	1227	0	0	1	0	1	0	1	0	1	0	1	0	1
point	2008	1810	0	0	1	0	1	2	0	0	1	0	1	0	1
point	911	834	3	0	0	1	0	3	1	0	0	0	0	1	0
point	2613	2365	2	2	1	3	0	3	0	3	0	3	0	2	1
point	1365	1234	3	3	1	0	0	0	0	3	1	0	0	3	1
point	529	479	1	1	1	1	1	1	1	1	1	1	1	1	1
point	1686	1525	1	1	1	0	0	1	1	2	0	2	0	1	1
point	1969	1777	3	3	1	1	0	3	1	3	1	3	1	3	1
point	2089	1880	0	0	1	0	1	2	0	0	1	0	1	0	1
point	2372	2138	2	2	1	3	0	3	0	2	1	2	1	2	1
point	2223	2003	1	1	1	0	0	1	1	0	0	0	0	1	1
point	2222	2003	2	2	1	1	0	1	0	2	1	2	1	2	1
point	416	383	1	3	0	2	0	2	0	3	0	0	0	1	1
point	1535	1393	0	0	1	0	1	2	0	0	1	0	1	0	1
point	820	750	3	3	1	3	1	3	1	3	1	3	1	3	1
point	902	825	0	1	0	2	0	2	0	1	0	2	0	1	0
point	2431	2193	0	0	1	0	1	0	1	0	1	0	1	0	1
point	1761	1591	1	1	1	1	1	1	1	1	1	1	1	1	1
point	748	681	3	3	1	0	0	1	0	3	1	3	1	3	1
point	2594	2346	0	0	1	3	0	3	0	3	0	3	0	0	1
point	600	543	0	0	1	3	0	2	0	0	1	3	0	0	1
point	999	910	0	2	0	0	1	2	0	2	0	1	0	2	0
point	599	542	3	3	1	3	1	1	0	3	1	3	1	3	1
point	554	501	3	3	1	3	1	3	1	3	1	3	1	3	1
point	2328	2100	2	2	1	0	0	1	0	3	0	1	0	3	0
point	1458	1323	0	0	1	3	0	0	1	0	1	0	1	0	1
point	1818	1642	2	2	1	2	1	3	0	2	1	2	1	2	1
point	1610	1458	0	0	1	0	1	3	0	0	1	0	1	0	1
point	1658	1500	1	1	1	1	1	1	1	1	1	1	1	1	1
point	962	877	0	0	1	2	0	0	1	3	0	3	0	0	1
point	961	877	0	0	1	0	1	0	1	0	1	0	1	0	1
point	528	478	1	1	1	1	1	1	1	1	1	0	0	1	1
point	1326	1198	0	0	1	0	1	0	1	2	0	0	1	0	1
point	140	130	0	0	1	0	1	1	0	0	1	0	1	0	1
point	1463	1328	3	3	1	1	0	1	0	3	1	3	1	3	1
point	567	513	2	2	1	0	0	0	0	2	1	2	1	2	1
point	1045	948	2	2	1	2	1	2	1	2	1	2	1	2	1
point	541	490	1	0	0	0	0	0	0	0	0	0	0	0	0
point	542	490	0	0	1	0	1	0	1	0	1	0	1	0	1
point	378	348	3	3	1	3	1	3	1	3	1	3	1	3	1
point	761	694	3	3	1	0	0	1	0	0	0	3	1	3	1
point	758	691	1	1	1	1	1	3	0	3	0	3	0	1	1
point	2055	1850	3	3	1	3	1	3	1	0	0	3	1	3	1
point	2001	1804	1	1	1	1	1	1	1	1	1	1	1	1	1
point	2000	1804	3	3	1	2	0	3	1	3	1	3	1	3	1
point	583	526	3	3	1	3	1	3	1	3	1	3	1	3	1
point	854	780	2	2	1	2	1	2	1	2	1	2	1	2	1
point	853	780	2	2	1	0	0	3	0	2	1	2	1	2	1
point	2094	1883	2	2	1	2	1	2	1	2	1	3	0	2	1
point	636	577	2	2	1	3	0	2	1	0	0	3	0	0	0
point	819	749	3	1	0	1	0	1	0	1	0	1	0	1	0
point	2396	2161	1	3	0	0	0	3	0	0	0	3	0	3	0
point	1784	1611	1	1	1	0	0	0	0	1	1	0	0	1	1
point	1150	1044	3	3	1	3	1	2	0	3	1	3	1	3	1
point	1108	1005	2	2	1	2	1	2	1	2	1	2	1	2	1
point	2640	2389	1	1	1	1	1	0	0	1	1	1	1	1	1
point	783	715	3	3	1	3	1	0	0	3	1	3	1	3	1
point	1107	1004	2	2	1	1	0	1	0	2	1	2	1	2	1
point	1407	1274	3	3	1	0	0	0	0	0	0	3	1	3	1
point	2582	2334	1	1	1	3	0	1	1	3	0	1	1	1	1
point	2149	1935	3	3	1	0	0	0	0	1	0	3	1	3	1
point	539	488	0	0	1	0	1	1	0	0	1	0	1	0	1
point	184	167	0	0	1	1	0	3	0	0	1	0	1	0	1
point	1719	1554	3	3	1	1	0	3	1	1	0	1	0	3	1
point	1720	1554	0	0	1	2	0	1	0	1	0	2	0	0	1
point	13	14	0	0	1	0	1	0	1	0	1	0	1	0	1
point	181	164	3	3	1	3	1	2	0	3	1	3	1	3	1
point	1779	1607	1	1	1	3	0	3	0	0	0	0	0	1	1
point	742	675	2	2	1	0	0	0	0	3	0	3	0	2	1
point	1959	1767	0	0	1	3	0	2	0	3	0	0	1	0	1
point	1958	1767	2	0	0	2	1	3	0	2	1	2	1	2	1
point	1764	1593	3	3	1	3	1	2	0	3	1	3	1	3	1
point	773	705	2	2	1	2	1	0	0	2	1	2	1	2	1
point	1166	1058	0	1	0	0	1	0	1	1	0	0	1	0	1
point	738	671	3	3	1	3	1	0	0	3	1	0	0	3	1
point	2621	2373	0	0	1	0	1	0	1	0	1	0	1	0	1
point	1457	1322	2	2	1	2	1	1	0	2	1	2	1	2	1
point	1838	1660	1	1	1	0	0	1	1	1	1	0	0	1	1
point	2383	2149	2	2	1	2	1	2	1	2	1	2	1	2	1
point	2002	1805	2	2	1	0	0	0	0	2	1	0	0	2	1
point	2221	2002	0	3	0	3	0	0	1	2	0	3	0	3	0
point	1120	1016	1	1	1	1	1	1	1	1	1	1	1	1	1
point	169	153	2	2	1	2	1	2	1	2	1	2	1	2	1
point	1273	1151	1	1	1	2	0	3	0	3	0	2	0	1	1
point	1062	963	3	3	1	3	1	3	1	3	1	3	1	3	1
point	2070	1862	2	1	0	2	1	2	1	2	1	2	1	2	1
point	1247	1128	3	3	1	3	1	3	1	3	1	3	1	3	1
point	1792	1617	1	1	1	3	0	1	1	3	0	1	1	1	1
point	751	684	0	0	1	3	0	3	0	3	0	3	0	3	0
point	260	240	1	1	1	3	0	0	0	1	1	1	1	1	1
point	581	525	1	1	1	0	0	1	1	3	0	0	0	1	1
point	2340	2109	3	2	0	3	1	1	0	3	1	3	1	2	0
point	2605	2357	1	1	1	3	0	3	0	1	1	1	1	1	1
point	1750	1581	2	2	1	2	1	2	1	2	1	2	1	2	1
point	2052	1847	0	0	1	0	1	0	1	0	1	0	1	0	1
point	2469	2229	1	1	1	0	0	3	0	1	1	1	1	1	1
point	706	643	2	3	0	2	1	0	0	0	0	0	0	3	0
point	306	285	2	2	1	0	0	1	0	2	1	0	0	2	1
point	85	83	2	2	1	2	1	2	1	2	1	2	1	2	1
point	86	83	0	0	1	0	1	0	1	0	1	0	1	0	1
point	2072	1863	2	2	1	2	1	2	1	2	1	0	0	2	1
point	2614	2366	1	1	1	1	1	3	0	1	1	1	1	1	1
point	1615	1462	0	0	1	0	1	1	0	0	1	0	1	0	1
point	338	310	0	0	1	2	0	2	0	0	1	0	1	0	1
point	2437	2198	2	1	0	1	0	1	0	1	0	1	0	1	0
point	79	78	2	2	1	3	0	3	0	2	1	3	0	2	1
point	2041	1838	0	0	1	1	0	3	0	1	0	1	0	0	1
point	2040	1838	3	3	1	2	0	2	0	3	1	3	1	3	1
point	1903	1717	1	1	1	1	1	1	1	1	1	1	1	1	1
point	1902	1717	3	3	1	1	0	3	1	1	0	1	0	2	0
point	2632	2382	2	3	0	0	0	3	0	0	0	1	0	3	0
point	359	330	0	3	0	1	0	1	0	1	0	1	0	3	0
point	1640	1483	0	0	1	0	1	1	0	0	1	0	1	0	1
point	807	739	2	2	1	2	1	2	1	2	1	2	1	2	1
point	1383	1251	0	3	0	2	0	2	0	2	0	2	0	0	1
point	1290	1166	0	0	1	3	0	1	0	0	1	0	1	0	1
point	1446	1311	0	2	0	2	0	2	0	2	0	2	0	2	0
point	5	7	0	0	1	1	0	3	0	0	1	0	1	0	1
point	445	409	1	1	1	0	0	3	0	1	1	0	0	1	1
point	524	474	2	2	1	0	0	0	0	0	0	2	1	2	1
point	1220	1106	1	1	1	1	1	1	1	1	1	1	1	1	1
point	1219	1106	1	1	1	1	1	3	0	1	1	2	0	1	1
point	1226	1112	2	2	1	3	0	1	0	3	0	1	0	2	1
point	679	618	2	2	1	2	1	3	0	2	1	0	0	2	1
point	215	197	2	2	1	3	0	2	1	3	0	3	0	2	1
point	1872	1689	1	1	1	3	0	3	0	1	1	1	1	1	1
point	1926	1736	1	1	1	3	0	3	0	1	1	1	1	1	1
point	2237	2017	2	2	1	1	0	1	0	2	1	2	1	2	1
point	733	667	2	2	1	2	1	2	1	2	1	1	0	2	1
point	2548	2305	1	3	0	3	0	3	0	3	0	3	0	3	0
point	2007	1810	3	3	1	0	0	0	0	3	1	3	1	3	1
point	1822	1646	0	1	0	0	1	1	0	0	1	0	1	1	0
point	2474	2234	0	0	1	3	0	3	0	3	0	0	1	0	1
point	954	872	1	1	1	1	1	2	0	1	1	2	0	1	1
point	493	446	1	1	1	1	1	1	1	1	1	1	1	1	1
point	492	446	1	2	0	2	0	2	0	2	0	1	1	2	0
point	1592	1440	0	0	1	3	0	3	0	3	0	0	1	0	1
point	960	876	2	3	0	2	1	1	0	2	1	2	1	3	0
point	1918	1729	2	3	0	2	1	3	0	2	1	2	1	1	0
point	2122	1910	2	2	1	2	1	2	1	2	1	2	1	2	1
point	1169	1061	0	0	1	0	1	0	1	0	1	0	1	0	1
point	1394	1262	1	1	1	0	0	2	0	3	0	1	1	1	1
point	1675	1515	2	2	1	0	0	0	0	0	0	2	1	2	1
point	1674	1515	2	2	1	2	1	2	1	2	1	2	1	2	1
point	509	459	0	0	1	3	0	2	0	3	0	0	1	0	1
point	927	848	3	3	1	3	1	3	1	3	1	3	1	3	1
point	1728	1562	3	3	1	0	0	2	0	3	1	0	0	3	1
point	1334	1206	1	1	1	1	1	1	1	1	1	1	1	1	1
point	2528	2285	3	3	1	3	1	3	1	3	1	3	1	3	1
point	1552	1407	3	3	1	3	1	0	0	3	1	3	1	3	1
point	153	141	3	3	1	2	0	3	1	3	1	3	1	3	1
point	155	141	2	2	1	1	0	2	1	1	0	1	0	2	1
point	2554	2309	3	3	1	1	0	1	0	0	0	2	0	3	1
point	1464	1329	0	0	1	0	1	0	1	0	1	0	1	0	1
point	1791	1616	2	1	0	2	1	2	1	0	0	0	0	2	1
point	1790	1616	2	2	1	2	1	2	1	2	1	2	1	2	1
point	993	904	1	0	0	0	0	3	0	0	0	0	0	0	0
point	992	904	1	0	0	2	0	2	0	0	0	0	0	0	0
point	1032	938	1	1	1	2	0	3	0	2	0	1	1	1	1
point	146	135	1	1	1	1	1	1	1	1	1	1	1	1	1
point	318	296	1	1	1	1	1	0	0	1	1	1	1	1	1
point	1065	966	0	0	1	3	0	3	0	3	0	3	0	0	1
point	702	639	0	0	1	0	1	0	1	0	1	0	1	0	1
point	1912	1725	1	1	1	0	0	0	0	1	1	1	1	1	1
point	437	402	3	3	1	1	0	3	1	3	1	3	1	3	1
point	1864	1682	2	2	1	1	0	0	0	3	0	1	0	2	1
point	664	605	3	2	0	3	1	3	1	2	0	2	0	3	1
point	1513	1372	3	3	1	3	1	3	1	2	0	2	0	3	1
point	197	179	3	2	0	2	0	3	1	2	0	2	0	2	0
point	2579	2331	2	2	1	2	1	2	1	2	1	2	1	2	1
point	2358	2125	3	3	1	2	0	1	0	3	1	3	1	3	1
point	677	616	0	2	0	3	0	2	0	0	1	1	0	2	0
point	2085	1876	2	3	0	1	0	0	0	1	0	3	0	3	0
point	2395	2160	1	1	1	3	0	1	1	1	1	1	1	1	1
point	1798	1623	0	0	1	0	1	0	1	0	1	0	1	0	1
point	625	566	3	3	1	0	0	2	0	3	1	3	1	3	1
point	2610	2362	0	0	1	1	0	1	0	1	0	0	1	0	1
point	972	885	0	0	1	2	0	3	0	3	0	0	1	0	1
point	1	3	0	1	0	1	0	1	0	1	0	1	0	1	0
point	935	856	1	2	0	1	1	3	0	3	0	3	0	2	0
point	2625	2377	0	2	0	2	0	0	1	2	0	2	0	2	0
point	2626	2377	0	3	0	3	0	3	0	3	0	3	0	3	0
point	1803	1628	1	1	1	1	1	0	0	0	0	1	1	1	1
point	376	346	3	3	1	0	0	2	0	1	0	3	1	3	1
point	238	220	3	1	0	2	0	2	0	1	0	1	0	1	0
point	2181	1963	1	2	0	0	0	1	1	2	0	0	0	2	0
point	2503	2262	2	2	1	1	0	3	0	1	0	1	0	2	1
point	1979	1785	0	0	1	0	1	0	1	0	1	0	1	0	1
point	1266	1144	0	0	1	2	0	2	0	0	1	0	1	0	1
point	2422	2184	0	0	1	3	0	3	0	3	0	3	0	0	1
point	2084	1875	2	0	0	2	1	0	0	2	1	2	1	2	1
point	76	75	2	2	1	1	0	2	1	0	0	3	0	2	1
point	371	341	3	3	1	3	1	3	1	3	1	3	1	3	1
point	1142	1037	0	0	1	0	1	0	1	0	1	0	1	0	1
point	1990	1794	1	1	1	1	1	2	0	0	0	0	0	1	1
point	2208	1990	1	1	1	1	1	1	1	1	1	1	1	1	1
point	1156	1049	2	2	1	2	1	2	1	2	1	2	1	2	1
point	188	170	2	2	1	2	1	2	1	2	1	2	1	2	1
point	1127	1022	3	3	1	3	1	1	0	3	1	3	1	3	1
point	880	805	0	0	1	3	0	3	0	3	0	2	0	0	1
point	1490	1351	0	2	0	2	0	0	1	0	1	2	0	2	0
point	1211	1098	3	3	1	3	1	2	0	1	0	1	0	3	1
point	130	123	2	2	1	2	1	2	1	2	1	2	1	2	1
point	1623	1468	1	1	1	3	0	0	0	1	1	3	0	1	1
point	1057	959	1	1	1	1	1	1	1	1	1	1	1	1	1
point	2595	2347	0	1	0	1	0	1	0	1	0	1	0	1	0
point	298	277	2	2	1	1	0	0	0	2	1	2	1	2	1
point	418	384	2	0	0	2	1	2	1	2	1	0	0	0	0
point	417	384	2	2	1	2	1	3	0	2	1	0	0	2	1
point	1842	1663	0	0	1	0	1	0	1	0	1	0	1	0	1
point	1841	1663	3	1	0	0	0	1	0	3	1	2	0	2	0
point	2636	2386	1	1	1	1	1	1	1	1	1	0	0	1	1
point	1168	1060	0	0	1	0	1	0	1	0	1	0	1	3	0
point	1199	1088	3	3	1	1	0	0	0	3	1	3	1	3	1
point	778	710	0	0	1	2	0	3	0	0	1	0	1	0	1
point	2054	1849	1	2	0	3	0	1	1	2	0	2	0	2	0
point	2282	2058	3	3	1	3	1	3	1	3	1	3	1	3	1
point	1868	1685	0	0	1	3	0	3	0	0	1	0	1	0	1
point	1054	956	3	3	1	1	0	3	1	3	1	3	1	3	1
point	1817	1641	3	1	0	3	1	3	1	3	1	3	1	3	1
point	793	725	0	2	0	2	0	2	0	2	0	2	0	2	0
point	63	62	3	3	1	3	1	3	1	3	1	3	1	3	1
point	2567	2321	2	1	0	3	0	1	0	0	0	0	0	2	1
point	2330	2102	3	3	1	3	1	3	1	3	1	3	1	3	1
point	1200	1089	2	2	1	2	1	2	1	2	1	2	1	2	1
point	2267	2043	1	1	1	1	1	3	0	1	1	1	1	1	1
point	1347	1217	2	2	1	0	0	0	0	1	0	3	0	2	1
point	1204	1093	2	1	0	2	1	2	1	1	0	2	1	1	0
point	1662	1504	1	1	1	2	0	1	1	1	1	2	0	1	1
point	643	584	1	1	1	3	0	3	0	3	0	1	1	1	1
point	750	683	2	2	1	2	1	3	0	3	0	2	1	2	1
point	256	236	0	3	0	3	0	3	0	3	0	3	0	3	0
point	17	18	1	2	0	2	0	2	0	2	0	2	0	2	0
point	1175	1067	3	3	1	3	1	0	0	3	1	3	1	3	1
point	332	306	3	2	0	0	0	0	0	1	0	2	0	2	0
point	2130	1918	3	3	1	3	1	3	1	3	1	3	1	3	1
point	1315	1188	0	0	1	2	0	1	0	2	0	2	0	0	1
point	1831	1654	2	3	0	3	0	3	0	1	0	3	0	1	0
point	2391	2157	2	0	0	0	0	2	1	0	0	0	0	2	1
point	1343	1214	2	2	1	2	1	0	0	2	1	2	1	2	1
point	1196	1086	1	1	1	0	0	3	0	1	1	1	1	1	1
point	24	25	1	1	1	0	0	1	1	0	0	3	0	1	1
point	351	323	3	3	1	3	1	3	1	3	1	3	1	3	1
point	1945	1754	0	3	0	3	0	3	0	3	0	3	0	3	0
point	1245	1126	3	3	1	3	1	1	0	2	0	2	0	3	1
point	1914	1727	1	1	1	2	0	2	0	1	1	2	0	1	1
point	1439	1304	0	0	1	1	0	1	0	1	0	3	0	0	1
point	1915	1727	3	3	1	3	1	2	0	2	0	2	0	3	1
point	811	742	2	2	1	0	0	1	0	0	0	2	1	2	1
point	2082	1873	0	2	0	3	0	2	0	0	1	0	1	2	0
point	777	709	0	3	0	2	0	2	0	2	0	2	0	3	0
point	994	905	0	3	0	3	0	3	0	0	1	3	0	3	0
point	1619	1465	2	2	1	2	1	2	1	2	1	2	1	2	1
point	439	404	0	0	1	3	0	3	0	3	0	3	0	0	1
point	440	404	1	0	0	0	0	0	0	0	0	0	0	0	0
point	1862	1681	0	0	1	0	1	0	1	0	1	0	1	0	1
point	715	652	3	3	1	2	0	0	0	3	1	3	1	3	1
point	716	652	3	3	1	2	0	1	0	3	1	3	1	3	1
point	1539	1395	1	1	1	0	0	1	1	1	1	1	1	1	1
point	2320	2093	3	3	1	3	1	3	1	3	1	3	1	3	1
point	1087	987	2	3	0	2	1	3	0	3	0	3	0	3	0
point	163	150	0	0	1	3	0	3	0	3	0	3	0	0	1
point	1031	937	1	1	1	0	0	2	0	0	0	1	1	1	1
point	2173	1956	0	0	1	3	0	1	0	3	0	3	0	2	0
point	409	376	0	0	1	0	1	1	0	1	0	0	1	0	1
point	613	555	0	0	1	0	1	0	1	0	1	0	1	0	1
point	408	376	2	2	1	1	0	1	0	1	0	2	1	2	1
point	1424	1291	0	0	1	0	1	0	1	0	1	0	1	0	1
point	1425	1291	3	3	1	3	1	3	1	3	1	3	1	3	1
point	1994	1798	1	1	1	2	0	1	1	1	1	1	1	1	1
point	1529	1387	3	3	1	3	1	3	1	3	1	3	1	3	1
point	1590	1438	1	1	1	1	1	3	0	1	1	1	1	1	1
point	1523	1381	3	3	1	0	0	3	1	3	1	3	1	3	1
point	2451	2211	1	1	1	3	0	3	0	2	0	3	0	0	0
point	2450	2211	0	0	1	0	1	0	1	0	1	0	1	0	1
point	1301	1177	1	1	1	3	0	3	0	1	1	3	0	2	0
point	965	880	3	3	1	2	0	2	0	2	0	2	0	3	1
point	839	766	1	1	1	2	0	1	1	1	1	1	1	1	1
point	171	155	3	3	1	3	1	3	1	3	1	3	1	3	1
point	2121	1909	2	2	1	0	0	3	0	2	1	0	0	2	1
point	1825	1649	3	3	1	3	1	3	1	3	1	3	1	3	1
point	580	524	0	3	0	0	1	3	0	3	0	0	1	0	1
point	1933	1743	1	1	1	1	1	1	1	1	1	1	1	1	1
point	168	152	1	2	0	3	0	1	1	3	0	3	0	1	1
point	166	152	0	1	0	0	1	2	0	1	0	1	0	1	0
point	2086	1877	0	0	1	0	1	0	1	0	1	0	1	0	1
point	2449	2210	2	2	1	2	1	0	0	2	1	2	1	2	1
point	2461	2221	3	3	1	3	1	3	1	3	1	3	1	3	1
point	124	118	3	3	1	3	1	1	0	3	1	3	1	3	1
point	1242	1123	0	2	0	0	1	0	1	0	1	0	1	2	0
point	1643	1486	3	2	0	2	0	2	0	2	0	2	0	2	0
point	1299	1175	3	3	1	3	1	1	0	3	1	0	0	3	1
point	2251	2030	2	2	1	3	0	3	0	2	1	3	0	2	1
point	917	840	1	1	1	1	1	1	1	1	1	1	1	1	1
point	2191	1973	3	3	1	3	1	3	1	3	1	3	1	3	1
point	1560	1414	2	2	1	2	1	2	1	2	1	2	1	2	1
point	2022	1822	0	0	1	1	0	2	0	1	0	1	0	0	1
point	1561	1414	0	0	1	0	1	0	1	0	1	0	1	0	1
point	2277	2053	3	3	1	1	0	2	0	3	1	3	1	3	1
point	1508	1367	0	0	1	0	1	2	0	0	1	0	1	0	1
point	1397	1265	3	3	1	3	1	3	1	3	1	3	1	3	1
point	2363	2129	3	3	1	3	1	3	1	3	1	3	1	3	1
point	2299	2073	2	1	0	0	0	0	0	2	1	1	0	1	0
point	110	105	1	1	1	1	1	2	0	2	0	1	1	1	1
point	827	757	1	1	1	2	0	3	0	0	0	0	0	1	1
point	1014	922	2	2	1	2	1	2	1	2	1	2	1	2	1
point	1013	922	0	0	1	0	1	2	0	0	1	0	1	0	1
point	1012	922	1	1	1	1	1	1	1	1	1	1	1	1	1
point	588	531	3	3	1	3	1	1	0	3	1	3	1	3	1
point	69	68	2	2	1	2	1	2	1	2	1	2	1	2	1
point	1067	968	3	3	1	0	0	0	0	1	0	3	1	3	1
point	627	568	1	1	1	0	0	1	1	1	1	1	1	1	1
point	1189	1080	3	3	1	0	0	2	0	2	0	3	1	3	1
point	1188	1080	2	2	1	3	0	3	0	0	0	0	0	2	1
point	2279	2055	1	1	1	2	0	1	1	2	0	1	1	1	1
point	1355	1225	2	2	1	1	0	1	0	2	1	2	1	2	1
point	2148	1934	0	0	1	2	0	1	0	0	1	0	1	0	1
point	37	37	0	0	1	0	1	0	1	0	1	2	0	0	1
point	737	670	2	2	1	3	0	3	0	2	1	2	1	2	1
point	75	74	0	1	0	1	0	1	0	3	0	1	0	1	0
point	1956	1765	3	3	1	3	1	0	0	3	1	3	1	3	1
point	68	67	1	1	1	1	1	1	1	1	1	1	1	1	1
point	33	33	1	3	0	1	1	0	0	1	1	1	1	3	0
point	1333	1205	3	3	1	2	0	3	1	3	1	0	0	3	1
point	39	39	2	1	0	1	0	1	0	1	0	1	0	1	0
point	382	352	1	0	0	0	0	0	0	0	0	0	0	1	1
point	2651	2398	2	2	1	2	1	2	1	2	1	2	1	2	1
point	1452	1317	1	1	1	1	1	1	1	1	1	1	1	1	1
point	1521	1379	3	3	1	1	0	1	0	3	1	3	1	3	1
point	2081	1872	3	3	1	3	1	3	1	3	1	3	1	3	1
point	2255	2033	2	2	1	3	0	2	1	2	1	2	1	2	1
point	1554	1409	1	1	1	3	0	3	0	3	0	3	0	1	1
point	379	349	0	0	1	0	1	1	0	1	0	1	0	0	1
point	2235	2015	2	2	1	1	0	0	0	2	1	2	1	2	1
point	709	646	2	2	1	0	0	0	0	2	1	2	1	2	1
point	722	657	3	2	0	1	0	1	0	2	0	2	0	2	0
point	800	732	3	3	1	3	1	3	1	3	1	3	1	3	1
point	2620	2372	2	2	1	1	0	1	0	2	1	2	1	2	1
point	412	379	1	1	1	1	1	1	1	1	1	1	1	1	1
point	1466	1331	2	2	1	2	1	2	1	2	1	2	1	2	1
point	1467	1331	2	2	1	1	0	1	0	2	1	2	1	2	1
point	2429	2191	3	3	1	2	0	0	0	0	0	1	0	2	0
point	551	499	3	3	1	3	1	3	1	3	1	3	1	3	1
point	977	890	2	0	0	2	1	1	0	2	1	2	1	2	1
point	894	818	2	2	1	0	0	1	0	3	0	2	1	2	1
point	203	185	2	2	1	3	0	1	0	3	0	3	0	2	1
point	2453	2213	0	0	1	3	0	0	1	0	1	2	0	0	1
point	1212	1099	3	3	1	3	1	0	0	0	0	0	0	3	1
point	1050	953	3	3	1	0	0	0	0	1	0	1	0	3	1
point	448	412	1	1	1	0	0	1	1	2	0	2	0	1	1
point	2158	1941	1	3	0	0	0	3	0	0	0	1	1	3	0
point	1011	921	3	3	1	3	1	3	1	3	1	3	1	3	1
point	2333	2105	0	0	1	0	1	0	1	0	1	0	1	0	1
point	2334	2105	3	1	0	1	0	1	0	1	0	3	1	1	0
point	2238	2018	2	2	1	2	1	2	1	2	1	2	1	2	1
point	527	477	2	0	0	3	0	1	0	3	0	3	0	0	0
point	471	428	2	2	1	0	0	0	0	0	0	2	1	0	0
point	123	117	2	3	0	0	0	0	0	3	0	3	0	3	0
point	1665	1507	1	1	1	1	1	1	1	1	1	1	1	1	1
point	1406	1273	0	0	1	0	1	3	0	0	1	0	1	0	1
point	231	213	0	0	1	3	0	3	0	3	0	0	1	0	1
point	1094	992	2	2	1	2	1	2	1	2	1	2	1	2	1
point	1495	1356	1	1	1	1	1	3	0	1	1	1	1	1	1
point	711	648	3	3	1	1	0	1	0	1	0	1	0	3	1
point	985	897	1	1	1	1	1	1	1	1	1	1	1	1	1
point	477	433	3	3	1	2	0	0	0	2	0	2	0	3	1
point	1634	1479	0	1	0	2	0	1	0	0	1	2	0	1	0
point	718	653	3	3	1	3	1	3	1	3	1	3	1	3	1
point	60	59	1	1	1	1	1	1	1	1	1	1	1	1	1
point	537	486	1	1	1	1	1	1	1	1	1	1	1	1	1
point	1185	1077	0	0	1	1	0	1	0	1	0	1	0	0	1
point	325	302	3	2	0	3	1	3	1	2	0	2	0	2	0
point	326	302	1	1	1	1	1	1	1	1	1	1	1	1	1
point	2577	2330	0	0	1	3	0	3	0	3	0	3	0	3	0
point	2017	1818	2	0	0	1	0	0	0	2	1	2	1	0	0
point	1235	1119	3	3	1	3	1	3	1	3	1	3	1	3	1
point	903	826	3	3	1	2	0	1	0	3	1	3	1	3	1
point	1946	1755	0	0	1	3	0	3	0	0	1	0	1	0	1
point	2045	1841	3	3	1	3	1	3	1	3	1	3	1	3	1
point	421	387	1	1	1	0	0	0	0	1	1	1	1	1	1
point	703	640	3	3	1	3	1	3	1	3	1	3	1	3	1
point	2481	2241	1	0	0	0	0	0	0	0	0	2	0	2	0
point	1812	1637	0	0	1	3	0	3	0	2	0	0	1	0	1
point	2016	1817	2	2	1	2	1	0	0	2	1	2	1	2	1
point	1540	1396	1	3	0	1	1	1	1	1	1	1	1	3	0
point	322	299	0	2	0	2	0	2	0	2	0	2	0	0	1
point	2159	1942	1	1	1	0	0	3	0	1	1	1	1	1	1
point	282	261	2	2	1	2	1	2	1	1	0	2	1	2	1
point	1617	1464	3	0	0	2	0	2	0	2	0	3	1	1	0
point	1618	1464	2	1	0	1	0	1	0	1	0	1	0	1	0
point	1867	1684	1	1	1	1	1	1	1	1	1	1	1	1	1
point	111	106	2	1	0	0	0	3	0	1	0	1	0	1	0
point	1122	1017	2	2	1	0	0	2	1	0	0	0	0	2	1
point	2151	1936	0	0	1	1	0	1	0	0	1	0	1	0	1
point	1906	1720	0	0	1	0	1	0	1	0	1	0	1	0	1
point	367	338	2	3	0	3	0	2	1	3	0	3	0	3	0
point	459	419	2	1	0	2	1	2	1	1	0	1	0	3	0
point	2347	2116	3	0	0	1	0	1	0	1	0	1	0	3	1
point	2306	2080	0	0	1	0	1	0	1	0	1	0	1	0	1
point	1920	1731	2	2	1	2	1	2	1	2	1	2	1	2	1
point	4	6	0	0	1	2	0	0	1	0	1	0	1	0	1
point	727	661	2	2	1	1	0	1	0	1	0	1	0	2	1
point	380	350	2	2	1	1	0	2	1	3	0	3	0	2	1
point	2005	1808	0	0	1	0	1	0	1	0	1	0	1	0	1
point	1228	1113	3	3	1	2	0	3	1	3	1	3	1	3	1
point	2604	2356	1	1	1	1	1	1	1	1	1	1	1	1	1
point	95	92	3	3	1	3	1	3	1	3	1	3	1	3	1
point	1625	1470	2	2	1	2	1	2	1	2	1	2	1	2	1
point	1525	1383	0	0	1	2	0	2	0	0	1	0	1	0	1
point	276	255	1	1	1	1	1	1	1	1	1	1	1	1	1
point	1789	1615	1	1	1	1	1	1	1	1	1	1	1	1	1
point	2119	1908	2	2	1	1	0	2	1	2	1	2	1	2	1
point	2264	2041	3	3	1	1	0	2	0	1	0	1	0	3	1
point	1353	1223	1	1	1	1	1	1	1	1	1	1	1	1	1
point	2491	2251	0	0	1	0	1	0	1	0	1	0	1	0	1
point	335	308	1	1	1	0	0	2	0	1	1	1	1	1	1
point	2520	2278	2	1	0	1	0	2	1	1	0	1	0	1	0
point	1280	1157	2	2	1	2	1	3	0	2	1	2	1	2	1
point	388	357	0	0	1	0	1	1	0	1	0	1	0	0	1
point	658	599	2	2	1	2	1	2	1	2	1	2	1	0	0
point	833	761	2	2	1	1	0	0	0	2	1	1	0	2	1
point	1084	984	1	2	0	3	0	2	0	2	0	2	0	2	0
point	2418	2180	2	2	1	3	0	3	0	2	1	2	1	2	1
point	2580	2332	2	2	1	1	0	1	0	2	1	2	1	2	1
point	349	321	0	0	1	0	1	3	0	0	1	0	1	0	1
point	604	547	3	3	1	0	0	3	1	1	0	0	0	3	1
point	1983	1789	1	1	1	0	0	0	0	0	0	0	0	1	1
point	1738	1570	0	0	1	0	1	0	1	0	1	0	1	0	1
point	872	797	2	2	1	1	0	1	0	1	0	1	0	2	1
point	1562	1415	2	2	1	0	0	0	0	2	1	2	1	2	1
point	1129	1024	3	3	1	2	0	3	1	3	1	3	1	3	1
point	2506	2265	1	1	1	1	1	3	0	1	1	1	1	1	1
point	1573	1423	1	1	1	2	0	0	0	3	0	3	0	1	1
point	2044	1840	1	0	0	0	0	0	0	0	0	1	1	0	0
point	1020	928	1	1	1	1	1	2	0	0	0	1	1	1	1
point	1360	1229	0	1	0	0	1	2	0	0	1	1	0	1	0
point	2407	2171	3	2	0	3	1	0	0	2	0	2	0	3	1
point	2217	1999	3	3	1	0	0	1	0	1	0	1	0	3	1
point	934	855	0	0	1	0	1	0	1	2	0	3	0	0	1
point	1075	976	2	2	1	3	0	2	1	2	1	2	1	2	1
point	817	747	2	2	1	0	0	0	0	0	0	0	0	1	0
point	816	747	3	0	0	1	0	3	1	3	1	3	1	3	1
point	1985	1790	3	3	1	3	1	1	0	3	1	3	1	3	1
point	1652	1494	2	2	1	2	1	0	0	0	0	0	0	1	0
point	1880	1697	0	0	1	0	1	0	1	0	1	0	1	0	1
point	932	853	2	3	0	0	0	0	0	1	0	2	1	3	0
point	479	434	1	0	0	2	0	1	1	2	0	1	1	1	1
point	2650	2397	1	1	1	0	0	2	0	2	0	2	0	1	1
point	1361	1230	1	1	1	1	1	1	1	1	1	1	1	1	1
point	1677	1517	2	1	0	1	0	1	0	3	0	3	0	1	0
point	1491	1352	2	2	1	1	0	1	0	2	1	2	1	2	1
point	1941	1751	1	1	1	1	1	3	0	1	1	1	1	1	1
point	1960	1768	2	2	1	1	0	2	1	1	0	2	1	2	1
point	1541	1397	3	3	1	3	1	3	1	3	1	3	1	3	1
point	838	765	1	1	1	1	1	2	0	3	0	1	1	1	1
point	1179	1071	0	0	1	0	1	0	1	0	1	0	1	0	1
point	456	418	2	2	1	0	0	0	0	2	1	2	1	2	1
point	2301	2075	1	1	1	1	1	3	0	3	0	3	0	1	1
point	2644	2391	1	1	1	1	1	1	1	1	1	1	1	1	1
point	2643	2391	1	1	1	3	0	3	0	3	0	1	1	1	1
point	1557	1411	1	1	1	1	1	1	1	1	1	1	1	1	1
point	980	893	3	2	0	2	0	2	0	2	0	2	0	2	0
point	1393	1261	0	0	1	0	1	0	1	1	0	0	1	0	1
point	2642	2390	2	2	1	1	0	2	1	2	1	2	1	2	1
point	1294	1170	1	1	1	1	1	0	0	1	1	1	1	1	1
point	403	371	3	3	1	0	0	2	0	2	0	2	0	3	1
point	1093	991	0	2	0	2	0	2	0	2	0	2	0	2	0
point	1861	1680	0	0	1	0	1	0	1	0	1	0	1	0	1
point	1629	1474	1	0	0	2	0	3	0	3	0	0	0	1	1
point	2516	2274	3	3	1	3	1	3	1	3	1	3	1	3	1
point	1970	1778	1	3	0	2	0	3	0	1	1	3	0	1	1
point	1714	1550	2	2	1	1	0	3	0	3	0	1	0	2	1
point	1112	1009	2	2	1	3	0	2	1	2	1	2	1	2	1
point	152	140	3	3	1	0	0	1	0	2	0	0	0	3	1
point	2166	1949	0	0	1	1	0	3	0	0	1	3	0	0	1
point	1605	1453	0	1	0	1	0	1	0	1	0	1	0	1	0
point	1500	1360	1	1	1	3	0	3	0	2	0	2	0	1	1
point	2178	1961	3	3	1	3	1	2	0	2	0	0	0	3	1
point	1727	1561	2	2	1	2	1	2	1	2	1	2	1	2	1
point	2160	1943	1	1	1	3	0	3	0	3	0	3	0	2	0
point	2291	2066	2	0	0	0	0	0	0	0	0	0	0	0	0
point	1402	1269	1	1	1	1	1	3	0	1	1	1	1	1	1
point	1832	1655	1	1	1	2	0	3	0	1	1	1	1	1	1
point	1159	1051	2	0	0	0	0	1	0	0	0	0	0	0	0
point	2014	1815	2	2	1	1	0	1	0	2	1	1	0	2	1
point	450	413	2	1	0	2	1	1	0	2	1	2	1	2	1
point	341	313	2	3	0	3	0	3	0	3	0	3	0	2	1
point	2475	2235	2	2	1	2	1	2	1	2	1	2	1	2	1
point	1964	1772	2	2	1	2	1	2	1	2	1	2	1	2	1
point	2165	1948	0	0	1	2	0	3	0	2	0	2	0	0	1
point	958	874	0	0	1	1	0	3	0	0	1	1	0	0	1
point	2458	2218	3	3	1	3	1	1	0	3	1	3	1	3	1
point	496	448	1	1	1	0	0	0	0	0	0	2	0	1	1
point	495	448	1	1	1	1	1	1	1	1	1	1	1	1	1
point	1040	945	0	3	0	2	0	3	0	1	0	3	0	3	0
point	1041	945	1	1	1	1	1	1	1	1	1	1	1	1	1
point	1828	1652	0	0	1	2	0	0	1	0	1	0	1	0	1
point	2132	1920	3	3	1	3	1	0	0	3	1	3	1	3	1
point	1756	1586	1	1	1	1	1	1	1	1	1	1	1	1	1
point	2415	2177	1	1	1	1	1	1	1	3	0	3	0	1	1
point	1534	1392	1	1	1	2	0	0	0	2	0	2	0	1	1
point	1988	1793	2	1	0	1	0	3	0	1	0	1	0	1	0
point	2106	1895	2	2	1	2	1	1	0	2	1	2	1	2	1
point	2326	2099	1	1	1	1	1	1	1	2	0	2	0	1	1
point	2484	2244	2	2	1	0	0	2	1	2	1	2	1	2	1
point	1271	1149	0	0	1	1	0	1	0	0	1	0	1	0	1
point	1579	1428	1	1	1	2	0	3	0	2	0	2	0	1	1
point	2290	2065	0	0	1	0	1	0	1	0	1	0	1	0	1
point	569	514	2	2	1	3	0	0	0	3	0	0	0	2	1
point	2051	1846	2	2	1	3	0	0	0	3	0	2	1	2	1
point	2495	2255	0	0	1	2	0	0	1	3	0	0	1	0	1
point	1478	1342	2	2	1	0	0	1	0	2	1	2	1	2	1
point	1311	1184	3	3	1	3	1	3	1	3	1	3	1	3	1
point	595	538	0	0	1	0	1	0	1	0	1	0	1	0	1
point	530	480	3	3	1	3	1	3	1	3	1	3	1	3	1
point	875	800	2	0	0	0	0	0	0	0	0	0	0	0	0
point	2488	2248	2	2	1	2	1	3	0	2	1	2	1	2	1
point	1293	1169	0	0	1	1	0	3	0	0	1	3	0	0	1
point	2359	2126	2	3	0	3	0	0	0	3	0	3	0	3	0
point	1865	1683	0	0	1	2	0	2	0	0	1	0	1	0	1
point	2559	2313	3	3	1	3	1	3	1	3	1	3	1	3	1
point	1433	1299	3	3	1	3	1	1	0	3	1	3	1	3	1
point	975	888	3	3	1	1	0	1	0	0	0	2	0	3	1
point	2036	1834	3	3	1	2	0	0	0	3	1	3	1	3	1
point	1268	1146	0	0	1	0	1	2	0	2	0	0	1	0	1
point	2164	1947	3	3	1	1	0	1	0	3	1	3	1	3	1
point	861	787	2	2	1	2	1	2	1	2	1	2	1	2	1
point	1461	1326	3	3	1	2	0	2	0	3	1	2	0	3	1
point	1378	1246	2	2	1	0	0	2	1	0	0	2	1	2	1
point	1377	1246	3	3	1	3	1	3	1	3	1	3	1	3	1
point	1163	1055	3	3	1	0	0	3	1	0	0	3	1	3	1
point	1901	1716	2	2	1	2	1	3	0	2	1	3	0	2	1
point	1368	1237	3	1	0	0	0	1	0	2	0	1	0	1	0
point	923	844	2	2	1	3	0	2	1	2	1	3	0	3	0
point	1684	1523	2	2	1	2	1	0	0	1	0	1	0	2	1
point	2606	2358	0	0	1	0	1	1	0	0	1	0	1	0	1
point	1497	1358	3	3	1	3	1	1	0	0	0	3	1	3	1
point	907	830	0	0	1	0	1	0	1	0	1	0	1	1	0
point	2384	2150	2	3	0	3	0	2	1	3	0	0	0	3	0
point	2576	2329	1	1	1	0	0	2	0	0	0	0	0	0	0
point	2550	2307	0	0	1	2	0	3	0	0	1	0	1	0	1
point	2551	2307	0	0	1	0	1	1	0	0	1	0	1	0	1
point	1453	1318	1	1	1	1	1	1	1	1	1	1	1	1	1
point	240	221	2	2	1	2	1	2	1	2	1	2	1	2	1
point	676	615	1	1	1	1	1	1	1	1	1	1	1	1	1
point	2512	2270	2	2	1	2	1	0	0	2	1	2	1	2	1
point	411	378	3	1	0	1	0	2	0	1	0	3	1	1	0
point	617	558	1	1	1	1	1	1	1	1	1	1	1	1	1
point	2157	1940	1	0	0	2	0	1	1	0	0	0	0	0	0
point	2145	1932	3	3	1	1	0	3	1	3	1	1	0	2	0
point	892	817	1	1	1	1	1	1	1	1	1	3	0	1	1
point	36	36	1	1	1	0	0	1	1	2	0	2	0	1	1
point	119	114	2	2	1	2	1	0	0	2	1	2	1	2	1
point	1998	1802	1	0	0	1	1	1	1	0	0	0	0	0	0
point	1091	990	2	2	1	2	1	2	1	2	1	2	1	2	1
point	2346	2115	0	0	1	0	1	0	1	2	0	2	0	0	1
point	919	842	1	0	0	2	0	0	0	0	0	0	0	0	0
point	920	842	0	1	0	1	0	1	0	1	0	1	0	1	0
point	46	46	3	3	1	3	1	3	1	3	1	3	1	3	1
point	1886	1703	1	1	1	0	0	1	1	1	1	0	0	1	1
point	1306	1182	0	0	1	0	1	0	1	0	1	0	1	0	1
point	259	239	1	1	1	1	1	3	0	1	1	1	1	1	1
point	1195	1085	1	1	1	0	0	3	0	1	1	1	1	1	1
point	1345	1215	3	3	1	3	1	2	0	3	1	3	1	3	1
point	1140	1035	2	2	1	0	0	3	0	0	0	2	1	2	1
point	2385	2151	1	1	1	1	1	1	1	1	1	1	1	1	1
point	535	485	3	3	1	3	1	3	1	3	1	3	1	3	1
point	947	868	0	0	1	1	0	0	1	1	0	0	1	0	1
point	1820	1644	3	3	1	3	1	2	0	2	0	2	0	3	1
point	2244	2024	0	1	0	1	0	1	0	1	0	1	0	1	0
point	2319	2092	1	0	0	0	0	0	0	0	0	0	0	0	0
point	1624	1469	3	3	1	3	1	3	1	3	1	3	1	3	1
point	2318	2092	3	3	1	3	1	3	1	3	1	3	1	3	1
point	237	219	0	0	1	0	1	0	1	0	1	0	1	0	1
point	396	365	1	1	1	0	0	3	0	1	1	1	1	1	1
point	1955	1764	3	3	1	0	0	1	0	0	0	3	1	3	1
point	1468	1332	0	0	1	0	1	1	0	0	1	0	1	0	1
point	1829	1653	1	1	1	1	1	1	1	1	1	1	1	1	1
point	1516	1374	3	3	1	1	0	1	0	1	0	1	0	3	1
point	675	614	3	2	0	0	0	1	0	3	1	2	0	2	0
point	1845	1666	1	1	1	1	1	3	0	1	1	1	1	1	1
point	769	701	3	3	1	3	1	3	1	3	1	3	1	3	1
point	768	701	0	0	1	0	1	0	1	0	1	0	1	0	1
point	1134	1029	3	3	1	0	0	0	0	0	0	0	0	0	0
point	249	229	2	2	1	2	1	2	1	2	1	2	1	2	1
point	2257	2035	2	0	0	1	0	0	0	3	0	3	0	3	0
point	1645	1488	1	1	1	1	1	1	1	1	1	1	1	1	1
point	1194	1084	3	3	1	3	1	3	1	3	1	3	1	3	1
point	2376	2142	2	2	1	2	1	2	1	2	1	2	1	2	1
point	1171	1063	3	1	0	1	0	2	0	2	0	1	0	1	0
point	1747	1578	3	3	1	3	1	2	0	3	1	3	1	3	1
point	699	636	1	3	0	1	1	1	1	1	1	1	1	3	0
point	591	534	2	1	0	2	1	0	0	1	0	2	1	1	0
point	14	15	1	1	1	1	1	1	1	1	1	1	1	1	1
point	753	686	3	3	1	3	1	1	0	3	1	1	0	3	1
point	2533	2290	3	3	1	2	0	3	1	2	0	0	0	3	1
point	1479	1342	1	1	1	1	1	1	1	1	1	1	1	1	1
point	1815	1640	3	3	1	0	0	3	1	3	1	0	0	3	1
point	2586	2338	2	2	1	0	0	2	1	2	1	2	1	2	1
point	2256	2034	0	0	1	3	0	0	1	3	0	3	0	0	1
point	743	676	2	2	1	2	1	1	0	2	1	2	1	2	1
point	2087	1878	0	2	0	1	0	1	0	2	0	2	0	2	0
point	663	604	0	3	0	1	0	0	1	3	0	1	0	3	0
point	1907	1721	1	1	1	3	0	3	0	3	0	3	0	3	0
point	314	292	0	0	1	0	1	0	1	0	1	0	1	0	1
plain_desc	2612	2364	1	0	0	0	0	1	1	2	0	3	0	0	0
plain_desc	1303	1179	2	2	1	3	0	2	1	2	1	0	0	2	1
plain_desc	1949	1758	3	3	1	3	1	1	0	2	0	0	0	3	1
plain_desc	1298	1174	3	3	1	3	1	3	1	3	1	3	1	3	1
plain_desc	1336	1208	2	1	0	1	0	1	0	1	0	1	0	2	1
plain_desc	272	251	3	3	1	3	1	3	1	3	1	3	1	3	1
plain_desc	683	622	0	1	0	1	0	1	0	0	1	1	0	2	0
plain_desc	127	121	3	3	1	3	1	3	1	3	1	3	1	3	1
plain_desc	1543	1399	2	2	1	2	1	3	0	2	1	2	1	2	1
plain_desc	1036	942	0	0	1	0	1	1	0	0	1	0	1	0	1
plain_desc	1037	942	0	0	1	0	1	0	1	0	1	3	0	0	1
plain_desc	288	267	1	1	1	2	0	1	1	3	0	2	0	1	1
plain_desc	1748	1579	1	1	1	1	1	1	1	1	1	1	1	1	1
plain_desc	265	245	0	0	1	3	0	1	0	0	1	3	0	0	1
plain_desc	1553	1408	1	1	1	1	1	1	1	1	1	1	1	1	1
plain_desc	2521	2279	2	2	1	2	1	0	0	2	1	2	1	2	1
plain_desc	2327	2099	0	0	1	0	1	2	0	0	1	0	1	0	1
plain_desc	2547	2304	1	2	0	0	0	0	0	2	0	0	0	0	0
plain_desc	1537	1394	3	3	1	3	1	3	1	3	1	3	1	0	0
plain_desc	1536	1394	2	2	1	2	1	2	1	2	1	2	1	2	1
plain_desc	1400	1267	3	3	1	3	1	0	0	3	1	3	1	3	1
plain_desc	1399	1267	0	1	0	1	0	1	0	1	0	1	0	1	0
plain_desc	1330	1202	1	3	0	2	0	2	0	3	0	2	0	1	1
plain_desc	2271	2047	2	2	1	3	0	2	1	2	1	3	0	2	1
plain_desc	1086	986	1	2	0	1	1	2	0	2	0	2	0	2	0
plain_desc	1417	1284	2	2	1	2	1	2	1	2	1	2	1	2	1
plain_desc	1371	1240	0	0	1	0	1	0	1	0	1	0	1	0	1
plain_desc	843	770	0	0	1	1	0	0	1	0	1	0	1	0	1
plain_desc	2080	1871	0	0	1	0	1	3	0	0	1	0	1	0	1
plain_desc	1819	1643	0	2	0	3	0	3	0	3	0	3	0	2	0
plain_desc	2039	1837	0	0	1	0	1	2	0	0	1	0	1	0	1
plain_desc	689	627	1	1	1	1	1	1	1	1	1	1	1	1	1
plain_desc	688	627	0	0	1	0	1	0	1	0	1	0	1	0	1
plain_desc	2541	2298	1	1	1	2	0	3	0	1	1	1	1	1	1
plain_desc	2126	1914	1	1	1	3	0	1	1	1	1	1	1	1	1
plain_desc	404	372	0	0	1	0	1	3	0	0	1	0	1	0	1
plain_desc	2204	1986	1	1	1	2	0	2	0	1	1	2	0	1	1
plain_desc	2236	2016	2	2	1	2	1	3	0	2	1	2	1	2	1
plain_desc	1042	946	3	3	1	1	0	3	1	3	1	2	0	3	1
plain_desc	1043	946	3	3	1	3	1	3	1	3	1	3	1	3	1
plain_desc	364	335	3	1	0	1	0	1	0	1	0	1	0	1	0
plain_desc	669	609	0	0	1	0	1	0	1	0	1	3	0	0	1
plain_desc	1328	1200	1	1	1	1	1	3	0	1	1	1	1	1	1
plain_desc	2037	1835	1	1	1	1	1	1	1	1	1	1	1	1	1
plain_desc	618	559	1	1	1	1	1	1	1	1	1	1	1	1	1
plain_desc	1184	1076	3	3	1	3	1	3	1	3	1	3	1	3	1
plain_desc	1302	1178	0	0	1	0	1	0	1	0	1	0	1	0	1
plain_desc	2038	1836	0	0	1	1	0	1	0	0	1	2	0	0	1
plain_desc	347	319	2	2	1	2	1	2	1	2	1	2	1	2	1
plain_desc	1666	1508	3	3	1	3	1	2	0	2	0	2	0	1	0
plain_desc	1839	1661	3	3	1	3	1	3	1	3	1	3	1	3	1
plain_desc	2471	2231	0	0	1	0	1	3	0	0	1	0	1	0	1
plain_desc	1024	931	3	3	1	3	1	1	0	2	0	3	1	3	1
plain_desc	198	180	3	3	1	3	1	3	1	3	1	3	1	3	1
plain_desc	222	204	2	2	1	2	1	2	1	2	1	2	1	2	1
plain_desc	1319	1192	3	3	1	3	1	3	1	3	1	3	1	3	1
plain_desc	2247	2027	3	2	0	2	0	3	1	3	1	3	1	2	0
plain_desc	23	24	3	1	0	1	0	0	0	1	0	1	0	1	0
plain_desc	2104	1893	2	2	1	1	0	1	0	3	0	3	0	3	0
plain_desc	2272	2048	3	3	1	3	1	2	0	3	1	3	1	3	1
plain_desc	2240	2020	0	0	1	0	1	3	0	0	1	0	1	0	1
plain_desc	913	836	2	2	1	2	1	2	1	2	1	2	1	2	1
plain_desc	2639	2388	1	1	1	1	1	1	1	1	1	1	1	1	1
plain_desc	2638	2388	2	2	1	3	0	3	0	3	0	2	1	2	1
plain_desc	2634	2384	3	3	1	0	0	0	0	0	0	3	1	3	1
plain_desc	481	436	0	1	0	1	0	1	0	1	0	1	0	1	0
plain_desc	2329	2101	1	1	1	1	1	2	0	1	1	1	1	1	1
plain_desc	2513	2271	2	2	1	0	0	0	0	0	0	2	1	2	1
plain_desc	446	410	0	0	1	0	1	2	0	1	0	0	1	0	1
plain_desc	2284	2060	1	0	0	0	0	1	1	0	0	0	0	0	0
plain_desc	2596	2348	0	0	1	0	1	0	1	0	1	0	1	0	1
plain_desc	2635	2385	3	0	0	0	0	0	0	0	0	0	0	0	0
plain_desc	2480	2240	0	0	1	3	0	3	0	0	1	0	1	0	1
plain_desc	15	16	1	1	1	1	1	1	1	1	1	1	1	1	1
plain_desc	2510	2269	1	0	0	2	0	1	1	0	0	0	0	1	1
plain_desc	1423	1290	1	1	1	0	0	1	1	1	1	0	0	1	1
plain_desc	394	363	3	3	1	3	1	3	1	3	1	3	1	3	1
plain_desc	2152	1936	3	3	1	3	1	1	0	3	1	1	0	3	1
plain_desc	2150	1936	1	1	1	1	1	2	0	2	0	1	1	1	1
plain_desc	2015	1816	0	0	1	0	1	0	1	0	1	0	1	0	1
plain_desc	1742	1573	2	2	1	2	1	2	1	2	1	2	1	2	1
plain_desc	460	420	2	0	0	0	0	0	0	0	0	0	0	2	1
plain_desc	697	634	2	0	0	0	0	0	0	0	0	0	0	2	1
plain_desc	2066	1859	0	0	1	0	1	0	1	0	1	0	1	0	1
plain_desc	2067	1859	1	1	1	1	1	2	0	1	1	2	0	1	1
plain_desc	656	597	1	1	1	2	0	1	1	1	1	2	0	1	1
plain_desc	605	548	0	3	0	0	1	2	0	2	0	2	0	2	0
plain_desc	230	212	2	2	1	1	0	1	0	2	1	2	1	2	1
plain_desc	1124	1019	1	1	1	1	1	1	1	1	1	1	1	1	1
plain_desc	2553	2308	3	3	1	3	1	1	0	3	1	3	1	3	1
plain_desc	640	581	1	0	0	0	0	0	0	0	0	0	0	0	0
plain_desc	670	610	2	2	1	2	1	2	1	3	0	2	1	2	1
plain_desc	384	354	0	0	1	0	1	3	0	0	1	0	1	0	1
plain_desc	2020	1821	2	2	1	0	0	3	0	1	0	2	1	2	1
plain_desc	2364	2130	3	1	0	1	0	3	1	3	1	3	1	1	0
plain_desc	77	76	0	0	1	3	0	0	1	3	0	0	1	0	1
plain_desc	942	863	3	3	1	3	1	1	0	3	1	3	1	3	1
plain_desc	1272	1150	2	2	1	3	0	1	0	2	1	2	1	2	1
plain_desc	2276	2052	1	3	0	1	1	1	1	3	0	3	0	3	0
plain_desc	1884	1701	3	1	0	3	1	3	1	0	0	0	0	1	0
plain_desc	1246	1127	1	1	1	3	0	3	0	1	1	1	1	1	1
plain_desc	1713	1549	1	1	1	1	1	1	1	1	1	1	1	1	1
plain_desc	174	158	3	1	0	0	0	1	0	0	0	0	0	1	0
plain_desc	1001	912	0	0	1	2	0	0	1	0	1	2	0	0	1
plain_desc	2603	2355	3	3	1	3	1	3	1	3	1	3	1	3	1
plain_desc	967	882	1	1	1	1	1	3	0	1	1	1	1	1	1
plain_desc	968	882	1	1	1	1	1	1	1	1	1	1	1	1	1
plain_desc	969	882	1	1	1	1	1	0	0	1	1	1	1	1	1
plain_desc	2493	2253	1	1	1	2	0	1	1	1	1	1	1	1	1
plain_desc	1735	1568	1	1	1	1	1	1	1	1	1	1	1	1	1
plain_desc	668	608	2	2	1	1	0	1	0	2	1	1	0	2	1
plain_desc	846	773	2	2	1	2	1	2	1	2	1	2	1	2	1
plain_desc	1778	1606	1	1	1	1	1	0	0	1	1	1	1	1	1
plain_desc	2259	2036	0	0	1	0	1	0	1	0	1	0	1	0	1
plain_desc	126	120	1	2	0	1	1	1	1	2	0	1	1	2	0
plain_desc	1367	1236	0	0	1	0	1	1	0	0	1	0	1	0	1
plain_desc	1386	1254	1	1	1	1	1	0	0	1	1	1	1	1	1
plain_desc	2496	2256	3	3	1	2	0	2	0	2	0	2	0	3	1
plain_desc	944	865	3	1	0	3	1	3	1	3	1	3	1	1	0
plain_desc	1119	1015	0	0	1	0	1	3	0	0	1	0	1	0	1
plain_desc	998	909	0	1	0	3	0	0	1	0	1	0	1	1	0
plain_desc	1827	1651	1	1	1	1	1	1	1	1	1	1	1	1	1
plain_desc	2154	1937	0	0	1	2	0	3	0	0	1	2	0	0	1
plain_desc	2153	1937	3	3	1	2	0	0	0	0	0	0	0	3	1
plain_desc	1737	1570	0	0	1	0	1	1	0	0	1	1	0	0	1
plain_desc	1269	1147	2	2	1	2	1	2	1	2	1	2	1	2	1
plain_desc	2312	2086	3	3	1	1	0	0	0	1	0	3	1	3	1
plain_desc	1472	1336	3	0	0	3	1	0	0	3	1	3	1	0	0
plain_desc	1325	1197	3	3	1	3	1	3	1	3	1	3	1	3	1
plain_desc	1310	1184	1	3	0	2	0	2	0	2	0	2	0	3	0
plain_desc	2029	1828	2	0	0	0	0	3	0	0	0	1	0	0	0
plain_desc	726	660	1	1	1	1	1	1	1	1	1	1	1	1	1
plain_desc	1460	1325	0	0	1	0	1	1	0	0	1	0	1	0	1
plain_desc	239	221	0	0	1	0	1	0	1	0	1	0	1	0	1
plain_desc	233	215	1	2	0	1	1	1	1	1	1	1	1	2	0
plain_desc	1496	1357	3	3	1	1	0	1	0	1	0	1	0	3	1
plain_desc	518	468	3	0	0	1	0	0	0	0	0	1	0	0	0
plain_desc	2337	2107	1	1	1	1	1	1	1	0	0	1	1	1	1
plain_desc	2336	2107	1	1	1	1	1	1	1	1	1	1	1	1	1
plain_desc	214	196	1	1	1	1	1	1	1	1	1	1	1	1	1
plain_desc	2260	2037	2	2	1	3	0	0	0	1	0	2	1	3	0
plain_desc	2566	2320	0	0	1	2	0	2	0	0	1	2	0	0	1
plain_desc	1882	1699	3	3	1	1	0	2	0	3	1	3	1	3	1
plain_desc	687	626	1	1	1	1	1	1	1	1	1	1	1	1	1
plain_desc	1426	1292	3	3	1	3	1	1	0	3	1	3	1	3	1
plain_desc	287	266	3	3	1	3	1	3	1	3	1	3	1	3	1
plain_desc	1070	971	2	2	1	2	1	3	0	2	1	3	0	2	1
plain_desc	2216	1998	0	0	1	0	1	3	0	2	0	3	0	0	1
plain_desc	2109	1898	2	2	1	1	0	1	0	1	0	1	0	2	1
plain_desc	315	293	3	3	1	1	0	1	0	1	0	1	0	3	1
plain_desc	1608	1456	1	1	1	2	0	3	0	2	0	2	0	1	1
plain_desc	108	103	1	1	1	1	1	1	1	1	1	1	1	1	1
plain_desc	1260	1139	1	1	1	1	1	1	1	1	1	1	1	1	1
plain_desc	324	301	1	1	1	0	0	0	0	3	0	3	0	1	1
plain_desc	443	407	2	2	1	3	0	3	0	3	0	3	0	2	1
plain_desc	577	521	0	0	1	0	1	2	0	0	1	0	1	0	1
plain_desc	549	497	1	3	0	0	0	1	1	3	0	0	0	3	0
plain_desc	2006	1809	3	3	1	3	1	3	1	3	1	3	1	3	1
plain_desc	714	651	2	2	1	2	1	2	1	2	1	2	1	2	1
plain_desc	632	573	3	0	0	0	0	0	0	0	0	0	0	2	0
plain_desc	2048	1844	3	3	1	3	1	3	1	3	1	3	1	3	1
plain_desc	220	202	1	1	1	1	1	1	1	1	1	1	1	1	1
plain_desc	1183	1075	3	3	1	3	1	0	0	3	1	3	1	3	1
plain_desc	22	23	1	1	1	0	0	2	0	2	0	2	0	1	1
plain_desc	1004	915	2	2	1	2	1	2	1	2	1	2	1	2	1
plain_desc	908	831	3	1	0	1	0	1	0	1	0	1	0	1	0
plain_desc	1338	1209	0	0	1	0	1	2	0	0	1	0	1	0	1
plain_desc	1767	1596	3	3	1	3	1	3	1	3	1	3	1	3	1
plain_desc	1337	1209	2	1	0	1	0	1	0	1	0	1	0	1	0
plain_desc	607	550	3	0	0	0	0	0	0	0	0	0	0	0	0
plain_desc	1486	1348	2	2	1	2	1	2	1	2	1	2	1	2	1
plain_desc	2314	2088	0	0	1	0	1	0	1	0	1	0	1	0	1
plain_desc	1300	1176	1	1	1	0	0	1	1	1	1	1	1	1	1
plain_desc	2476	2236	0	0	1	0	1	0	1	0	1	0	1	0	1
plain_desc	1444	1309	2	0	0	0	0	1	0	0	0	0	0	0	0
plain_desc	2213	1995	2	2	1	2	1	2	1	2	1	2	1	2	1
plain_desc	116	111	3	3	1	0	0	3	1	3	1	2	0	3	1
plain_desc	2068	1860	0	0	1	0	1	0	1	0	1	0	1	0	1
plain_desc	1897	1712	0	2	0	1	0	1	0	0	1	0	1	2	0
plain_desc	2307	2081	3	3	1	3	1	3	1	3	1	3	1	3	1
plain_desc	176	160	1	1	1	1	1	1	1	1	1	1	1	1	1
plain_desc	2378	2144	1	1	1	1	1	1	1	1	1	1	1	1	1
plain_desc	1304	1180	0	0	1	0	1	0	1	0	1	0	1	0	1
plain_desc	2207	1989	2	2	1	2	1	2	1	2	1	2	1	2	1
plain_desc	2285	2061	1	1	1	1	1	2	0	1	1	1	1	1	1
plain_desc	2286	2061	2	2	1	1	0	2	1	2	1	0	0	2	1
plain_desc	38	38	2	3	0	0	0	3	0	2	1	2	1	3	0
plain_desc	2147	1933	2	2	1	0	0	2	1	0	0	0	0	2	1
plain_desc	2468	2228	2	0	0	0	0	0	0	3	0	0	0	0	0
plain_desc	218	200	0	0	1	0	1	1	0	0	1	0	1	0	1
plain_desc	956	873	2	2	1	2	1	2	1	2	1	2	1	2	1
plain_desc	957	873	3	0	0	1	0	3	1	0	0	0	0	3	1
plain_desc	2600	2352	0	0	1	0	1	2	0	0	1	1	0	0	1
plain_desc	217	199	1	1	1	1	1	0	0	1	1	2	0	1	1
plain_desc	2177	1960	2	1	0	2	1	0	0	1	0	1	0	1	0
plain_desc	1015	923	3	3	1	3	1	3	1	3	1	3	1	3	1
plain_desc	427	392	0	2	0	0	1	0	1	0	1	0	1	2	0
plain_desc	1248	1129	3	3	1	3	1	3	1	3	1	3	1	3	1
plain_desc	2174	1957	1	1	1	1	1	1	1	1	1	1	1	1	1
plain_desc	2581	2333	3	2	0	3	1	0	0	3	1	0	0	2	0
plain_desc	1253	1134	1	1	1	0	0	0	0	1	1	1	1	1	1
plain_desc	2435	2197	3	3	1	3	1	3	1	3	1	3	1	3	1
plain_desc	2436	2197	3	3	1	3	1	3	1	0	0	0	0	3	1
plain_desc	1384	1252	0	0	1	0	1	2	0	0	1	0	1	0	1
plain_desc	2107	1896	0	0	1	0	1	0	1	0	1	0	1	0	1
plain_desc	2366	2132	3	3	1	2	0	2	0	3	1	3	1	3	1
plain_desc	1354	1224	0	0	1	0	1	0	1	0	1	0	1	0	1
plain_desc	213	195	1	1	1	1	1	2	0	1	1	1	1	1	1
plain_desc	543	491	3	3	1	3	1	3	1	3	1	3	1	3	1
plain_desc	795	727	1	1	1	1	1	1	1	1	1	1	1	1	1
plain_desc	685	624	0	0	1	0	1	0	1	0	1	0	1	0	1
plain_desc	1631	1476	2	2	1	2	1	2	1	2	1	2	1	2	1
plain_desc	971	884	3	2	0	3	1	3	1	2	0	2	0	2	0
plain_desc	148	137	0	0	1	2	0	3	0	0	1	0	1	0	1
plain_desc	647	588	1	1	1	1	1	1	1	1	1	1	1	1	1
plain_desc	1685	1524	3	3	1	3	1	3	1	3	1	3	1	3	1
plain_desc	120	114	1	1	1	3	0	1	1	1	1	1	1	1	1
plain_desc	2096	1885	2	2	1	2	1	2	1	2	1	2	1	2	1
plain_desc	309	287	0	0	1	0	1	3	0	3	0	0	1	0	1
plain_desc	603	546	2	2	1	2	1	2	1	2	1	2	1	2	1
plain_desc	2438	2199	3	1	0	2	0	3	1	1	0	1	0	1	0
plain_desc	2441	2202	2	2	1	2	1	1	0	2	1	2	1	2	1
plain_desc	497	448	1	1	1	1	1	1	1	1	1	1	1	1	1
plain_desc	2455	2215	2	2	1	1	0	2	1	3	0	3	0	2	1
plain_desc	1128	1023	3	3	1	3	1	3	1	3	1	3	1	3	1
plain_desc	2280	2056	3	0	0	0	0	1	0	0	0	0	0	0	0
plain_desc	1664	1506	2	2	1	0	0	0	0	0	0	0	0	2	1
plain_desc	1794	1619	0	2	0	1	0	1	0	1	0	0	1	2	0
plain_desc	297	276	1	3	0	3	0	2	0	3	0	3	0	3	0
plain_desc	2573	2326	1	1	1	1	1	3	0	1	1	1	1	1	1
plain_desc	1470	1334	3	3	1	3	1	3	1	3	1	3	1	3	1
plain_desc	906	829	2	2	1	2	1	2	1	2	1	2	1	2	1
plain_desc	611	554	0	0	1	0	1	0	1	0	1	0	1	0	1
plain_desc	2156	1939	3	3	1	1	0	1	0	3	1	1	0	3	1
plain_desc	1873	1690	3	3	1	3	1	1	0	3	1	3	1	3	1
plain_desc	1052	954	3	3	1	0	0	3	1	1	0	0	0	3	1
plain_desc	754	687	2	2	1	2	1	1	0	2	1	2	1	2	1
plain_desc	66	65	3	0	0	3	1	0	0	3	1	0	0	0	0
plain_desc	1110	1007	0	0	1	0	1	1	0	0	1	0	1	0	1
plain_desc	1369	1238	2	3	0	0	0	2	1	2	1	3	0	3	0
plain_desc	71	70	1	1	1	1	1	1	1	0	0	1	1	1	1
plain_desc	103	98	2	2	1	0	0	1	0	0	0	0	0	0	0
plain_desc	268	247	0	3	0	3	0	2	0	3	0	3	0	3	0
plain_desc	267	247	2	2	1	0	0	0	0	0	0	0	0	2	1
plain_desc	952	871	0	0	1	1	0	3	0	0	1	0	1	0	1
plain_desc	1935	1745	0	0	1	0	1	0	1	0	1	0	1	0	1
plain_desc	1372	1241	3	3	1	3	1	1	0	3	1	3	1	3	1
plain_desc	1655	1497	1	1	1	1	1	1	1	1	1	1	1	1	1
plain_desc	1375	1244	3	0	0	3	1	3	1	3	1	0	0	0	0
plain_desc	624	565	2	2	1	0	0	2	1	3	0	3	0	0	0
plain_desc	887	812	0	0	1	0	1	0	1	0	1	0	1	0	1
plain_desc	1018	926	2	3	0	2	1	2	1	3	0	2	1	3	0
plain_desc	432	397	3	3	1	3	1	1	0	3	1	3	1	3	1
plain_desc	1765	1594	2	1	0	3	0	1	0	2	1	2	1	3	0
plain_desc	1650	1492	3	3	1	3	1	3	1	3	1	3	1	3	1
plain_desc	2380	2146	1	1	1	3	0	0	0	0	0	1	1	1	1
plain_desc	1898	1713	1	1	1	1	1	2	0	1	1	1	1	1	1
plain_desc	2102	1891	1	1	1	0	0	2	0	1	1	2	0	0	0
plain_desc	480	435	2	3	0	3	0	3	0	3	0	3	0	3	0
plain_desc	2190	1972	3	3	1	3	1	3	1	3	1	3	1	3	1
plain_desc	467	425	2	2	1	2	1	2	1	2	1	2	1	2	1
plain_desc	468	425	3	3	1	3	1	3	1	3	1	3	1	3	1
plain_desc	782	714	2	2	1	2	1	2	1	2	1	2	1	2	1
plain_desc	275	254	2	2	1	0	0	2	1	2	1	2	1	2	1
plain_desc	72	71	0	0	1	3	0	3	0	0	1	0	1	0	1
plain_desc	2511	2270	2	2	1	3	0	3	0	2	1	2	1	2	1
plain_desc	319	297	1	1	1	0	0	0	0	1	1	0	0	1	1
plain_desc	2575	2328	1	1	1	1	1	1	1	1	1	1	1	1	1
plain_desc	1999	1803	0	0	1	2	0	3	0	3	0	3	0	0	1
plain_desc	2362	2128	0	0	1	2	0	0	1	0	1	0	1	0	1
plain_desc	2414	2177	0	0	1	0	1	0	1	0	1	0	1	0	1
plain_desc	2413	2177	3	3	1	3	1	0	0	3	1	3	1	3	1
plain_desc	1382	1250	1	1	1	1	1	0	0	1	1	1	1	1	1
plain_desc	731	665	0	0	1	0	1	0	1	0	1	0	1	0	1
plain_desc	925	846	3	3	1	3	1	3	1	3	1	3	1	3	1
plain_desc	732	666	1	3	0	3	0	3	0	3	0	3	0	3	0
plain_desc	1788	1614	2	2	1	2	1	3	0	2	1	2	1	2	1
plain_desc	700	637	2	2	1	0	0	2	1	2	1	2	1	2	1
plain_desc	2442	2203	3	3	1	3	1	3	1	3	1	3	1	3	1
plain_desc	1501	1361	2	2	1	2	1	2	1	2	1	2	1	2	1
plain_desc	1151	1045	3	3	1	3	1	3	1	3	1	3	1	3	1
plain_desc	1276	1154	3	3	1	1	0	0	0	0	0	0	0	3	1
plain_desc	1846	1667	3	3	1	3	1	3	1	3	1	3	1	3	1
plain_desc	1443	1308	1	3	0	1	1	1	1	2	0	3	0	3	0
plain_desc	1048	951	3	1	0	0	0	2	0	0	0	0	0	1	0
plain_desc	2462	2222	3	3	1	3	1	3	1	3	1	3	1	3	1
plain_desc	2146	1932	1	1	1	1	1	1	1	1	1	1	1	1	1
plain_desc	193	175	0	0	1	0	1	0	1	0	1	0	1	0	1
plain_desc	1105	1002	3	3	1	0	0	0	0	0	0	3	1	3	1
plain_desc	1763	1592	1	1	1	0	0	3	0	1	1	1	1	1	1
plain_desc	1762	1592	2	2	1	2	1	2	1	2	1	0	0	2	1
plain_desc	2193	1975	1	1	1	0	0	0	0	1	1	1	1	1	1
plain_desc	1782	1609	1	1	1	1	1	1	1	1	1	1	1	1	1
plain_desc	589	532	0	0	1	0	1	0	1	0	1	0	1	0	1
plain_desc	1982	1788	3	3	1	3	1	3	1	3	1	3	1	3	1
plain_desc	138	129	2	2	1	3	0	2	1	3	0	3	0	2	1
plain_desc	2125	1913	3	3	1	1	0	0	0	2	0	3	1	3	1
plain_desc	1351	1221	2	2	1	3	0	1	0	0	0	3	0	2	1
plain_desc	2637	2387	1	1	1	1	1	1	1	1	1	1	1	1	1
plain_desc	1440	1305	1	3	0	1	1	1	1	3	0	3	0	3	0
plain_desc	1950	1759	3	2	0	3	1	3	1	2	0	3	1	2	0
plain_desc	2527	2284	3	3	1	3	1	3	1	3	1	3	1	3	1
plain_desc	987	899	0	0	1	0	1	2	0	0	1	0	1	0	1
plain_desc	1278	1156	3	1	0	3	1	1	0	1	0	1	0	0	0
plain_desc	900	823	1	3	0	1	1	2	0	0	0	0	0	3	0
plain_desc	620	561	3	3	1	3	1	3	1	3	1	3	1	3	1
plain_desc	2192	1974	2	2	1	2	1	2	1	2	1	2	1	2	1
plain_desc	279	258	0	0	1	0	1	2	0	2	0	0	1	0	1
plain_desc	1549	1405	3	3	1	0	0	2	0	0	0	0	0	3	1
plain_desc	1694	1531	0	0	1	0	1	0	1	2	0	0	1	0	1
plain_desc	1693	1531	1	2	0	2	0	2	0	2	0	2	0	2	0
plain_desc	1288	1164	1	1	1	1	1	1	1	1	1	1	1	1	1
plain_desc	1961	1769	1	1	1	1	1	1	1	1	1	1	1	1	1
plain_desc	1432	1298	1	1	1	0	0	0	0	2	0	1	1	1	1
plain_desc	1836	1658	1	0	0	0	0	0	0	0	0	0	0	0	0
plain_desc	936	857	2	2	1	2	1	1	0	2	1	2	1	2	1
plain_desc	651	592	0	0	1	0	1	0	1	0	1	0	1	0	1
plain_desc	284	263	2	2	1	2	1	2	1	2	1	2	1	2	1
plain_desc	1217	1104	0	0	1	0	1	0	1	0	1	0	1	0	1
plain_desc	70	69	3	3	1	2	0	2	0	2	0	3	1	3	1
plain_desc	1856	1676	2	2	1	2	1	2	1	2	1	2	1	2	1
plain_desc	1981	1787	1	1	1	1	1	1	1	1	1	1	1	1	1
plain_desc	1518	1376	2	2	1	2	1	1	0	2	1	2	1	2	1
plain_desc	2526	2283	1	1	1	1	1	1	1	1	1	1	1	1	1
plain_desc	2627	2378	0	0	1	0	1	0	1	0	1	0	1	0	1
plain_desc	45	45	0	0	1	0	1	3	0	0	1	0	1	0	1
plain_desc	1567	1418	2	2	1	0	0	0	0	1	0	0	0	2	1
plain_desc	1379	1247	1	1	1	3	0	3	0	3	0	3	0	1	1
plain_desc	2433	2195	0	0	1	0	1	0	1	0	1	0	1	0	1
plain_desc	1569	1420	3	3	1	3	1	2	0	3	1	3	1	3	1
plain_desc	2618	2370	1	1	1	1	1	0	0	1	1	1	1	0	0
plain_desc	2206	1988	0	3	0	3	0	3	0	3	0	3	0	3	0
plain_desc	2348	2117	2	2	1	2	1	2	1	2	1	2	1	2	1
plain_desc	410	377	0	0	1	0	1	0	1	0	1	0	1	0	1
plain_desc	1731	1565	2	2	1	2	1	2	1	2	1	2	1	2	1
plain_desc	1732	1565	1	1	1	1	1	1	1	1	1	1	1	1	1
plain_desc	2405	2169	1	1	1	2	0	2	0	2	0	2	0	1	1
plain_desc	226	208	2	3	0	3	0	3	0	3	0	3	0	3	0
plain_desc	1749	1580	3	3	1	2	0	2	0	3	1	3	1	3	1
plain_desc	1730	1564	1	1	1	1	1	1	1	1	1	1	1	1	1
plain_desc	814	745	0	0	1	0	1	3	0	3	0	0	1	0	1
plain_desc	19	20	1	1	1	1	1	1	1	1	1	1	1	1	1
plain_desc	2011	1812	1	1	1	1	1	1	1	1	1	1	1	3	0
plain_desc	2419	2181	1	1	1	1	1	1	1	1	1	1	1	1	1
plain_desc	311	289	2	2	1	1	0	2	1	1	0	1	0	2	1
plain_desc	964	879	3	1	0	1	0	1	0	1	0	1	0	1	0
plain_desc	1035	941	0	3	0	3	0	1	0	3	0	3	0	3	0
plain_desc	2344	2113	1	1	1	1	1	1	1	1	1	1	1	1	1
plain_desc	1349	1219	1	1	1	3	0	3	0	1	1	1	1	1	1
plain_desc	891	816	1	1	1	1	1	1	1	1	1	1	1	1	1
plain_desc	187	169	0	0	1	2	0	0	1	3	0	2	0	0	1
plain_desc	87	84	1	1	1	1	1	3	0	1	1	1	1	1	1
plain_desc	2408	2172	3	3	1	1	0	1	0	1	0	1	0	3	1
plain_desc	1442	1307	2	2	1	3	0	3	0	3	0	2	1	2	1
plain_desc	1860	1680	2	2	1	0	0	0	0	0	0	0	0	2	1
plain_desc	631	572	0	0	1	0	1	1	0	0	1	0	1	0	1
plain_desc	67	66	2	1	0	1	0	1	0	1	0	1	0	1	0
plain_desc	2615	2367	3	3	1	3	1	3	1	3	1	3	1	1	0
plain_desc	2225	2005	0	0	1	0	1	1	0	0	1	0	1	0	1
plain_desc	2025	1824	0	0	1	0	1	0	1	0	1	0	1	0	1
plain_desc	787	719	0	0	1	0	1	0	1	0	1	0	1	0	1
plain_desc	2058	1852	1	1	1	1	1	1	1	1	1	1	1	1	1
plain_desc	381	351	3	3	1	0	0	0	0	2	0	2	0	3	1
plain_desc	2133	1921	2	2	1	3	0	2	1	3	0	3	0	3	0
plain_desc	61	60	2	2	1	2	1	2	1	2	1	2	1	2	1
plain_desc	1533	1391	3	0	0	2	0	2	0	2	0	2	0	2	0
plain_desc	639	580	3	3	1	3	1	0	0	3	1	3	1	3	1
plain_desc	1391	1259	2	1	0	1	0	2	1	1	0	1	0	1	0
plain_desc	1454	1319	3	3	1	3	1	3	1	3	1	3	1	3	1
plain_desc	425	390	0	0	1	0	1	0	1	0	1	0	1	0	1
plain_desc	424	390	2	3	0	0	0	1	0	0	0	1	0	3	0
plain_desc	1277	1155	2	0	0	2	1	2	1	2	1	0	0	2	1
plain_desc	246	226	0	0	1	0	1	1	0	0	1	0	1	0	1
plain_desc	2305	2079	1	1	1	1	1	1	1	1	1	1	1	1	1
plain_desc	2309	2083	1	3	0	3	0	3	0	3	0	3	0	1	1
plain_desc	134	126	0	0	1	0	1	3	0	0	1	0	1	0	1
plain_desc	133	126	2	2	1	2	1	2	1	2	1	2	1	2	1
plain_desc	135	126	1	1	1	1	1	2	0	1	1	1	1	1	1
plain_desc	562	508	1	1	1	3	0	2	0	2	0	2	0	1	1
plain_desc	2467	2227	1	1	1	1	1	1	1	1	1	1	1	1	1
plain_desc	1647	1490	2	2	1	3	0	3	0	2	1	3	0	2	1
plain_desc	883	808	0	0	1	3	0	2	0	3	0	3	0	0	1
plain_desc	515	465	0	0	1	0	1	0	1	0	1	0	1	0	1
plain_desc	2403	2167	1	1	1	1	1	1	1	1	1	1	1	1	1
plain_desc	2402	2167	2	2	1	1	0	3	0	2	1	2	1	2	1
plain_desc	2056	1851	2	2	1	3	0	3	0	2	1	3	0	2	1
plain_desc	2057	1851	0	0	1	2	0	0	1	0	1	0	1	0	1
plain_desc	789	721	3	3	1	3	1	3	1	3	1	3	1	3	1
plain_desc	348	320	0	0	1	0	1	3	0	0	1	0	1	0	1
plain_desc	1892	1707	3	3	1	3	1	3	1	3	1	3	1	3	1
plain_desc	1033	939	3	3	1	3	1	3	1	3	1	3	1	3	1
plain_desc	721	656	1	1	1	3	0	0	0	3	0	1	1	1	1
plain_desc	486	440	3	0	0	3	1	3	1	3	1	3	1	3	1
plain_desc	485	440	0	2	0	2	0	2	0	2	0	2	0	2	0
plain_desc	2323	2096	2	2	1	2	1	2	1	2	1	2	1	2	1
plain_desc	680	619	2	2	1	2	1	2	1	2	1	2	1	2	1
plain_desc	1092	990	2	2	1	2	1	2	1	2	1	2	1	2	1
plain_desc	1469	1333	2	1	0	3	0	0	0	1	0	1	0	1	0
plain_desc	545	493	0	0	1	3	0	3	0	3	0	3	0	0	1
plain_desc	1531	1389	2	0	0	0	0	0	0	0	0	0	0	0	0
plain_desc	822	752	2	2	1	2	1	1	0	2	1	2	1	1	0
plain_desc	1520	1378	0	0	1	0	1	0	1	0	1	0	1	0	1
plain_desc	89	86	0	3	0	0	1	0	1	0	1	0	1	3	0
plain_desc	323	300	1	1	1	1	1	1	1	1	1	1	1	1	1
plain_desc	290	269	0	0	1	0	1	0	1	0	1	0	1	0	1
plain_desc	681	620	2	2	1	1	0	1	0	1	0	2	1	2	1
plain_desc	1796	1621	2	2	1	3	0	1	0	3	0	3	0	3	0
plain_desc	1283	1160	3	3	1	3	1	3	1	0	0	0	0	3	1
plain_desc	484	439	1	1	1	1	1	1	1	1	1	1	1	1	1
plain_desc	90	87	0	2	0	0	1	0	1	0	1	2	0	2	0
plain_desc	2230	2010	2	2	1	1	0	3	0	3	0	1	0	2	1
plain_desc	791	723	3	3	1	3	1	3	1	3	1	3	1	3	1
plain_desc	2273	2049	1	1	1	3	0	3	0	0	0	0	0	1	1
plain_desc	1474	1338	3	3	1	3	1	3	1	3	1	3	1	3	1
plain_desc	1706	1542	1	3	0	1	1	3	0	2	0	1	1	1	1
plain_desc	54	53	2	2	1	1	0	1	0	0	0	0	0	2	1
plain_desc	395	364	0	0	1	1	0	2	0	0	1	1	0	0	1
plain_desc	200	182	1	1	1	1	1	0	0	1	1	1	1	1	1
plain_desc	1256	1136	2	2	1	1	0	2	1	2	1	1	0	2	1
plain_desc	1255	1136	3	3	1	3	1	3	1	3	1	3	1	3	1
plain_desc	2234	2014	2	3	0	1	0	3	0	3	0	3	0	3	0
plain_desc	436	401	2	3	0	2	1	0	0	2	1	3	0	2	1
plain_desc	366	337	3	3	1	3	1	3	1	3	1	3	1	3	1
plain_desc	2631	2381	0	0	1	0	1	0	1	0	1	0	1	0	1
plain_desc	383	353	2	2	1	0	0	3	0	0	0	0	0	0	0
plain_desc	1847	1668	1	1	1	1	1	1	1	1	1	2	0	1	1
plain_desc	1254	1135	1	0	0	1	1	0	0	0	0	0	0	0	0
plain_desc	1233	1117	2	2	1	2	1	1	0	2	1	2	1	2	1
plain_desc	650	591	0	0	1	0	1	0	1	0	1	0	1	0	1
plain_desc	355	327	3	3	1	3	1	3	1	2	0	3	1	3	1
plain_desc	1079	980	2	2	1	0	0	0	0	2	1	0	0	2	1
plain_desc	1581	1430	0	0	1	1	0	1	0	0	1	1	0	0	1
plain_desc	235	217	1	1	1	1	1	3	0	1	1	1	1	1	1
plain_desc	1366	1235	2	2	1	2	1	3	0	2	1	2	1	2	1
plain_desc	776	708	2	2	1	2	1	0	0	2	1	2	1	2	1
plain_desc	2350	2118	0	2	0	1	0	0	1	2	0	1	0	2	0
plain_desc	780	712	3	3	1	1	0	1	0	0	0	1	0	3	1
plain_desc	2349	2118	2	2	1	0	0	0	0	0	0	3	0	0	0
plain_desc	2250	2029	3	1	0	1	0	0	0	1	0	1	0	1	0
plain_desc	2249	2029	0	0	1	2	0	2	0	3	0	3	0	0	1
plain_desc	2224	2004	2	2	1	2	1	2	1	2	1	2	1	2	1
plain_desc	2194	1976	1	1	1	1	1	1	1	1	1	1	1	1	1
plain_desc	129	122	0	0	1	0	1	0	1	0	1	1	0	0	1
plain_desc	1257	1137	1	1	1	1	1	2	0	1	1	1	1	1	1
plain_desc	128	122	2	2	1	2	1	3	0	2	1	2	1	2	1
plain_desc	1598	1446	2	0	0	3	0	3	0	3	0	1	0	3	0
plain_desc	1081	982	3	3	1	0	0	3	1	3	1	3	1	3	1
plain_desc	1003	914	0	0	1	0	1	0	1	1	0	1	0	0	1
plain_desc	1082	982	2	2	1	3	0	0	0	2	1	2	1	2	1
plain_desc	2538	2295	3	3	1	3	1	3	1	3	1	3	1	3	1
plain_desc	2426	2188	2	2	1	0	0	0	0	0	0	0	0	2	1
plain_desc	1937	1747	2	1	0	1	0	1	0	1	0	1	0	1	0
plain_desc	1158	1050	1	0	0	0	0	0	0	0	0	0	0	0	0
plain_desc	1157	1050	3	3	1	0	0	2	0	0	0	0	0	3	1
plain_desc	2483	2243	0	2	0	3	0	3	0	3	0	1	0	3	0
plain_desc	65	64	1	1	1	1	1	1	1	0	0	0	0	1	1
plain_desc	157	144	2	2	1	3	0	3	0	3	0	3	0	2	1
plain_desc	1877	1694	2	2	1	3	0	2	1	2	1	3	0	3	0
plain_desc	1824	1648	1	1	1	3	0	1	1	3	0	1	1	1	1
plain_desc	1284	1161	0	3	0	3	0	3	0	3	0	3	0	3	0
plain_desc	1285	1161	0	2	0	2	0	0	1	2	0	2	0	2	0
plain_desc	2641	2390	1	1	1	1	1	1	1	1	1	1	1	1	1
plain_desc	1725	1559	2	2	1	1	0	2	1	2	1	2	1	2	1
plain_desc	1858	1678	1	3	0	1	1	1	1	1	1	2	0	3	0
plain_desc	2412	2176	3	3	1	0	0	3	1	1	0	1	0	3	1
plain_desc	2524	2281	0	1	0	0	1	3	0	0	1	0	1	1	0
plain_desc	2523	2281	3	3	1	3	1	3	1	3	1	3	1	3	1
plain_desc	516	466	3	3	1	3	1	3	1	3	1	3	1	3	1
plain_desc	1153	1047	3	3	1	3	1	0	0	3	1	3	1	3	1
plain_desc	2065	1858	1	1	1	1	1	1	1	1	1	1	1	1	1
plain_desc	470	427	0	0	1	0	1	0	1	0	1	0	1	0	1
plain_desc	2443	2204	2	2	1	1	0	1	0	1	0	1	0	2	1
plain_desc	633	574	3	3	1	1	0	0	0	3	1	3	1	3	1
plain_desc	2031	1830	1	1	1	1	1	1	1	1	1	1	1	1	1
plain_desc	1172	1064	2	0	0	2	1	2	1	2	1	2	1	0	0
plain_desc	1344	1215	2	2	1	2	1	2	1	2	1	2	1	2	1
plain_desc	365	336	3	3	1	3	1	1	0	3	1	3	1	3	1
plain_desc	1848	1669	3	3	1	1	0	1	0	3	1	3	1	3	1
plain_desc	1044	947	1	1	1	1	1	2	0	1	1	1	1	1	1
plain_desc	333	307	2	2	1	3	0	0	0	3	0	3	0	3	0
plain_desc	859	785	3	3	1	1	0	1	0	1	0	1	0	3	1
plain_desc	1279	1157	3	3	1	3	1	3	1	3	1	3	1	3	1
plain_desc	2454	2214	2	0	0	0	0	2	1	0	0	0	0	2	1
plain_desc	642	583	1	1	1	0	0	0	0	0	0	0	0	1	1
plain_desc	755	688	2	3	0	3	0	3	0	3	0	3	0	3	0
plain_desc	2465	2225	3	3	1	3	1	2	0	3	1	3	1	3	1
plain_desc	1263	1141	2	2	1	2	1	3	0	2	1	2	1	2	1
plain_desc	2092	1882	1	1	1	1	1	0	0	1	1	1	1	1	1
plain_desc	2091	1882	0	2	0	3	0	1	0	1	0	0	1	2	0
plain_desc	2093	1882	1	1	1	1	1	1	1	1	1	1	1	1	1
plain_desc	1182	1074	1	1	1	0	0	1	1	2	0	1	1	1	1
plain_desc	2316	2090	0	0	1	1	0	0	1	0	1	0	1	0	1
plain_desc	426	391	0	0	1	2	0	1	0	0	1	0	1	0	1
plain_desc	2585	2337	2	2	1	2	1	2	1	2	1	2	1	2	1
plain_desc	263	243	1	1	1	0	0	3	0	3	0	0	0	1	1
plain_desc	368	339	3	3	1	3	1	3	1	3	1	3	1	3	1
plain_desc	330	304	3	3	1	3	1	0	0	3	1	3	1	3	1
plain_desc	286	265	1	1	1	3	0	3	0	1	1	3	0	1	1
plain_desc	438	403	0	0	1	0	1	0	1	0	1	0	1	0	1
plain_desc	852	779	2	2	1	2	1	2	1	2	1	2	1	2	1
plain_desc	2331	2103	1	2	0	2	0	2	0	2	0	2	0	2	0
plain_desc	277	256	1	1	1	1	1	3	0	1	1	1	1	1	1
plain_desc	1123	1018	3	3	1	0	0	3	1	3	1	3	1	3	1
plain_desc	1331	1203	1	1	1	1	1	1	1	1	1	1	1	1	1
plain_desc	109	104	2	3	0	3	0	3	0	3	0	3	0	3	0
plain_desc	2649	2396	0	0	1	3	0	1	0	0	1	0	1	0	1
plain_desc	1512	1371	0	0	1	0	1	0	1	0	1	0	1	0	1
plain_desc	2439	2200	3	3	1	3	1	3	1	3	1	3	1	3	1
plain_desc	180	163	1	1	1	0	0	0	0	3	0	3	0	1	1
plain_desc	179	163	1	2	0	2	0	3	0	2	0	2	0	2	0
plain_desc	594	537	3	3	1	1	0	1	0	1	0	2	0	3	1
plain_desc	1482	1345	3	3	1	3	1	3	1	3	1	3	1	3	1
plain_desc	391	360	0	0	1	3	0	3	0	3	0	3	0	3	0
plain_desc	340	312	3	2	0	3	1	1	0	3	1	3	1	3	1
plain_desc	895	819	3	3	1	3	1	3	1	3	1	3	1	3	1
plain_desc	513	463	1	1	1	2	0	1	1	0	0	0	0	0	0
plain_desc	1160	1052	2	2	1	0	0	2	1	2	1	2	1	2	1
plain_desc	1455	1320	0	3	0	2	0	0	1	2	0	3	0	0	1
plain_desc	2184	1966	1	1	1	1	1	1	1	1	1	1	1	1	1
plain_desc	728	662	1	1	1	2	0	1	1	1	1	1	1	1	1
plain_desc	1616	1463	3	3	1	3	1	3	1	3	1	3	1	3	1
plain_desc	950	869	1	1	1	0	0	0	0	0	0	0	0	1	1
plain_desc	949	869	0	0	1	0	1	0	1	0	1	0	1	0	1
plain_desc	948	869	1	1	1	1	1	1	1	1	1	1	1	1	1
plain_desc	387	357	0	0	1	0	1	0	1	0	1	0	1	0	1
plain_desc	2024	1823	1	1	1	1	1	2	0	1	1	1	1	1	1
plain_desc	2023	1823	3	0	0	0	0	2	0	0	0	0	0	0	0
plain_desc	534	484	2	2	1	2	1	3	0	2	1	2	1	2	1
plain_desc	1653	1495	1	1	1	2	0	1	1	1	1	0	0	1	1
plain_desc	2485	2245	0	0	1	0	1	0	1	0	1	0	1	0	1
plain_desc	360	331	0	0	1	0	1	0	1	0	1	0	1	0	1
plain_desc	334	308	3	3	1	1	0	3	1	3	1	3	1	3	1
plain_desc	303	282	3	1	0	1	0	1	0	1	0	1	0	1	0
plain_desc	2466	2226	3	3	1	2	0	2	0	2	0	2	0	3	1
plain_desc	373	343	1	1	1	1	1	1	1	1	1	1	1	1	1
plain_desc	2183	1965	0	2	0	2	0	1	0	0	1	2	0	2	0
plain_desc	299	278	3	1	0	1	0	1	0	1	0	1	0	1	0
plain_desc	8	10	1	1	1	1	1	1	1	1	1	1	1	1	1
plain_desc	704	641	1	1	1	1	1	1	1	1	1	1	1	1	1
plain_desc	2423	2185	0	0	1	1	0	0	1	1	0	0	1	0	1
plain_desc	271	250	2	2	1	2	1	2	1	2	1	2	1	2	1
plain_desc	94	91	3	3	1	2	0	2	0	2	0	2	0	3	1
plain_desc	83	81	0	0	1	0	1	0	1	0	1	0	1	0	1
plain_desc	2321	2094	3	3	1	3	1	3	1	3	1	3	1	3	1
plain_desc	1991	1795	2	2	1	2	1	2	1	2	1	2	1	2	1
plain_desc	909	832	1	1	1	1	1	1	1	1	1	1	1	1	1
plain_desc	1321	1194	2	2	1	2	1	2	1	2	1	2	1	2	1
plain_desc	1100	997	0	0	1	0	1	0	1	0	1	0	1	0	1
plain_desc	1711	1547	2	2	1	0	0	0	0	1	0	1	0	2	1
plain_desc	278	257	2	1	0	0	0	1	0	1	0	1	0	0	0
plain_desc	1939	1749	0	0	1	0	1	3	0	0	1	0	1	0	1
plain_desc	1216	1103	0	0	1	2	0	1	0	2	0	2	0	0	1
plain_desc	834	762	3	1	0	2	0	0	0	2	0	2	0	1	0
plain_desc	835	762	2	2	1	2	1	2	1	2	1	2	1	2	1
plain_desc	1104	1001	0	0	1	0	1	2	0	0	1	0	1	0	1
plain_desc	1893	1708	3	3	1	0	0	0	0	3	1	0	0	3	1
plain_desc	1596	1444	2	3	0	3	0	2	1	3	0	3	0	3	0
plain_desc	723	658	0	0	1	2	0	0	1	3	0	3	0	0	1
plain_desc	2258	2035	1	1	1	1	1	1	1	1	1	1	1	1	1
plain_desc	1352	1222	1	1	1	1	1	2	0	1	1	1	1	1	1
plain_desc	1799	1624	3	3	1	3	1	1	0	3	1	3	1	3	1
plain_desc	615	557	1	1	1	1	1	2	0	1	1	0	0	1	1
plain_desc	616	557	3	1	0	1	0	1	0	1	0	1	0	1	0
plain_desc	708	645	2	2	1	2	1	0	0	2	1	2	1	2	1
plain_desc	2143	1930	0	0	1	0	1	0	1	0	1	0	1	0	1
plain_desc	2406	2170	1	1	1	0	0	3	0	0	0	1	1	1	1
plain_desc	487	441	3	3	1	3	1	3	1	3	1	3	1	3	1
plain_desc	662	603	3	3	1	3	1	3	1	3	1	3	1	3	1
plain_desc	1515	1373	1	1	1	0	0	0	0	1	1	0	0	1	1
plain_desc	1514	1373	2	1	0	1	0	2	1	1	0	1	0	1	0
plain_desc	1362	1231	2	1	0	0	0	0	0	1	0	1	0	1	0
plain_desc	2623	2375	0	0	1	2	0	0	1	0	1	0	1	0	1
plain_desc	162	149	2	2	1	2	1	2	1	2	1	2	1	2	1
plain_desc	447	411	1	1	1	2	0	0	0	2	0	2	0	2	0
plain_desc	870	795	2	3	0	0	0	3	0	3	0	3	0	3	0
plain_desc	151	139	0	3	0	3	0	0	1	0	1	0	1	3	0
plain_desc	979	892	3	1	0	2	0	2	0	2	0	2	0	1	0
plain_desc	2563	2317	2	2	1	2	1	2	1	0	0	2	1	2	1
plain_desc	1356	1226	0	0	1	0	1	0	1	0	1	0	1	0	1
plain_desc	1987	1792	0	0	1	0	1	0	1	0	1	0	1	0	1
plain_desc	1642	1485	3	3	1	0	0	0	0	0	0	0	0	3	1
plain_desc	225	207	1	1	1	1	1	1	1	1	1	1	1	1	1
plain_desc	1641	1484	0	0	1	1	0	0	1	0	1	1	0	1	0
plain_desc	2124	1912	0	0	1	0	1	0	1	0	1	0	1	0	1
plain_desc	799	731	2	1	0	3	0	3	0	0	0	0	0	1	0
plain_desc	2546	2303	1	1	1	3	0	2	0	3	0	3	0	2	0
plain_desc	132	125	1	1	1	1	1	2	0	1	1	1	1	1	1
plain_desc	2369	2135	1	3	0	1	1	1	1	1	1	1	1	1	1
plain_desc	1265	1143	0	0	1	0	1	0	1	0	1	0	1	0	1
plain_desc	389	358	2	2	1	0	0	3	0	2	1	3	0	2	1
plain_desc	2622	2374	3	3	1	3	1	1	0	3	1	3	1	3	1
plain_desc	1072	973	3	3	1	3	1	3	1	3	1	3	1	3	1
plain_desc	2607	2359	0	0	1	3	0	3	0	0	1	0	1	0	1
plain_desc	1202	1091	1	1	1	1	1	0	0	1	1	1	1	1	1
plain_desc	2529	2286	1	1	1	1	1	3	0	1	1	1	1	1	1
plain_desc	398	367	1	1	1	0	0	0	0	1	1	1	1	1	1
plain_desc	2064	1857	0	0	1	0	1	1	0	0	1	0	1	0	1
plain_desc	1948	1757	1	1	1	3	0	2	0	3	0	1	1	1	1
plain_desc	1030	936	0	0	1	0	1	0	1	0	1	0	1	0	1
plain_desc	2097	1886	1	1	1	1	1	1	1	1	1	1	1	1	1
plain_desc	2144	1931	3	3	1	3	1	3	1	3	1	3	1	3	1
plain_desc	1733	1566	2	2	1	2	1	2	1	2	1	2	1	2	1
plain_desc	1923	1734	2	2	1	2	1	2	1	2	1	2	1	2	1
plain_desc	96	93	0	0	1	0	1	0	1	0	1	0	1	0	1
plain_desc	173	157	2	2	1	2	1	3	0	2	1	2	1	2	1
plain_desc	2477	2237	3	3	1	3	1	3	1	0	0	0	0	3	1
plain_desc	1080	981	2	2	1	2	1	2	1	2	1	2	1	2	1
plain_desc	649	590	0	0	1	0	1	0	1	0	1	0	1	0	1
plain_desc	973	886	1	1	1	1	1	1	1	1	1	1	1	1	1
plain_desc	1670	1511	1	1	1	1	1	1	1	1	1	1	1	1	1
plain_desc	1154	1048	2	2	1	2	1	1	0	2	1	2	1	2	1
plain_desc	2368	2134	0	0	1	0	1	0	1	0	1	0	1	0	1
plain_desc	684	623	3	3	1	3	1	0	0	3	1	3	1	3	1
plain_desc	984	896	3	3	1	1	0	2	0	1	0	1	0	3	1
plain_desc	1530	1388	2	2	1	2	1	2	1	2	1	2	1	2	1
plain_desc	1408	1275	1	1	1	0	0	0	0	1	1	1	1	1	1
plain_desc	1729	1563	2	2	1	0	0	0	0	2	1	0	0	2	1
plain_desc	406	374	0	0	1	3	0	0	1	0	1	0	1	3	0
plain_desc	1096	994	0	0	1	3	0	0	1	3	0	3	0	0	1
plain_desc	504	455	0	0	1	0	1	0	1	0	1	0	1	0	1
plain_desc	720	655	1	1	1	1	1	1	1	1	1	1	1	1	1
plain_desc	0	0	1	1	1	0	0	3	0	1	1	3	0	1	1
plain_desc	1989	1793	3	3	1	3	1	3	1	3	1	3	1	3	1
plain_desc	2018	1819	0	0	1	0	1	1	0	0	1	0	1	0	1
plain_desc	1053	955	2	2	1	3	0	3	0	2	1	3	0	2	1
plain_desc	503	454	1	1	1	0	0	2	0	0	0	0	0	1	1
plain_desc	2311	2085	3	3	1	3	1	3	1	3	1	3	1	3	1
plain_desc	878	803	1	1	1	2	0	2	0	2	0	2	0	1	1
plain_desc	159	146	1	3	0	3	0	2	0	3	0	2	0	3	0
plain_desc	801	733	0	1	0	0	1	3	0	1	0	0	1	0	1
plain_desc	510	460	1	1	1	1	1	1	1	1	1	1	1	1	1
plain_desc	177	161	0	0	1	0	1	0	1	0	1	0	1	0	1
plain_desc	885	810	1	1	1	1	1	1	1	1	1	1	1	1	1
plain_desc	194	176	0	0	1	0	1	0	1	0	1	1	0	0	1
plain_desc	1435	1300	1	1	1	1	1	1	1	1	1	1	1	1	1
plain_desc	1434	1300	1	1	1	1	1	1	1	1	1	1	1	1	1
plain_desc	144	133	1	1	1	1	1	2	0	3	0	3	0	1	1
plain_desc	143	133	0	0	1	0	1	3	0	0	1	3	0	0	1
plain_desc	1069	970	2	1	0	2	1	1	0	1	0	1	0	1	0
plain_desc	1805	1630	3	3	1	3	1	3	1	3	1	3	1	3	1
plain_desc	550	498	1	1	1	1	1	2	0	1	1	1	1	1	1
plain_desc	2539	2296	3	3	1	3	1	3	1	3	1	3	1	3	1
plain_desc	372	342	1	1	1	2	0	2	0	1	1	2	0	2	0
plain_desc	1888	1704	0	2	0	1	0	3	0	1	0	1	0	2	0
plain_desc	1887	1704	0	2	0	2	0	2	0	2	0	2	0	2	0
plain_desc	1718	1553	1	1	1	1	1	1	1	2	0	1	1	1	1
plain_desc	266	246	3	0	0	0	0	2	0	2	0	2	0	3	1
plain_desc	2090	1881	3	3	1	0	0	3	1	0	0	0	0	3	1
plain_desc	2519	2277	2	3	0	3	0	3	0	3	0	3	0	1	0
plain_desc	1475	1339	2	2	1	2	1	2	1	2	1	2	1	2	1
plain_desc	946	867	1	1	1	3	0	2	0	1	1	1	1	1	1
plain_desc	2568	2322	3	0	0	3	1	1	0	3	1	1	0	0	0
plain_desc	397	366	3	3	1	3	1	2	0	3	1	3	1	3	1
plain_desc	1660	1502	0	0	1	0	1	0	1	0	1	0	1	0	1
plain_desc	1571	1421	1	1	1	3	0	1	1	1	1	0	0	1	1
plain_desc	1570	1421	1	1	1	3	0	1	1	1	1	3	0	1	1
plain_desc	2427	2189	2	2	1	1	0	1	0	1	0	2	1	2	1
plain_desc	2043	1840	1	3	0	3	0	3	0	3	0	3	0	3	0
plain_desc	1721	1555	1	1	1	1	1	1	1	1	1	1	1	1	1
plain_desc	1348	1218	1	1	1	0	0	2	0	1	1	2	0	1	1
plain_desc	858	784	3	3	1	3	1	3	1	3	1	3	1	3	1
plain_desc	141	131	0	0	1	2	0	2	0	0	1	1	0	0	1
plain_desc	1099	996	0	0	1	0	1	2	0	0	1	0	1	0	1
plain_desc	1509	1368	1	1	1	1	1	1	1	1	1	1	1	1	1
plain_desc	766	699	3	3	1	3	1	3	1	3	1	3	1	3	1
plain_desc	665	606	0	0	1	3	0	1	0	0	1	3	0	0	1
plain_desc	296	275	1	1	1	1	1	1	1	1	1	1	1	1	1
plain_desc	32	32	2	2	1	2	1	2	1	2	1	2	1	2	1
plain_desc	345	317	3	3	1	3	1	3	1	3	1	3	1	3	1
plain_desc	337	309	2	2	1	2	1	2	1	2	1	2	1	2	1
plain_desc	336	309	2	2	1	0	0	1	0	2	1	2	1	2	1
plain_desc	1138	1033	0	0	1	0	1	1	0	0	1	0	1	0	1
plain_desc	2616	2368	3	3	1	3	1	0	0	3	1	3	1	3	1
plain_desc	2167	1950	1	1	1	1	1	1	1	1	1	1	1	1	1
plain_desc	521	471	2	2	1	2	1	2	1	2	1	2	1	2	1
plain_desc	1487	1349	3	0	0	1	0	0	0	2	0	2	0	0	0
plain_desc	2189	1971	2	2	1	1	0	3	0	3	0	3	0	2	1
plain_desc	2265	2042	3	3	1	3	1	3	1	3	1	3	1	3	1
plain_desc	2266	2042	2	0	0	2	1	2	1	2	1	2	1	0	0
plain_desc	20	21	3	3	1	3	1	0	0	3	1	1	0	3	1
plain_desc	2196	1978	2	2	1	3	0	1	0	3	0	1	0	2	1
plain_desc	1568	1419	3	3	1	3	1	0	0	3	1	3	1	3	1
plain_desc	1422	1289	3	3	1	3	1	3	1	3	1	3	1	3	1
plain_desc	1270	1148	0	0	1	0	1	2	0	0	1	0	1	0	1
plain_desc	262	242	0	1	0	1	0	1	0	1	0	1	0	1	0
plain_desc	790	722	3	1	0	2	0	1	0	3	1	1	0	1	0
plain_desc	1522	1380	0	0	1	3	0	2	0	0	1	0	1	0	1
plain_desc	2371	2137	0	0	1	1	0	1	0	3	0	1	0	3	0
plain_desc	1797	1622	0	0	1	0	1	0	1	0	1	0	1	0	1
plain_desc	2209	1991	0	0	1	0	1	3	0	3	0	0	1	0	1
plain_desc	1574	1423	1	1	1	0	0	1	1	3	0	1	1	1	1
plain_desc	2556	2310	0	1	0	1	0	1	0	1	0	1	0	1	0
plain_desc	2555	2310	2	2	1	2	1	2	1	2	1	2	1	2	1
plain_desc	2417	2179	0	0	1	0	1	0	1	0	1	0	1	0	1
plain_desc	210	192	0	0	1	1	0	0	1	1	0	1	0	0	1
plain_desc	196	178	3	3	1	3	1	3	1	3	1	3	1	3	1
plain_desc	623	564	2	2	1	2	1	3	0	1	0	1	0	2	1
plain_desc	1381	1249	2	2	1	2	1	2	1	2	1	2	1	2	1
plain_desc	1187	1079	1	1	1	1	1	1	1	1	1	1	1	1	1
plain_desc	1883	1700	0	0	1	0	1	2	0	0	1	0	1	0	1
plain_desc	1237	1120	0	0	1	0	1	0	1	0	1	0	1	0	1
plain_desc	915	838	0	0	1	0	1	0	1	0	1	0	1	0	1
plain_desc	792	724	3	3	1	1	0	3	1	3	1	1	0	3	1
plain_desc	312	290	1	1	1	1	1	0	0	0	0	1	1	1	1
plain_desc	579	523	0	0	1	2	0	2	0	0	1	0	1	0	1
plain_desc	343	315	1	1	1	2	0	2	0	1	1	1	1	1	1
plain_desc	1148	1042	2	2	1	2	1	1	0	2	1	2	1	2	1
plain_desc	1473	1337	0	0	1	0	1	0	1	0	1	0	1	0	1
plain_desc	55	54	0	0	1	3	0	1	0	1	0	1	0	0	1
plain_desc	2115	1904	3	3	1	1	0	1	0	3	1	3	1	3	1
plain_desc	1149	1043	2	2	1	0	0	1	0	2	1	2	1	2	1
plain_desc	1340	1211	3	3	1	3	1	3	1	3	1	3	1	3	1
plain_desc	294	273	1	1	1	1	1	1	1	1	1	1	1	1	1
plain_desc	2508	2267	3	3	1	3	1	3	1	3	1	3	1	3	1
plain_desc	1403	1270	3	3	1	3	1	3	1	3	1	3	1	3	1
plain_desc	182	165	2	2	1	2	1	2	1	2	1	2	1	2	1
plain_desc	190	172	1	3	0	3	0	3	0	3	0	3	0	1	1
plain_desc	770	702	2	2	1	3	0	3	0	3	0	3	0	2	1
plain_desc	390	359	3	3	1	1	0	1	0	3	1	3	1	3	1
plain_desc	976	889	1	1	1	1	1	1	1	1	1	1	1	1	1
plain_desc	1114	1011	2	2	1	1	0	1	0	0	0	0	0	2	1
plain_desc	1090	989	2	2	1	2	1	3	0	2	1	2	1	2	1
plain_desc	2452	2212	2	2	1	2	1	0	0	2	1	2	1	2	1
plain_desc	1314	1187	2	2	1	0	0	1	0	2	1	2	1	2	1
plain_desc	929	850	1	0	0	2	0	2	0	2	0	2	0	2	0
plain_desc	1419	1286	0	0	1	0	1	0	1	3	0	0	1	3	0
plain_desc	596	539	2	2	1	2	1	2	1	0	0	0	0	2	1
plain_desc	1504	1364	3	3	1	3	1	3	1	3	1	3	1	3	1
plain_desc	361	332	2	0	0	2	1	0	0	0	0	0	0	0	0
plain_desc	798	730	1	0	0	0	0	0	0	0	0	1	1	1	1
plain_desc	205	187	1	1	1	1	1	2	0	1	1	3	0	1	1
plain_desc	809	740	2	0	0	0	0	1	0	0	0	0	0	0	0
plain_desc	2382	2148	2	2	1	0	0	1	0	0	0	0	0	2	1
plain_desc	1222	1108	1	1	1	1	1	0	0	1	1	1	1	1	1
plain_desc	1577	1426	1	1	1	1	1	1	1	1	1	1	1	1	1
plain_desc	695	632	2	2	1	2	1	3	0	0	0	0	0	2	1
plain_desc	694	632	2	2	1	2	1	2	1	2	1	2	1	2	1
plain_desc	1244	1125	0	0	1	0	1	0	1	0	1	0	1	0	1
plain_desc	573	517	1	1	1	1	1	1	1	2	0	1	1	1	1
plain_desc	1875	1692	0	0	1	1	0	3	0	0	1	0	1	0	1
plain_desc	1712	1548	3	3	1	3	1	3	1	3	1	3	1	3	1
plain_desc	1405	1272	2	2	1	1	0	1	0	2	1	2	1	2	1
plain_desc	1582	1431	1	0	0	0	0	2	0	3	0	3	0	0	0
plain_desc	860	786	3	3	1	2	0	2	0	3	1	2	0	2	0
plain_desc	1339	1210	3	3	1	3	1	0	0	3	1	3	1	3	1
plain_desc	2411	2175	1	1	1	1	1	1	1	1	1	1	1	1	1
plain_desc	2288	2063	2	2	1	2	1	2	1	2	1	2	1	2	1
plain_desc	1759	1589	1	1	1	1	1	1	1	1	1	1	1	1	1
plain_desc	1392	1260	1	2	0	2	0	2	0	1	1	2	0	2	0
plain_desc	219	201	3	1	0	3	1	1	0	0	0	3	1	1	0
plain_desc	690	628	0	0	1	0	1	0	1	0	1	0	1	0	1
plain_desc	2294	2069	1	1	1	1	1	0	0	1	1	1	1	1	1
plain_desc	1936	1746	2	2	1	2	1	0	0	2	1	2	1	2	1
plain_desc	1401	1268	2	2	1	2	1	0	0	2	1	2	1	2	1
plain_desc	2499	2258	0	0	1	0	1	0	1	0	1	0	1	0	1
plain_desc	1707	1543	1	1	1	1	1	1	1	1	1	1	1	2	0
plain_desc	1702	1538	1	0	0	0	0	3	0	0	0	0	0	1	1
plain_desc	517	467	3	3	1	0	0	1	0	3	1	0	0	3	1
plain_desc	1477	1341	2	2	1	3	0	3	0	2	1	2	1	2	1
plain_desc	586	529	2	2	1	2	1	2	1	2	1	2	1	2	1
plain_desc	1663	1505	2	2	1	1	0	1	0	1	0	1	0	2	1
plain_desc	2141	1928	1	1	1	1	1	1	1	1	1	1	1	1	1
plain_desc	1143	1038	2	2	1	2	1	2	1	2	1	2	1	2	1
plain_desc	1144	1038	0	0	1	0	1	2	0	0	1	0	1	0	1
plain_desc	1837	1659	1	2	0	2	0	1	1	2	0	2	0	2	0
plain_desc	1775	1603	3	3	1	3	1	3	1	3	1	3	1	3	1
plain_desc	1774	1603	3	1	0	3	1	0	0	3	1	3	1	1	0
plain_desc	821	751	3	0	0	0	0	0	0	0	0	0	0	0	0
plain_desc	149	2	2	2	1	3	0	3	0	2	1	3	0	2	1
plain_desc	1995	1799	0	0	1	0	1	0	1	0	1	0	1	0	1
plain_desc	84	82	2	2	1	3	0	2	1	2	1	2	1	2	1
plain_desc	305	284	0	0	1	0	1	0	1	0	1	0	1	0	1
plain_desc	884	809	1	2	0	3	0	2	0	2	0	2	0	2	0
plain_desc	189	171	2	2	1	2	1	1	0	2	1	2	1	2	1
plain_desc	30	30	1	3	0	3	0	3	0	3	0	3	0	3	0
plain_desc	1146	1040	2	2	1	2	1	2	1	2	1	2	1	2	1
plain_desc	564	510	3	3	1	0	0	1	0	3	1	3	1	3	1
plain_desc	2128	1916	1	1	1	1	1	1	1	1	1	1	1	1	1
plain_desc	1698	1535	3	2	0	2	0	2	0	2	0	2	0	2	0
plain_desc	1699	1535	0	0	1	0	1	0	1	0	1	2	0	0	1
plain_desc	2558	2312	0	0	1	0	1	1	0	0	1	0	1	0	1
plain_desc	2274	2050	2	2	1	2	1	2	1	2	1	2	1	2	1
plain_desc	628	569	2	2	1	2	1	2	1	2	1	2	1	2	1
plain_desc	1227	1113	2	2	1	0	0	1	0	2	1	2	1	2	1
plain_desc	943	864	1	1	1	1	1	1	1	1	1	1	1	1	1
plain_desc	862	788	1	1	1	0	0	3	0	1	1	1	1	1	1
plain_desc	745	678	3	3	1	3	1	3	1	3	1	3	1	3	1
plain_desc	2281	2057	2	2	1	0	0	3	0	2	1	0	0	2	1
plain_desc	2296	2070	2	2	1	2	1	2	1	2	1	2	1	2	1
plain_desc	2295	2070	1	1	1	1	1	1	1	1	1	1	1	1	1
plain_desc	866	792	1	3	0	3	0	3	0	3	0	2	0	1	1
plain_desc	1833	1655	2	2	1	0	0	1	0	2	1	2	1	2	1
plain_desc	1291	1167	2	2	1	2	1	2	1	2	1	2	1	2	1
plain_desc	2463	2223	2	2	1	1	0	2	1	2	1	2	1	2	1
plain_desc	354	326	1	1	1	1	1	2	0	1	1	1	1	1	1
plain_desc	2590	2342	3	3	1	3	1	2	0	3	1	3	1	3	1
plain_desc	1519	1377	0	0	1	3	0	3	0	3	0	0	1	0	1
plain_desc	592	535	3	2	0	1	0	1	0	2	0	2	0	1	0
plain_desc	97	94	2	2	1	2	1	2	1	2	1	2	1	2	1
plain_desc	374	344	2	0	0	1	0	3	0	0	0	2	1	0	0
plain_desc	1876	1693	2	2	1	2	1	2	1	2	1	2	1	2	1
plain_desc	2515	2273	2	1	0	1	0	1	0	1	0	1	0	1	0
plain_desc	1878	1695	0	2	0	2	0	1	0	2	0	2	0	2	0
plain_desc	654	595	2	2	1	3	0	2	1	2	1	2	1	2	1
plain_desc	254	234	2	2	1	2	1	2	1	2	1	2	1	2	1
plain_desc	1000	911	3	3	1	3	1	3	1	3	1	3	1	3	1
plain_desc	101	96	2	2	1	2	1	2	1	2	1	2	1	2	1
plain_desc	100	96	0	2	0	0	1	0	1	2	0	2	0	2	0
plain_desc	99	96	3	3	1	0	0	0	0	0	0	3	1	3	1
plain_desc	2552	2307	1	1	1	3	0	2	0	1	1	3	0	3	0
plain_desc	990	902	1	1	1	1	1	2	0	2	0	1	1	1	1
plain_desc	2341	2110	3	3	1	3	1	3	1	3	1	3	1	3	1
plain_desc	435	400	2	0	0	0	0	0	0	1	0	0	0	0	0
plain_desc	512	462	0	0	1	1	0	1	0	0	1	1	0	0	1
plain_desc	2123	1911	2	0	0	1	0	3	0	2	1	3	0	0	0
plain_desc	170	154	2	2	1	0	0	3	0	1	0	0	0	2	1
plain_desc	1564	1415	3	3	1	3	1	3	1	3	1	3	1	3	1
plain_desc	1563	1415	0	0	1	0	1	3	0	0	1	0	1	0	1
plain_desc	469	426	1	1	1	1	1	1	1	1	1	1	1	1	1
plain_desc	514	464	0	2	0	3	0	1	0	0	1	0	1	2	0
plain_desc	2536	2293	2	2	1	2	1	3	0	2	1	0	0	2	1
plain_desc	1201	1090	3	3	1	3	1	3	1	3	1	3	1	3	1
plain_desc	2500	2259	2	2	1	3	0	2	1	3	0	2	1	2	1
plain_desc	1021	928	2	2	1	2	1	2	1	2	1	2	1	2	1
plain_desc	1575	1424	1	1	1	1	1	1	1	1	1	1	1	1	1
plain_desc	2410	2174	0	0	1	0	1	2	0	0	1	2	0	0	1
plain_desc	1141	1036	0	2	0	3	0	3	0	2	0	2	0	2	0
plain_desc	41	41	1	2	0	2	0	3	0	2	0	2	0	1	1
plain_desc	1687	1526	0	0	1	0	1	0	1	0	1	0	1	0	1
plain_desc	812	743	0	3	0	1	0	3	0	3	0	1	0	3	0
plain_desc	1834	1656	1	1	1	1	1	1	1	2	0	1	1	1	1
plain_desc	2198	1980	2	2	1	2	1	2	1	2	1	2	1	2	1
plain_desc	741	674	3	3	1	3	1	3	1	3	1	3	1	3	1
plain_desc	2254	2032	0	0	1	0	1	0	1	2	0	0	1	0	1
plain_desc	2114	1903	3	3	1	3	1	0	0	3	1	0	0	3	1
plain_desc	2270	2046	3	3	1	0	0	3	1	2	0	3	1	3	1
plain_desc	1909	1723	2	2	1	2	1	3	0	2	1	2	1	2	1
plain_desc	1063	964	0	0	1	0	1	0	1	0	1	0	1	0	1
plain_desc	247	227	2	3	0	3	0	1	0	1	0	3	0	3	0
plain_desc	629	570	3	3	1	3	1	3	1	3	1	3	1	3	1
plain_desc	2501	2260	1	3	0	3	0	1	1	0	0	0	0	3	0
plain_desc	2608	2360	1	1	1	1	1	1	1	1	1	1	1	1	1
plain_desc	1077	978	3	3	1	3	1	3	1	3	1	3	1	3	1
plain_desc	1177	1069	0	3	0	0	1	0	1	3	0	3	0	3	0
plain_desc	1607	1455	0	0	1	0	1	3	0	0	1	0	1	0	1
plain_desc	64	63	3	3	1	3	1	1	0	0	0	3	1	3	1
plain_desc	455	418	0	0	1	0	1	0	1	0	1	0	1	0	1
plain_desc	1785	1612	2	2	1	1	0	1	0	2	1	2	1	2	1
plain_desc	2313	2087	1	1	1	1	1	1	1	1	1	1	1	1	1
plain_desc	1895	1710	3	3	1	3	1	1	0	1	0	3	1	3	1
plain_desc	1736	1569	3	3	1	3	1	2	0	1	0	3	1	3	1
plain_desc	2370	2136	0	0	1	0	1	0	1	0	1	0	1	0	1
plain_desc	1061	962	1	1	1	1	1	1	1	1	1	1	1	1	1
plain_desc	1852	1673	3	3	1	1	0	2	0	3	1	1	0	3	1
plain_desc	1853	1673	2	2	1	3	0	3	0	1	0	1	0	2	1
plain_desc	2502	2261	2	2	1	2	1	2	1	2	1	2	1	2	1
plain_desc	1450	1315	2	2	1	3	0	2	1	2	1	3	0	2	1
plain_desc	59	58	3	3	1	3	1	1	0	1	0	3	1	3	1
plain_desc	1385	1253	2	2	1	2	1	1	0	2	1	2	1	2	1
plain_desc	1322	1195	3	3	1	2	0	1	0	1	0	1	0	3	1
plain_desc	2077	1868	1	3	0	3	0	0	0	0	0	0	0	3	0
plain_desc	2069	1861	0	0	1	0	1	0	1	0	1	0	1	0	1
plain_desc	802	734	1	1	1	0	0	1	1	0	0	1	1	1	1
plain_desc	1931	1741	1	1	1	1	1	1	1	1	1	1	1	1	1
plain_desc	2322	2095	2	2	1	2	1	2	1	2	1	2	1	2	1
plain_desc	2027	1826	3	3	1	3	1	0	0	0	0	0	0	3	1
plain_desc	1074	975	3	3	1	3	1	3	1	2	0	3	1	3	1
plain_desc	597	540	1	1	1	1	1	1	1	1	1	1	1	1	1
plain_desc	561	507	2	3	0	3	0	1	0	3	0	3	0	3	0
plain_desc	1101	998	2	3	0	3	0	3	0	2	1	2	1	3	0
plain_desc	2389	2155	2	2	1	2	1	2	1	2	1	2	1	2	1
plain_desc	890	815	1	1	1	1	1	2	0	1	1	1	1	1	1
plain_desc	1342	1213	1	1	1	2	0	2	0	1	1	2	0	1	1
plain_desc	2597	2349	2	2	1	2	1	2	1	2	1	2	1	2	1
plain_desc	2530	2287	0	0	1	3	0	0	1	3	0	3	0	0	1
plain_desc	1996	1800	1	1	1	1	1	1	1	1	1	1	1	1	1
plain_desc	482	437	2	2	1	2	1	2	1	2	1	2	1	2	1
plain_desc	2355	2123	1	1	1	2	0	2	0	2	0	2	0	2	0
plain_desc	1701	1537	0	0	1	0	1	2	0	0	1	2	0	0	1
plain_desc	1296	1172	0	0	1	1	0	3	0	0	1	0	1	0	1
plain_desc	1591	1439	2	3	0	2	1	2	1	0	0	0	0	3	0
plain_desc	1851	1672	2	3	0	2	1	1	0	2	1	2	1	2	1
plain_desc	1921	1732	0	0	1	2	0	1	0	0	1	2	0	0	1
plain_desc	458	419	2	2	1	2	1	2	1	2	1	2	1	2	1
plain_desc	457	419	0	0	1	0	1	0	1	0	1	0	1	0	1
plain_desc	1857	1677	2	2	1	2	1	2	1	3	0	3	0	2	1
plain_desc	1416	1283	2	2	1	2	1	2	1	2	1	2	1	2	1
plain_desc	16	17	3	3	1	1	0	1	0	1	0	3	1	1	0
plain_desc	576	520	2	2	1	2	1	1	0	2	1	2	1	2	1
plain_desc	1814	1639	1	1	1	1	1	0	0	1	1	1	1	1	1
plain_desc	2283	2059	3	3	1	3	1	3	1	3	1	3	1	3	1
plain_desc	327	142	0	3	0	0	1	0	1	0	1	0	1	3	0
plain_desc	724	659	0	0	1	0	1	0	1	0	1	0	1	0	1
plain_desc	725	659	2	2	1	2	1	2	1	2	1	2	1	2	1
plain_desc	532	482	3	3	1	1	0	3	1	0	0	3	1	3	1
plain_desc	2199	1981	0	0	1	0	1	3	0	0	1	0	1	0	1
plain_desc	2187	1969	2	2	1	2	1	2	1	2	1	2	1	2	1
plain_desc	58	57	2	2	1	0	0	1	0	2	1	3	0	2	1
plain_desc	855	781	0	0	1	0	1	0	1	0	1	0	1	0	1
plain_desc	842	769	0	0	1	0	1	2	0	0	1	0	1	0	1
plain_desc	2028	1827	2	2	1	3	0	3	0	3	0	3	0	2	1
plain_desc	966	881	0	0	1	0	1	3	0	0	1	0	1	0	1
plain_desc	1485	1347	0	0	1	0	1	0	1	0	1	0	1	0	1
plain_desc	1373	1242	1	1	1	3	0	3	0	1	1	1	1	1	1
plain_desc	710	647	3	3	1	3	1	3	1	3	1	3	1	3	1
plain_desc	1102	999	0	0	1	0	1	0	1	0	1	0	1	0	1
plain_desc	840	767	3	3	1	3	1	3	1	3	1	3	1	3	1
plain_desc	2400	2165	0	0	1	0	1	0	1	0	1	0	1	0	1
plain_desc	1259	1138	2	2	1	3	0	2	1	3	0	1	0	3	0
plain_desc	1258	1138	2	2	1	3	0	2	1	3	0	3	0	3	0
plain_desc	1113	1010	0	1	0	1	0	1	0	1	0	1	0	1	0
plain_desc	50	49	1	2	0	1	1	0	0	1	1	2	0	2	0
plain_desc	49	49	1	1	1	1	1	0	0	1	1	1	1	1	1
plain_desc	1430	1296	1	1	1	0	0	2	0	2	0	3	0	1	1
plain_desc	2210	1992	2	2	1	2	1	2	1	2	1	2	1	2	1
plain_desc	2079	1870	2	3	0	0	0	2	1	3	0	3	0	3	0
plain_desc	1904	1718	1	1	1	1	1	0	0	1	1	1	1	1	1
plain_desc	331	305	2	2	1	3	0	2	1	2	1	2	1	2	1
plain_desc	243	223	0	0	1	0	1	0	1	0	1	0	1	0	1
plain_desc	242	223	3	1	0	3	1	3	1	3	1	3	1	1	0
plain_desc	1275	1153	2	2	1	3	0	3	0	1	0	1	0	2	1
plain_desc	56	55	2	0	0	2	1	2	1	1	0	2	1	2	1
plain_desc	2088	1879	2	2	1	2	1	2	1	2	1	2	1	2	1
plain_desc	2432	2194	0	0	1	2	0	0	1	0	1	0	1	0	1
plain_desc	752	685	0	0	1	0	1	3	0	0	1	0	1	0	1
plain_desc	1411	1278	3	3	1	0	0	0	0	1	0	1	0	3	1
plain_desc	552	500	0	0	1	0	1	0	1	0	1	0	1	0	1
plain_desc	553	500	3	3	1	1	0	1	0	1	0	1	0	3	1
plain_desc	1002	913	0	0	1	3	0	3	0	3	0	3	0	0	1
plain_desc	2061	1854	2	2	1	0	0	1	0	1	0	2	1	2	1
plain_desc	2060	1854	1	1	1	0	0	0	0	1	1	1	1	1	1
plain_desc	1850	1671	3	3	1	3	1	1	0	3	1	3	1	3	1
plain_desc	1638	1482	2	2	1	0	0	3	0	2	1	2	1	2	1
plain_desc	867	793	3	1	0	1	0	0	0	3	1	3	1	1	0
plain_desc	1103	1000	0	0	1	2	0	3	0	0	1	0	1	0	1
plain_desc	2214	1996	2	0	0	0	0	2	1	0	0	0	0	0	0
plain_desc	667	607	2	2	1	3	0	2	1	2	1	0	0	2	1
plain_desc	666	607	0	0	1	2	0	2	0	0	1	0	1	0	1
plain_desc	2269	2045	1	1	1	1	1	1	1	1	1	1	1	1	1
plain_desc	1174	1066	0	0	1	0	1	0	1	0	1	0	1	0	1
plain_desc	2135	1923	1	1	1	1	1	2	0	1	1	1	1	1	1
plain_desc	2561	2315	2	2	1	3	0	3	0	2	1	2	1	2	1
plain_desc	1628	1473	0	0	1	0	1	0	1	0	1	0	1	1	0
plain_desc	2171	1954	1	1	1	0	0	0	0	0	0	0	0	1	1
plain_desc	51	50	0	0	1	0	1	0	1	0	1	0	1	0	1
plain_desc	1335	1207	0	0	1	3	0	0	1	3	0	3	0	0	1
plain_desc	2478	2238	2	2	1	3	0	1	0	3	0	1	0	2	1
plain_desc	1671	1512	0	0	1	0	1	0	1	0	1	0	1	0	1
plain_desc	2629	2380	3	3	1	1	0	1	0	1	0	1	0	3	1
plain_desc	2630	2380	0	0	1	0	1	0	1	0	1	0	1	0	1
plain_desc	850	777	2	2	1	2	1	1	0	2	1	2	1	2	1
plain_desc	228	210	1	1	1	1	1	0	0	1	1	1	1	1	1
plain_desc	756	689	0	0	1	0	1	0	1	0	1	0	1	0	1
plain_desc	765	698	0	3	0	3	0	3	0	3	0	3	0	3	0
plain_desc	392	361	1	0	0	0	0	3	0	0	0	0	0	0	0
plain_desc	2248	2028	1	1	1	3	0	3	0	1	1	1	1	1	1
plain_desc	556	503	2	2	1	2	1	0	0	2	1	2	1	2	1
plain_desc	1524	1382	3	3	1	0	0	0	0	3	1	3	1	3	1
plain_desc	2598	2350	2	2	1	2	1	2	1	2	1	2	1	2	1
plain_desc	1395	1263	1	2	0	1	1	1	1	1	1	2	0	2	0
plain_desc	1633	1478	3	3	1	3	1	3	1	3	1	3	1	3	1
plain_desc	2185	1967	2	2	1	3	0	0	0	2	1	3	0	2	1
plain_desc	2162	1945	3	3	1	0	0	0	0	3	1	3	1	3	1
plain_desc	62	61	0	0	1	0	1	0	1	0	1	1	0	0	1
plain_desc	2482	2242	3	3	1	1	0	2	0	3	1	3	1	3	1
plain_desc	1295	1171	2	2	1	1	0	2	1	1	0	1	0	2	1
plain_desc	729	663	0	0	1	2	0	3	0	3	0	3	0	0	1
plain_desc	2049	1845	1	2	0	2	0	2	0	2	0	2	0	2	0
plain_desc	555	502	0	3	0	2	0	3	0	0	1	0	1	3	0
plain_desc	465	423	3	3	1	3	1	3	1	3	1	3	1	3	1
plain_desc	464	423	1	1	1	1	1	1	1	1	1	1	1	1	1
plain_desc	201	183	1	1	1	3	0	1	1	1	1	1	1	1	1
plain_desc	1900	1715	0	1	0	0	1	0	1	0	1	1	0	1	0
plain_desc	924	845	2	2	1	2	1	2	1	2	1	2	1	2	1
plain_desc	441	405	1	1	1	1	1	2	0	2	0	1	1	1	1
plain_desc	1972	1780	0	0	1	3	0	0	1	3	0	3	0	1	0
plain_desc	1409	1276	1	1	1	1	1	1	1	3	0	1	1	1	1
plain_desc	1398	1266	1	1	1	1	1	1	1	1	1	1	1	1	1
plain_desc	922	844	1	1	1	1	1	0	0	1	1	1	1	1	1
plain_desc	1580	1429	0	0	1	0	1	1	0	0	1	0	1	0	1
plain_desc	2116	1905	3	3	1	3	1	3	1	3	1	3	1	3	1
plain_desc	2542	2299	2	2	1	1	0	2	1	2	1	2	1	2	1
plain_desc	523	473	2	2	1	2	1	1	0	2	1	2	1	2	1
plain_desc	1249	1130	0	0	1	0	1	2	0	0	1	3	0	0	1
plain_desc	2464	2224	3	3	1	3	1	3	1	3	1	3	1	3	1
plain_desc	2377	2143	3	3	1	3	1	2	0	2	0	3	1	3	1
plain_desc	2365	2131	3	3	1	0	0	3	1	3	1	3	1	3	1
plain_desc	1753	1583	0	0	1	0	1	0	1	0	1	0	1	0	1
plain_desc	429	394	0	3	0	3	0	3	0	3	0	3	0	3	0
plain_desc	2211	1993	2	2	1	1	0	2	1	1	0	1	0	1	0
plain_desc	302	281	1	1	1	1	1	2	0	1	1	1	1	1	1
plain_desc	2570	2324	0	0	1	0	1	0	1	0	1	0	1	0	1
plain_desc	2571	2324	0	0	1	0	1	3	0	0	1	0	1	0	1
plain_desc	933	854	1	1	1	1	1	1	1	1	1	1	1	1	1
plain_desc	2098	1887	1	1	1	1	1	1	1	1	1	1	1	1	1
plain_desc	897	821	3	3	1	3	1	3	1	3	1	3	1	3	1
plain_desc	921	843	0	3	0	0	1	0	1	0	1	0	1	1	0
plain_desc	2003	1806	0	0	1	2	0	0	1	0	1	0	1	0	1
plain_desc	1661	1503	2	2	1	3	0	3	0	2	1	2	1	2	1
plain_desc	1170	1062	1	3	0	3	0	3	0	0	0	0	0	3	0
plain_desc	258	238	0	0	1	2	0	2	0	0	1	0	1	0	1
plain_desc	2304	2078	0	0	1	0	1	0	1	0	1	0	1	0	1
plain_desc	910	833	0	0	1	0	1	2	0	0	1	0	1	0	1
plain_desc	2047	1843	0	1	0	3	0	1	0	1	0	1	0	1	0
plain_desc	122	116	2	2	1	3	0	1	0	2	1	2	1	2	1
plain_desc	344	316	3	3	1	3	1	2	0	3	1	3	1	3	1
plain_desc	2373	2139	0	0	1	2	0	1	0	0	1	0	1	0	1
plain_desc	1488	1350	1	1	1	2	0	3	0	3	0	3	0	1	1
plain_desc	1489	1350	3	3	1	1	0	1	0	1	0	3	1	3	1
plain_desc	1380	1248	2	2	1	2	1	2	1	2	1	2	1	2	1
plain_desc	1984	1789	2	2	1	2	1	2	1	2	1	2	1	2	1
plain_desc	1942	1752	0	0	1	0	1	3	0	0	1	0	1	0	1
plain_desc	1017	925	3	3	1	3	1	0	0	3	1	3	1	3	1
plain_desc	1980	1786	1	1	1	1	1	0	0	1	1	1	1	1	1
plain_desc	1992	1796	3	3	1	0	0	3	1	3	1	3	1	3	1
plain_desc	1323	1196	0	1	0	1	0	1	0	1	0	1	0	1	0
plain_desc	1324	1196	1	1	1	0	0	1	1	2	0	2	0	2	0
plain_desc	1022	929	1	1	1	1	1	0	0	1	1	1	1	1	1
plain_desc	1209	1096	3	2	0	2	0	2	0	2	0	2	0	2	0
plain_desc	1589	1437	3	3	1	0	0	2	0	2	0	3	1	3	1
plain_desc	431	396	1	1	1	1	1	1	1	1	1	0	0	1	1
plain_desc	794	726	1	1	1	0	0	0	0	1	1	2	0	1	1
plain_desc	2421	2183	1	1	1	1	1	1	1	1	1	2	0	1	1
plain_desc	1934	1744	0	0	1	3	0	0	1	3	0	0	1	0	1
plain_desc	2140	1	1	1	1	1	1	1	1	1	1	1	1	1	1
plain_desc	250	230	0	3	0	3	0	3	0	3	0	3	0	3	0
plain_desc	1978	1784	2	2	1	0	0	3	0	2	1	2	1	2	1
plain_desc	912	835	0	2	0	2	0	2	0	2	0	2	0	2	0
plain_desc	2131	1919	0	0	1	0	1	0	1	0	1	0	1	0	1
plain_desc	1415	1282	0	0	1	0	1	1	0	0	1	0	1	0	1
plain_desc	273	252	2	2	1	2	1	2	1	2	1	2	1	2	1
plain_desc	641	582	2	2	1	2	1	2	1	2	1	2	1	2	1
plain_desc	405	373	2	1	0	3	0	0	0	1	0	0	0	1	0
plain_desc	1809	1634	2	2	1	2	1	2	1	2	1	2	1	2	1
plain_desc	301	280	0	0	1	1	0	2	0	1	0	1	0	1	0
plain_desc	115	110	2	2	1	2	1	0	0	2	1	2	1	2	1
plain_desc	1691	1529	2	2	1	2	1	2	1	2	1	2	1	2	1
plain_desc	1476	1340	1	1	1	1	1	0	0	1	1	1	1	1	1
plain_desc	1517	1375	1	1	1	1	1	1	1	1	1	1	1	1	1
plain_desc	451	414	3	3	1	1	0	3	1	3	1	3	1	1	0
plain_desc	125	119	0	1	0	3	0	3	0	3	0	3	0	1	0
plain_desc	786	718	3	3	1	3	1	1	0	3	1	3	1	3	1
plain_desc	399	368	1	1	1	1	1	1	1	1	1	1	1	1	1
plain_desc	400	368	3	3	1	0	0	0	0	0	0	0	0	3	1
plain_desc	2459	2219	0	0	1	0	1	3	0	0	1	0	1	0	1
plain_desc	183	166	1	1	1	1	1	1	1	1	1	1	1	1	1
plain_desc	363	334	2	2	1	3	0	1	0	3	0	0	0	2	1
plain_desc	2300	2074	2	2	1	3	0	2	1	2	1	2	1	2	1
plain_desc	2138	1926	0	3	0	2	0	2	0	0	1	0	1	3	0
plain_desc	2111	1900	2	2	1	2	1	2	1	2	1	2	1	2	1
plain_desc	2050	1846	2	2	1	2	1	3	0	2	1	2	1	2	1
plain_desc	236	218	3	3	1	1	0	1	0	1	0	3	1	3	1
plain_desc	1683	1522	2	1	0	0	0	3	0	0	0	0	0	1	0
plain_desc	1132	1027	2	2	1	3	0	0	0	0	0	0	0	0	0
plain_desc	2354	2122	3	0	0	3	1	3	1	0	0	0	0	0	0
plain_desc	25	26	2	2	1	2	1	1	0	2	1	2	1	2	1
plain_desc	2445	2206	3	1	0	3	1	3	1	1	0	1	0	1	0
plain_desc	2242	2022	3	3	1	3	1	3	1	3	1	3	1	3	1
plain_desc	1502	1362	3	3	1	3	1	3	1	3	1	3	1	3	1
plain_desc	313	291	2	1	0	2	1	1	0	2	1	2	1	1	0
plain_desc	1329	1201	3	3	1	3	1	3	1	0	0	3	1	3	1
plain_desc	293	272	2	0	0	0	0	0	0	3	0	3	0	1	0
plain_desc	930	851	3	3	1	3	1	3	1	3	1	3	1	3	1
plain_desc	1364	1233	3	3	1	2	0	2	0	2	0	2	0	3	1
plain_desc	1448	1313	2	2	1	2	1	0	0	2	1	2	1	2	1
plain_desc	1308	1183	0	0	1	0	1	2	0	0	1	1	0	0	1
plain_desc	1309	1183	1	3	0	3	0	3	0	3	0	3	0	3	0
plain_desc	2292	2067	1	1	1	1	1	1	1	1	1	1	1	1	1
plain_desc	1977	1783	0	0	1	2	0	0	1	0	1	0	1	2	0
plain_desc	18	19	3	1	0	3	1	3	1	3	1	3	1	3	1
plain_desc	2381	2147	3	3	1	3	1	3	1	3	1	3	1	3	1
plain_desc	1760	1590	3	3	1	3	1	1	0	3	1	3	1	3	1
plain_desc	2351	2119	3	3	1	3	1	3	1	3	1	3	1	3	1
plain_desc	772	704	3	3	1	3	1	3	1	3	1	3	1	3	1
plain_desc	2338	2108	1	1	1	1	1	1	1	1	1	1	1	1	1
plain_desc	461	421	3	3	1	3	1	3	1	3	1	3	1	3	1
plain_desc	462	421	3	1	0	3	1	3	1	3	1	3	1	3	1
plain_desc	508	458	0	0	1	0	1	0	1	0	1	0	1	0	1
plain_desc	507	458	0	0	1	0	1	0	1	0	1	0	1	0	1
plain_desc	848	775	3	2	0	2	0	2	0	0	0	2	0	2	0
plain_desc	1808	1633	3	3	1	3	1	3	1	3	1	3	1	3	1
plain_desc	767	700	3	1	0	2	0	2	0	1	0	1	0	1	0
plain_desc	2033	1831	3	3	1	3	1	3	1	3	1	3	1	3	1
plain_desc	2032	1831	0	0	1	0	1	0	1	0	1	0	1	0	1
plain_desc	849	776	2	2	1	2	1	0	0	2	1	2	1	0	0
plain_desc	736	669	0	0	1	0	1	0	1	0	1	0	1	0	1
plain_desc	1136	1031	2	2	1	2	1	3	0	2	1	2	1	2	1
plain_desc	2004	1807	2	2	1	0	0	3	0	0	0	2	1	2	1
plain_desc	2215	1997	2	2	1	2	1	2	1	2	1	2	1	2	1
plain_desc	1118	1014	3	3	1	3	1	1	0	3	1	3	1	3	1
plain_desc	283	262	3	3	1	0	0	0	0	3	1	3	1	3	1
plain_desc	1390	1258	2	2	1	1	0	2	1	1	0	1	0	2	1
plain_desc	937	858	1	1	1	1	1	2	0	1	1	1	1	1	1
plain_desc	2099	1888	3	2	0	2	0	2	0	2	0	2	0	2	0
plain_desc	2388	2154	3	3	1	2	0	3	1	3	1	2	0	3	1
plain_desc	158	145	1	1	1	1	1	1	1	1	1	1	1	1	1
plain_desc	1646	1489	1	1	1	1	1	1	1	1	1	1	1	1	1
plain_desc	1578	1427	1	1	1	0	0	0	0	1	1	1	1	1	1
plain_desc	1745	1576	3	3	1	3	1	3	1	3	1	3	1	3	1
plain_desc	1705	1541	0	0	1	1	0	1	0	1	0	1	0	0	1
plain_desc	1894	1709	2	2	1	2	1	2	1	2	1	2	1	2	1
plain_desc	590	533	1	0	0	0	0	0	0	0	0	0	0	0	0
plain_desc	1016	924	1	3	0	3	0	3	0	3	0	3	0	3	0
plain_desc	2505	2264	1	2	0	2	0	2	0	2	0	2	0	2	0
plain_desc	3	5	0	0	1	0	1	1	0	0	1	0	1	0	1
plain_desc	91	88	3	3	1	3	1	3	1	3	1	3	1	3	1
plain_desc	1940	1750	2	2	1	2	1	2	1	2	1	2	1	2	1
plain_desc	2572	2325	0	0	1	1	0	1	0	1	0	1	0	1	0
plain_desc	2202	1984	3	3	1	3	1	3	1	3	1	3	1	3	1
plain_desc	1350	1220	1	1	1	0	0	1	1	0	0	2	0	1	1
plain_desc	2456	2216	2	2	1	0	0	2	1	2	1	0	0	2	1
plain_desc	2129	1917	3	3	1	3	1	3	1	3	1	3	1	3	1
plain_desc	1320	1193	2	3	0	3	0	3	0	0	0	3	0	3	0
plain_desc	1840	1662	1	2	0	0	0	0	0	0	0	0	0	2	0
plain_desc	1913	1726	2	2	1	3	0	1	0	0	0	0	0	2	1
plain_desc	2522	2280	3	3	1	1	0	2	0	1	0	1	0	3	1
plain_desc	1717	1552	2	2	1	0	0	2	1	0	0	0	0	2	1
plain_desc	719	654	0	0	1	0	1	0	1	0	1	0	1	0	1
plain_desc	1866	1683	2	2	1	2	1	2	1	2	1	2	1	2	1
plain_desc	402	370	0	0	1	0	1	0	1	0	1	0	1	0	1
plain_desc	2100	1889	3	3	1	3	1	0	0	3	1	0	0	3	1
plain_desc	1025	932	0	0	1	0	1	1	0	0	1	0	1	0	1
plain_desc	1019	927	0	0	1	0	1	1	0	0	1	0	1	0	1
plain_desc	931	852	2	0	0	2	1	0	0	0	0	0	0	0	0
plain_desc	1528	1386	0	0	1	2	0	0	1	1	0	0	1	0	1
plain_desc	227	209	0	0	1	2	0	0	1	0	1	0	1	0	1
plain_desc	2564	2318	2	2	1	1	0	2	1	2	1	0	0	2	1
plain_desc	1974	1782	1	1	1	1	1	0	0	1	1	2	0	1	1
plain_desc	1976	1782	2	2	1	2	1	2	1	2	1	2	1	2	1
plain_desc	1975	1782	2	2	1	2	1	2	1	2	1	2	1	2	1
plain_desc	1207	1094	2	2	1	0	0	2	1	2	1	2	1	2	1
plain_desc	223	205	1	1	1	1	1	1	1	1	1	1	1	1	1
plain_desc	660	601	0	0	1	0	1	3	0	0	1	0	1	0	1
plain_desc	2543	2300	3	0	0	0	0	0	0	0	0	0	0	0	0
plain_desc	945	866	1	1	1	3	0	3	0	1	1	1	1	1	1
plain_desc	415	382	3	3	1	3	1	3	1	3	1	3	1	3	1
plain_desc	901	824	2	2	1	2	1	2	1	2	1	2	1	2	1
plain_desc	602	545	3	3	1	0	0	0	0	3	1	3	1	3	1
plain_desc	1813	1638	1	1	1	1	1	1	1	1	1	1	1	1	1
plain_desc	1251	1132	1	0	0	0	0	0	0	1	1	1	1	1	1
plain_desc	1267	1145	0	0	1	0	1	0	1	0	1	0	1	0	1
plain_desc	771	703	0	0	1	3	0	2	0	3	0	2	0	0	1
plain_desc	1891	1706	3	1	0	1	0	0	0	1	0	3	1	0	0
plain_desc	806	738	3	3	1	0	0	2	0	0	0	0	0	3	1
plain_desc	1648	1491	2	2	1	2	1	0	0	2	1	2	1	2	1
plain_desc	1649	1491	1	1	1	1	1	1	1	1	1	1	1	1	1
plain_desc	1688	1527	2	0	0	0	0	1	0	0	0	1	0	0	0
plain_desc	1305	1181	1	1	1	1	1	0	0	1	1	1	1	1	1
plain_desc	692	630	2	2	1	2	1	2	1	2	1	2	1	2	1
plain_desc	941	862	1	1	1	3	0	3	0	3	0	3	0	1	1
plain_desc	261	241	0	0	1	3	0	3	0	0	1	0	1	0	1
plain_desc	1109	1006	0	0	1	0	1	0	1	0	1	0	1	0	1
plain_desc	2243	2023	0	3	0	3	0	2	0	3	0	3	0	3	0
plain_desc	1722	1556	3	3	1	2	0	2	0	1	0	2	0	3	1
plain_desc	2557	2311	0	0	1	0	1	0	1	0	1	0	1	0	1
plain_desc	2599	2351	2	2	1	2	1	2	1	2	1	2	1	2	1
plain_desc	610	553	2	1	0	1	0	2	1	1	0	1	0	1	0
plain_desc	300	279	3	3	1	3	1	1	0	3	1	3	1	3	1
plain_desc	245	225	3	0	0	3	1	3	1	3	1	3	1	3	1
plain_desc	1505	1365	1	1	1	1	1	3	0	1	1	1	1	1	1
plain_desc	1506	1365	1	1	1	0	0	3	0	0	0	1	1	1	1
plain_desc	2134	1922	2	2	1	2	1	2	1	2	1	2	1	2	1
plain_desc	1667	1509	1	1	1	1	1	3	0	1	1	1	1	1	1
plain_desc	1668	1509	0	0	1	0	1	1	0	0	1	0	1	0	1
plain_desc	652	593	0	0	1	2	0	2	0	0	1	0	1	0	1
plain_desc	2218	2000	2	3	0	2	1	2	1	3	0	2	1	3	0
plain_desc	248	228	1	1	1	0	0	1	1	3	0	3	0	1	1
plain_desc	206	188	2	2	1	2	1	2	1	2	1	2	1	2	1
plain_desc	856	782	2	2	1	2	1	2	1	2	1	2	1	2	1
plain_desc	2232	2012	0	0	1	0	1	3	0	0	1	0	1	0	1
plain_desc	304	283	1	1	1	0	0	3	0	1	1	1	1	1	1
plain_desc	2188	1970	2	2	1	2	1	2	1	2	1	2	1	2	1
plain_desc	113	108	1	0	0	0	0	3	0	0	0	0	0	0	0
plain_desc	796	728	0	0	1	0	1	3	0	0	1	0	1	0	1
plain_desc	499	450	1	1	1	1	1	1	1	1	1	1	1	1	1
plain_desc	160	147	2	2	1	2	1	2	1	2	1	2	1	2	1
plain_desc	81	80	3	3	1	2	0	1	0	3	1	1	0	3	1
plain_desc	82	80	2	2	1	0	0	2	1	2	1	2	1	0	0
plain_desc	1307	1182	0	0	1	1	0	0	1	0	1	0	1	0	1
plain_desc	401	369	0	0	1	0	1	0	1	0	1	0	1	0	1
plain_desc	1066	967	0	0	1	1	0	1	0	1	0	1	0	0	1
plain_desc	673	612	0	0	1	3	0	2	0	0	1	0	1	0	1
plain_desc	672	612	3	3	1	3	1	0	0	3	1	3	1	3	1
plain_desc	1028	935	3	3	1	3	1	3	1	0	0	3	1	3	1
plain_desc	1029	935	3	3	1	3	1	1	0	0	0	3	1	3	1
plain_desc	1167	1059	0	1	0	1	0	0	1	1	0	1	0	0	1
plain_desc	2317	2091	1	1	1	1	1	1	1	1	1	1	1	1	1
plain_desc	873	798	1	1	1	1	1	1	1	1	1	1	1	1	1
plain_desc	1358	1228	1	1	1	1	1	1	1	1	1	1	1	1	1
plain_desc	1359	1228	0	1	0	0	1	0	1	0	1	0	1	1	0
plain_desc	1739	1571	0	0	1	0	1	0	1	0	1	0	1	0	1
plain_desc	1511	1370	2	2	1	2	1	1	0	2	1	1	0	2	1
plain_desc	1804	1629	0	0	1	0	1	0	1	0	1	0	1	0	1
plain_desc	2584	2336	2	2	1	2	1	1	0	2	1	2	1	2	1
plain_desc	369	340	1	1	1	1	1	1	1	1	1	1	1	1	1
plain_desc	1498	1358	3	3	1	1	0	3	1	1	0	1	0	3	1
plain_desc	356	328	3	3	1	3	1	3	1	3	1	3	1	3	1
plain_desc	818	748	0	0	1	0	1	2	0	0	1	0	1	0	1
plain_desc	1806	1631	0	0	1	0	1	0	1	0	1	0	1	0	1
plain_desc	1777	1605	3	3	1	0	0	0	0	3	1	0	0	3	1
plain_desc	26	27	3	3	1	3	1	0	0	3	1	3	1	3	1
plain_desc	1776	1604	3	3	1	3	1	3	1	3	1	3	1	3	1
plain_desc	1849	1670	3	3	1	1	0	1	0	1	0	1	0	3	1
plain_desc	221	203	1	0	0	0	0	0	0	0	0	0	0	0	0
plain_desc	2457	2217	0	0	1	2	0	2	0	2	0	0	1	0	1
plain_desc	1210	1097	1	1	1	1	1	1	1	1	1	1	1	0	0
plain_desc	1190	1081	3	1	0	1	0	1	0	1	0	2	0	1	0
plain_desc	1191	1081	3	3	1	3	1	0	0	3	1	3	1	3	1
plain_desc	2367	2133	2	2	1	2	1	0	0	2	1	2	1	2	1
plain_desc	888	813	1	0	0	0	0	0	0	0	0	0	0	0	0
plain_desc	2155	1938	2	2	1	2	1	0	0	2	1	3	0	2	1
plain_desc	234	216	2	3	0	2	1	2	1	3	0	3	0	3	0
plain_desc	574	518	0	0	1	0	1	0	1	0	1	0	1	0	1
plain_desc	2176	1959	2	2	1	3	0	0	0	1	0	0	0	2	1
plain_desc	1716	1551	2	2	1	1	0	1	0	1	0	1	0	2	1
plain_desc	865	791	3	3	1	3	1	0	0	3	1	3	1	3	1
plain_desc	1715	1551	3	3	1	0	0	0	0	0	0	0	0	3	1
plain_desc	622	563	3	3	1	3	1	3	1	3	1	3	1	3	1
plain_desc	2227	2007	3	3	1	0	0	3	1	3	1	3	1	3	1
plain_desc	2105	1894	0	0	1	0	1	1	0	0	1	0	1	0	1
plain_desc	2361	2127	2	2	1	2	1	2	1	2	1	2	1	2	1
plain_desc	2360	2127	1	1	1	1	1	1	1	1	1	1	1	1	1
plain_desc	1600	1448	3	3	1	3	1	3	1	3	1	3	1	3	1
plain_desc	2231	2011	1	1	1	1	1	2	0	1	1	1	1	1	1
plain_desc	904	827	1	1	1	1	1	2	0	1	1	1	1	1	1
plain_desc	2379	2145	3	3	1	3	1	3	1	3	1	3	1	3	1
plain_desc	775	707	2	2	1	2	1	2	1	2	1	2	1	2	1
plain_desc	385	355	0	0	1	0	1	3	0	0	1	0	1	0	1
plain_desc	1700	1536	3	3	1	3	1	3	1	3	1	3	1	3	1
plain_desc	986	898	3	3	1	3	1	3	1	3	1	3	1	3	1
plain_desc	1821	1645	0	0	1	0	1	0	1	0	1	0	1	0	1
plain_desc	874	799	2	2	1	0	0	2	1	2	1	2	1	2	1
plain_desc	825	755	1	3	0	3	0	3	0	3	0	3	0	3	0
plain_desc	540	489	2	2	1	1	0	1	0	1	0	1	0	2	1
plain_desc	1612	1459	3	3	1	3	1	2	0	3	1	3	1	3	1
plain_desc	803	735	1	1	1	1	1	1	1	1	1	1	1	1	1
plain_desc	1593	1441	3	3	1	3	1	0	0	3	1	3	1	3	1
plain_desc	2492	2252	3	3	1	3	1	2	0	3	1	3	1	3	1
plain_desc	1823	1647	0	0	1	0	1	0	1	0	1	0	1	0	1
plain_desc	1421	1288	0	2	0	3	0	3	0	3	0	3	0	2	0
plain_desc	713	650	2	2	1	2	1	1	0	3	0	2	1	2	1
plain_desc	1928	1738	0	0	1	0	1	1	0	0	1	0	1	0	1
plain_desc	1388	1256	1	2	0	2	0	2	0	2	0	2	0	2	0
plain_desc	1709	1545	2	2	1	2	1	2	1	2	1	2	1	2	1
plain_desc	2434	2196	3	3	1	0	0	0	0	0	0	0	0	3	1
plain_desc	784	716	0	0	1	0	1	0	1	0	1	0	1	0	1
plain_desc	546	494	0	0	1	0	1	0	1	0	1	0	1	0	1
plain_desc	420	386	3	0	0	1	0	0	0	2	0	2	0	0	0
plain_desc	1250	1131	3	3	1	0	0	0	0	0	0	0	0	3	1
plain_desc	1620	1466	3	3	1	3	1	3	1	3	1	3	1	3	1
plain_desc	285	264	2	2	1	2	1	1	0	2	1	0	0	2	1
plain_desc	21	22	1	3	0	3	0	1	1	3	0	3	0	3	0
plain_desc	29	29	2	2	1	2	1	2	1	2	1	2	1	2	1
plain_desc	317	295	0	0	1	0	1	1	0	3	0	0	1	0	1
plain_desc	2518	2276	1	1	1	1	1	1	1	1	1	3	0	1	1
plain_desc	2053	1848	2	2	1	3	0	2	1	3	0	3	0	2	1
plain_desc	815	746	3	3	1	3	1	3	1	3	1	3	1	3	1
plain_desc	2473	2233	2	2	1	0	0	1	0	2	1	2	1	2	1
plain_desc	2289	2064	1	1	1	1	1	1	1	1	1	1	1	1	1
plain_desc	53	52	0	0	1	1	0	0	1	0	1	0	1	0	1
plain_desc	1780	1608	3	3	1	1	0	3	1	3	1	2	0	2	0
plain_desc	1781	1608	2	2	1	2	1	2	1	2	1	2	1	2	1
plain_desc	2409	2173	0	0	1	3	0	3	0	0	1	3	0	0	1
plain_desc	321	298	0	2	0	0	1	1	0	0	1	2	0	0	1
plain_desc	320	298	3	3	1	1	0	3	1	3	1	1	0	3	1
plain_desc	2278	2054	0	0	1	2	0	2	0	2	0	2	0	0	1
plain_desc	1795	1620	0	2	0	3	0	1	0	3	0	3	0	3	0
plain_desc	559	505	1	1	1	0	0	2	0	2	0	0	0	1	1
plain_desc	2534	2291	2	1	0	2	1	2	1	2	1	2	1	1	0
plain_desc	525	475	1	1	1	1	1	3	0	1	1	1	1	1	1
plain_desc	505	456	0	0	1	2	0	1	0	0	1	0	1	0	1
plain_desc	1238	1121	1	1	1	1	1	1	1	0	0	0	0	1	1
plain_desc	1327	1199	2	2	1	2	1	2	1	2	1	2	1	2	1
plain_desc	10	11	2	2	1	2	1	2	1	2	1	2	1	2	1
plain_desc	9	11	0	0	1	0	1	0	1	0	1	0	1	0	1
plain_desc	2343	2112	0	3	0	3	0	3	0	3	0	3	0	3	0
plain_desc	2628	2379	1	1	1	0	0	0	0	1	1	0	0	1	1
plain_desc	1427	1293	3	2	0	2	0	2	0	2	0	2	0	2	0
plain_desc	488	442	3	3	1	3	1	3	1	3	1	3	1	3	1
plain_desc	1682	1521	0	2	0	0	1	1	0	2	0	0	1	2	0
plain_desc	1681	1521	2	2	1	3	0	3	0	3	0	3	0	2	1
plain_desc	991	903	3	3	1	0	0	0	0	0	0	0	0	3	1
plain_desc	996	907	2	2	1	2	1	3	0	2	1	2	1	2	1
plain_desc	918	841	0	0	1	0	1	0	1	0	1	0	1	0	1
plain_desc	1451	1316	3	3	1	1	0	2	0	2	0	1	0	3	1
plain_desc	1800	1625	2	2	1	2	1	2	1	2	1	2	1	2	1
plain_desc	2647	2394	3	3	1	2	0	1	0	3	1	3	1	3	1
plain_desc	739	672	2	3	0	1	0	2	1	1	0	1	0	3	0
plain_desc	1835	1657	1	1	1	1	1	1	1	1	1	1	1	1	1
plain_desc	253	233	3	3	1	3	1	1	0	3	1	3	1	3	1
plain_desc	2219	2001	1	1	1	3	0	3	0	1	1	1	1	1	1
plain_desc	2446	2207	0	0	1	0	1	0	1	0	1	0	1	0	1
plain_desc	614	556	0	0	1	3	0	2	0	0	1	0	1	0	1
plain_desc	1493	1354	1	1	1	1	1	1	1	1	1	1	1	1	1
plain_desc	1744	1575	3	3	1	0	0	1	0	3	1	3	1	3	1
plain_desc	289	268	3	3	1	3	1	2	0	3	1	3	1	3	1
plain_desc	216	198	1	1	1	1	1	3	0	1	1	1	1	1	1
plain_desc	1026	933	0	3	0	0	1	0	1	3	0	3	0	0	1
plain_desc	422	388	0	0	1	0	1	0	1	0	1	0	1	0	1
plain_desc	1449	1314	3	1	0	0	0	0	0	0	0	0	0	1	0
plain_desc	413	380	1	1	1	1	1	1	1	1	1	1	1	1	1
plain_desc	1572	1422	3	3	1	2	0	2	0	2	0	2	0	3	1
plain_desc	1223	1109	2	2	1	2	1	2	1	2	1	2	1	2	1
plain_desc	370	341	0	0	1	0	1	0	1	3	0	0	1	0	1
plain_desc	1599	1447	1	1	1	1	1	1	1	1	1	1	1	1	1
plain_desc	1008	919	3	3	1	1	0	2	0	1	0	1	0	1	0
plain_desc	978	891	1	1	1	1	1	1	1	1	1	1	1	1	1
plain_desc	1313	1186	1	1	1	0	0	1	1	1	1	0	0	1	1
plain_desc	2108	1897	3	3	1	3	1	3	1	1	0	1	0	3	1
plain_desc	522	472	1	1	1	1	1	2	0	1	1	1	1	1	1
plain_desc	1854	1674	0	0	1	1	0	0	1	1	0	0	1	0	1
plain_desc	2161	1944	1	1	1	1	1	2	0	1	1	1	1	0	0
plain_desc	1503	1363	0	0	1	0	1	0	1	0	1	0	1	0	1
plain_desc	1704	1540	1	1	1	1	1	3	0	1	1	1	1	1	1
plain_desc	1410	1277	1	1	1	1	1	1	1	1	1	1	1	1	1
plain_desc	1027	934	2	2	1	2	1	2	1	2	1	2	1	2	1
plain_desc	1232	1116	3	3	1	3	1	3	1	3	1	3	1	3	1
plain_desc	1231	1116	2	2	1	2	1	2	1	2	1	2	1	2	1
plain_desc	136	127	3	3	1	3	1	1	0	3	1	3	1	3	1
plain_desc	536	486	3	3	1	0	0	2	0	0	0	0	0	3	1
plain_desc	655	596	0	0	1	2	0	2	0	0	1	0	1	0	1
plain_desc	626	567	2	0	0	0	0	2	1	0	0	0	0	0	0
plain_desc	6	8	0	1	0	1	0	1	0	1	0	1	0	1	0
plain_desc	463	422	1	1	1	1	1	1	1	1	1	2	0	1	1
plain_desc	2593	2345	3	3	1	3	1	2	0	3	1	3	1	3	1
plain_desc	1896	1711	2	2	1	2	1	1	0	2	1	2	1	2	1
plain_desc	1292	1168	0	0	1	2	0	3	0	0	1	0	1	0	1
plain_desc	1173	1065	3	3	1	0	0	2	0	0	0	3	1	3	1
plain_desc	2387	2153	2	3	0	3	0	1	0	3	0	3	0	2	1
plain_desc	648	589	3	3	1	3	1	0	0	3	1	3	1	3	1
plain_desc	172	156	1	1	1	1	1	0	0	3	0	1	1	1	1
plain_desc	1010	921	3	1	0	0	0	3	1	3	1	1	0	1	0
plain_desc	2103	1892	3	2	0	2	0	1	0	1	0	1	0	2	0
plain_desc	1723	1557	2	0	0	0	0	0	0	0	0	0	0	0	0
plain_desc	2302	2076	2	2	1	3	0	3	0	3	0	3	0	2	1
plain_desc	274	253	2	2	1	1	0	2	1	2	1	2	1	2	1
plain_desc	255	235	3	3	1	2	0	1	0	3	1	2	0	3	1
plain_desc	2110	1899	0	0	1	0	1	0	1	0	1	0	1	0	1
plain_desc	2303	2077	3	0	0	2	0	0	0	0	0	0	0	0	0
plain_desc	2633	2383	2	2	1	3	0	3	0	2	1	3	0	2	1
plain_desc	1130	1025	0	0	1	0	1	3	0	0	1	0	1	0	1
plain_desc	1462	1327	3	3	1	3	1	3	1	3	1	3	1	3	1
plain_desc	2245	2025	0	0	1	0	1	0	1	0	1	0	1	0	1
plain_desc	882	807	2	2	1	2	1	2	1	2	1	2	1	2	1
plain_desc	1932	1742	3	3	1	0	0	0	0	0	0	0	0	3	1
plain_desc	1697	1534	3	3	1	0	0	1	0	3	1	3	1	3	1
plain_desc	1147	1041	3	3	1	3	1	1	0	3	1	3	1	3	1
plain_desc	693	631	2	2	1	2	1	0	0	0	0	0	0	2	1
plain_desc	1741	1572	1	1	1	1	1	1	1	1	1	1	1	1	1
plain_desc	1243	1124	1	1	1	1	1	1	1	0	0	0	0	2	0
plain_desc	1740	1572	0	0	1	2	0	2	0	2	0	2	0	0	1
plain_desc	804	736	3	3	1	3	1	1	0	1	0	1	0	3	1
plain_desc	1527	1385	2	2	1	0	0	2	1	2	1	2	1	2	1
plain_desc	889	814	1	1	1	1	1	1	1	1	1	1	1	1	1
plain_desc	1766	1595	3	3	1	3	1	3	1	3	1	1	0	1	0
plain_desc	2112	1901	1	1	1	0	0	0	0	0	0	0	0	1	1
plain_desc	1111	1008	3	3	1	3	1	3	1	3	1	3	1	3	1
plain_desc	1370	1239	2	1	0	1	0	1	0	1	0	2	1	2	1
plain_desc	1507	1366	3	0	0	2	0	0	0	0	0	0	0	0	0
plain_desc	2197	1979	3	3	1	3	1	3	1	3	1	3	1	3	1
plain_desc	1746	1577	1	2	0	1	1	1	1	1	1	1	1	1	1
plain_desc	988	900	2	2	1	0	0	1	0	2	1	2	1	2	1
plain_desc	1089	988	2	2	1	2	1	2	1	2	1	2	1	2	1
plain_desc	1088	988	1	1	1	0	0	1	1	1	1	1	1	1	1
plain_desc	585	528	2	1	0	0	0	2	1	0	0	1	0	1	0
plain_desc	1679	1519	2	2	1	2	1	2	1	2	1	2	1	2	1
plain_desc	350	322	3	3	1	3	1	3	1	3	1	3	1	3	1
plain_desc	2375	2141	3	3	1	0	0	0	0	0	0	0	0	3	1
plain_desc	678	617	3	0	0	0	0	0	0	3	1	0	0	0	0
plain_desc	1542	1398	1	3	0	3	0	1	1	3	0	3	0	3	0
plain_desc	682	621	2	2	1	2	1	2	1	2	1	2	1	2	1
plain_desc	2420	2182	2	2	1	3	0	0	0	2	1	3	0	3	0
plain_desc	744	677	3	3	1	3	1	0	0	3	1	3	1	3	1
plain_desc	2186	1968	1	0	0	0	0	1	1	0	0	0	0	0	0
plain_desc	1131	1026	0	0	1	0	1	3	0	0	1	0	1	0	1
plain_desc	2212	1994	3	3	1	3	1	3	1	3	1	3	1	3	1
plain_desc	644	585	0	0	1	1	0	3	0	1	0	1	0	0	1
plain_desc	1481	1344	0	0	1	0	1	0	1	0	1	0	1	0	1
plain_desc	788	720	3	3	1	0	0	2	0	3	1	3	1	3	1
plain_desc	1802	1627	2	1	0	3	0	2	1	1	0	1	0	1	0
plain_desc	175	159	3	0	0	0	0	0	0	0	0	0	0	0	0
plain_desc	2076	1867	1	1	1	1	1	1	1	1	1	1	1	1	1
plain_desc	1710	1546	3	3	1	3	1	1	0	3	1	3	1	3	1
plain_desc	2592	2344	2	2	1	2	1	2	1	2	1	2	1	2	1
plain_desc	2489	2249	2	2	1	2	1	2	1	2	1	2	1	2	1
plain_desc	2525	2282	2	2	1	2	1	3	0	2	1	2	1	2	1
plain_desc	2565	2319	2	1	0	2	1	2	1	2	1	2	1	2	1
plain_desc	2517	2275	2	2	1	2	1	1	0	2	1	2	1	2	1
plain_desc	606	549	3	3	1	1	0	1	0	3	1	1	0	3	1
plain_desc	73	72	2	2	1	0	0	1	0	2	1	2	1	2	1
plain_desc	1085	985	0	0	1	3	0	3	0	3	0	0	1	0	1
plain_desc	2545	2302	2	2	1	3	0	0	0	2	1	2	1	2	1
plain_desc	823	753	0	0	1	3	0	0	1	0	1	0	1	0	1
plain_desc	645	586	1	1	1	0	0	1	1	0	0	0	0	1	1
plain_desc	1632	1477	2	2	1	2	1	2	1	2	1	2	1	2	1
plain_desc	2261	2038	2	2	1	2	1	2	1	2	1	2	1	2	1
plain_desc	2535	2292	1	1	1	1	1	0	0	1	1	1	1	1	1
plain_desc	1494	1355	1	1	1	1	1	1	1	1	1	1	1	1	1
plain_desc	212	194	2	2	1	0	0	1	0	2	1	2	1	2	1
plain_desc	746	679	2	2	1	2	1	0	0	2	1	2	1	2	1
plain_desc	2401	2166	1	1	1	1	1	1	1	1	1	1	1	1	1
plain_desc	2310	2084	0	0	1	0	1	0	1	0	1	0	1	0	1
plain_desc	1431	1297	2	2	1	1	0	1	0	1	0	1	0	2	1
plain_desc	1459	1324	0	0	1	0	1	2	0	0	1	0	1	0	1
plain_desc	2356	2124	1	1	1	1	1	1	1	1	1	1	1	1	1
plain_desc	730	664	1	1	1	0	0	1	1	1	1	0	0	1	1
plain_desc	2357	2124	0	0	1	0	1	0	1	0	1	0	1	0	1
plain_desc	1274	1152	0	0	1	1	0	1	0	0	1	0	1	0	1
plain_desc	80	79	0	0	1	0	1	0	1	0	1	0	1	0	1
plain_desc	1755	1585	0	2	0	2	0	2	0	2	0	2	0	2	0
plain_desc	102	97	3	3	1	3	1	2	0	3	1	3	1	3	1
plain_desc	2345	2114	0	0	1	0	1	0	1	0	1	0	1	0	1
plain_desc	997	908	0	0	1	0	1	2	0	0	1	0	1	0	1
plain_desc	1627	1472	2	2	1	2	1	0	0	2	1	2	1	2	1
plain_desc	1863	1682	0	0	1	1	0	1	0	0	1	1	0	0	1
plain_desc	1208	1095	2	2	1	2	1	2	1	2	1	2	1	2	1
plain_desc	2589	2341	1	2	0	2	0	3	0	0	0	0	0	2	0
plain_desc	1078	979	1	1	1	3	0	1	1	1	1	1	1	3	0
plain_desc	1703	1539	0	0	1	0	1	1	0	0	1	0	1	0	1
plain_desc	1952	1761	3	3	1	3	1	3	1	3	1	3	1	3	1
plain_desc	2136	1924	1	1	1	1	1	3	0	1	1	1	1	1	1
plain_desc	2246	2026	0	3	0	3	0	0	1	3	0	3	0	3	0
plain_desc	1225	1111	1	1	1	1	1	1	1	1	1	1	1	1	1
plain_desc	2609	2361	2	2	1	3	0	2	1	2	1	2	1	2	1
plain_desc	1526	1384	2	0	0	0	0	0	0	0	0	0	0	0	0
plain_desc	2180	1963	2	2	1	2	1	1	0	2	1	2	1	2	1
plain_desc	208	190	3	3	1	3	1	3	1	3	1	3	1	3	1
plain_desc	1193	1083	2	2	1	2	1	2	1	2	1	2	1	2	1
plain_desc	896	820	2	2	1	3	0	3	0	2	1	2	1	2	1
plain_desc	572	516	2	2	1	3	0	2	1	2	1	2	1	2	1
plain_desc	571	516	1	1	1	0	0	2	0	1	1	1	1	1	1
plain_desc	500	451	3	3	1	3	1	3	1	3	1	3	1	3	1
plain_desc	209	191	1	1	1	1	1	1	1	1	1	1	1	1	1
plain_desc	1239	1122	3	1	0	1	0	3	1	1	0	1	0	1	0
plain_desc	1240	1122	3	0	0	3	1	0	0	0	0	3	1	0	0
plain_desc	352	324	3	3	1	3	1	3	1	3	1	3	1	3	1
plain_desc	1680	1520	3	3	1	3	1	2	0	3	1	3	1	3	1
plain_desc	1056	958	1	1	1	1	1	1	1	1	1	1	1	1	1
plain_desc	1456	1321	1	1	1	1	1	3	0	1	1	1	1	1	1
plain_desc	483	438	0	0	1	0	1	3	0	0	1	0	1	0	1
plain_desc	244	224	0	0	1	3	0	1	0	3	0	3	0	2	0
plain_desc	548	496	1	1	1	1	1	1	1	3	0	1	1	1	1
plain_desc	1669	1510	2	2	1	2	1	2	1	2	1	2	1	2	1
plain_desc	2170	1953	2	0	0	0	0	2	1	0	0	0	0	0	0
plain_desc	1583	1432	2	2	1	2	1	2	1	2	1	2	1	2	1
plain_desc	1905	1719	3	3	1	3	1	2	0	3	1	3	1	3	1
plain_desc	1544	1400	2	2	1	2	1	2	1	2	1	2	1	2	1
plain_desc	1843	1664	2	2	1	2	1	2	1	2	1	2	1	2	1
plain_desc	1471	1335	0	0	1	0	1	0	1	0	1	0	1	0	1
plain_desc	2390	2156	2	2	1	1	0	3	0	3	0	3	0	2	1
plain_desc	1135	1030	1	1	1	1	1	2	0	2	0	1	1	1	1
plain_desc	1953	1762	0	1	0	1	0	1	0	1	0	1	0	1	0
plain_desc	1387	1255	2	2	1	2	1	3	0	2	1	2	1	2	1
plain_desc	759	692	0	0	1	0	1	1	0	1	0	1	0	0	1
plain_desc	637	578	0	1	0	0	1	3	0	3	0	1	0	3	0
plain_desc	871	796	1	2	0	2	0	1	1	1	1	1	1	2	0
plain_desc	139	130	1	1	1	3	0	1	1	1	1	1	1	1	1
plain_desc	224	206	0	0	1	2	0	0	1	1	0	2	0	0	1
plain_desc	1287	1163	0	0	1	0	1	0	1	0	1	0	1	0	1
plain_desc	686	625	0	0	1	0	1	2	0	0	1	0	1	0	1
plain_desc	339	311	3	3	1	3	1	3	1	3	1	3	1	3	1
plain_desc	478	433	3	1	0	1	0	1	0	1	0	1	0	1	0
plain_desc	1826	1650	3	3	1	1	0	1	0	3	1	3	1	3	1
plain_desc	879	804	0	0	1	1	0	0	1	1	0	1	0	0	1
plain_desc	630	571	0	0	1	2	0	3	0	0	1	0	1	0	1
plain_desc	1068	969	0	0	1	0	1	2	0	2	0	2	0	0	1
plain_desc	31	31	3	3	1	3	1	3	1	3	1	3	1	3	1
plain_desc	547	495	3	3	1	3	1	3	1	2	0	3	1	3	1
plain_desc	1830	1654	1	1	1	1	1	1	1	1	1	2	0	1	1
plain_desc	2398	2163	2	3	0	3	0	3	0	3	0	3	0	3	0
plain_desc	1651	1493	3	3	1	3	1	3	1	3	1	3	1	3	1
plain_desc	1483	1346	1	0	0	0	0	0	0	0	0	0	0	0	0
plain_desc	1484	1346	3	3	1	1	0	2	0	3	1	3	1	3	1
plain_desc	1772	1601	0	0	1	1	0	2	0	0	1	0	1	0	1
plain_desc	698	635	3	3	1	3	1	2	0	3	1	3	1	3	1
plain_desc	2549	2306	1	2	0	1	1	1	1	0	0	0	0	0	0
plain_desc	1289	1165	3	1	0	1	0	1	0	1	0	1	0	1	0
plain_desc	1773	1602	1	1	1	1	1	1	1	1	1	1	1	1	1
plain_desc	2504	2263	1	2	0	1	1	2	0	2	0	1	1	2	0
plain_desc	2578	2330	0	0	1	0	1	0	1	0	1	0	1	0	1
plain_desc	506	457	0	0	1	0	1	0	1	0	1	3	0	0	1
plain_desc	1678	1518	1	1	1	3	0	0	0	1	1	1	1	1	1
plain_desc	837	764	2	2	1	2	1	1	0	2	1	1	0	2	1
plain_desc	1659	1501	0	0	1	0	1	3	0	0	1	0	1	0	1
plain_desc	2220	2002	1	1	1	1	1	2	0	0	0	1	1	1	1
plain_desc	763	696	3	3	1	3	1	3	1	3	1	1	0	3	1
plain_desc	1126	1021	2	2	1	1	0	3	0	2	1	3	0	2	1
plain_desc	185	168	3	3	1	3	1	1	0	3	1	3	1	3	1
plain_desc	186	168	0	0	1	0	1	1	0	0	1	0	1	0	1
plain_desc	1203	1092	0	0	1	0	1	0	1	0	1	0	1	0	1
plain_desc	1635	1480	3	3	1	3	1	3	1	3	1	3	1	3	1
plain_desc	2332	2104	3	3	1	3	1	3	1	3	1	3	1	3	1
plain_desc	106	101	1	1	1	0	0	2	0	2	0	0	0	1	1
plain_desc	1046	949	2	2	1	2	1	2	1	2	1	2	1	2	1
plain_desc	48	48	3	3	1	3	1	0	0	3	1	3	1	3	1
plain_desc	2393	2159	1	1	1	1	1	1	1	1	1	1	1	1	1
plain_desc	442	406	0	0	1	0	1	1	0	0	1	0	1	0	1
plain_desc	191	173	3	3	1	3	1	0	0	3	1	3	1	3	1
plain_desc	164	150	0	0	1	0	1	3	0	3	0	3	0	0	1
plain_desc	808	739	0	0	1	2	0	1	0	2	0	2	0	0	1
plain_desc	1770	1599	0	0	1	0	1	0	1	0	1	0	1	0	1
plain_desc	1115	1012	0	0	1	0	1	0	1	0	1	0	1	0	1
plain_desc	1944	1754	3	0	0	1	0	0	0	1	0	1	0	1	0
plain_desc	1286	1162	0	0	1	0	1	0	1	0	1	0	1	0	1
plain_desc	1869	1686	2	1	0	1	0	1	0	3	0	1	0	1	0
plain_desc	1023	930	2	2	1	2	1	2	1	2	1	2	1	2	1
plain_desc	712	649	0	0	1	2	0	0	1	0	1	0	1	0	1
plain_desc	2624	2376	2	2	1	0	0	0	0	0	0	0	0	2	1
plain_desc	1548	1404	0	0	1	1	0	3	0	0	1	0	1	0	1
plain_desc	2046	1842	0	0	1	1	0	0	1	1	0	0	1	0	1
plain_desc	2042	1839	0	3	0	3	0	0	1	3	0	3	0	3	0
plain_desc	251	231	2	2	1	2	1	2	1	2	1	2	1	2	1
plain_desc	150	138	2	2	1	3	0	1	0	3	0	3	0	2	1
plain_desc	757	690	1	2	0	0	0	0	0	2	0	1	1	0	0
plain_desc	2315	2089	2	1	0	0	0	3	0	0	0	0	0	0	0
plain_desc	1161	1053	0	3	0	1	0	3	0	3	0	3	0	3	0
plain_desc	47	47	1	1	1	1	1	1	1	1	1	1	1	1	1
plain_desc	2118	1907	0	0	1	0	1	1	0	0	1	0	1	0	1
plain_desc	740	673	2	2	1	0	0	0	0	2	1	0	0	2	1
plain_desc	2293	2068	3	3	1	3	1	3	1	0	0	3	1	3	1
plain_desc	1332	1204	3	3	1	3	1	1	0	3	1	3	1	3	1
plain_desc	928	849	2	2	1	2	1	2	1	2	1	2	1	2	1
plain_desc	1870	1687	0	0	1	1	0	3	0	3	0	3	0	1	0
plain_desc	295	274	3	3	1	2	0	3	1	3	1	3	1	3	1
plain_desc	2531	2288	3	3	1	3	1	0	0	3	1	3	1	3	1
plain_desc	1059	960	3	3	1	3	1	0	0	3	1	2	0	3	1
plain_desc	1997	1801	0	0	1	0	1	0	1	0	1	0	1	0	1
plain_desc	1576	1425	0	0	1	0	1	0	1	0	1	0	1	0	1
plain_desc	474	430	2	2	1	0	0	1	0	1	0	1	0	2	1
plain_desc	1962	1770	0	0	1	0	1	2	0	0	1	0	1	0	1
plain_desc	1071	972	0	0	1	0	1	2	0	0	1	0	1	0	1
plain_desc	2532	2289	1	1	1	1	1	2	0	1	1	0	0	1	1
plain_desc	2404	2168	0	0	1	0	1	2	0	0	1	0	1	0	1
plain_desc	1595	1443	2	2	1	3	0	3	0	2	1	2	1	2	1
plain_desc	2268	2044	1	1	1	1	1	1	1	1	1	1	1	1	1
plain_desc	1879	1696	1	1	1	0	0	0	0	1	1	1	1	1	1
plain_desc	1178	1070	0	2	0	1	0	2	0	0	1	0	1	2	0
plain_desc	1412	1279	3	3	1	1	0	0	0	3	1	3	1	3	1
plain_desc	1346	1216	1	3	0	1	1	1	1	1	1	3	0	3	0
plain_desc	511	461	3	3	1	3	1	3	1	3	1	3	1	3	1
plain_desc	1006	917	1	0	0	0	0	0	0	0	0	0	0	0	0
plain_desc	1197	1086	3	3	1	3	1	3	1	3	1	3	1	3	1
plain_desc	2275	2051	3	3	1	3	1	3	1	3	1	3	1	3	1
plain_desc	2205	1987	0	0	1	1	0	1	0	1	0	1	0	0	1
plain_desc	1768	1597	1	1	1	1	1	2	0	1	1	0	0	1	1
plain_desc	578	522	2	2	1	3	0	2	1	2	1	2	1	2	1
plain_desc	1606	1454	0	0	1	0	1	0	1	0	1	0	1	0	1
plain_desc	2648	2395	0	0	1	1	0	0	1	3	0	0	1	0	1
plain_desc	2120	1909	2	2	1	3	0	1	0	2	1	2	1	2	1
plain_desc	1262	1140	0	2	0	2	0	0	1	0	1	0	1	2	0
plain_desc	1261	1140	2	2	1	2	1	2	1	2	1	2	1	2	1
plain_desc	241	222	3	3	1	2	0	3	1	3	1	3	1	3	1
plain_desc	358	329	2	3	0	1	0	2	1	3	0	3	0	3	0
plain_desc	357	329	2	2	1	2	1	2	1	2	1	2	1	2	1
plain_desc	635	576	2	2	1	0	0	1	0	2	1	2	1	2	1
plain_desc	526	476	1	1	1	3	0	3	0	1	1	1	1	1	1
plain_desc	74	73	0	0	1	0	1	0	1	0	1	0	1	0	1
plain_desc	476	432	2	2	1	2	1	2	1	2	1	2	1	2	1
plain_desc	98	95	1	1	1	1	1	1	1	1	1	1	1	1	1
plain_desc	2287	2062	2	2	1	2	1	2	1	2	1	2	1	2	1
plain_desc	2428	2190	1	1	1	0	0	0	0	0	0	0	0	0	0
plain_desc	316	294	3	3	1	1	0	1	0	3	1	1	0	3	1
plain_desc	2229	2009	1	3	0	0	0	0	0	3	0	3	0	3	0
plain_desc	2569	2323	3	3	1	3	1	3	1	3	1	3	1	3	1
plain_desc	1038	943	3	3	1	3	1	0	0	1	0	3	1	3	1
plain_desc	1957	1766	1	2	0	2	0	2	0	2	0	2	0	2	0
plain_desc	2430	2192	1	3	0	1	1	3	0	3	0	3	0	1	1
plain_desc	1551	1407	2	2	1	0	0	0	0	3	0	0	0	2	1
plain_desc	472	429	1	1	1	0	0	2	0	2	0	0	0	1	1
plain_desc	473	429	0	3	0	3	0	2	0	3	0	3	0	3	0
plain_desc	2447	2208	0	0	1	0	1	1	0	0	1	0	1	0	1
plain_desc	2195	1977	1	1	1	0	0	0	0	1	1	0	0	1	1
plain_desc	491	445	1	1	1	1	1	0	0	1	1	1	1	1	1
plain_desc	1594	1442	0	0	1	0	1	3	0	0	1	0	1	0	1
plain_desc	7	9	3	3	1	3	1	3	1	3	1	3	1	3	1
plain_desc	42	42	0	0	1	1	0	3	0	1	0	1	0	0	1
plain_desc	593	536	0	0	1	1	0	1	0	1	0	1	0	0	1
plain_desc	2101	1890	1	1	1	1	1	1	1	1	1	1	1	1	1
plain_desc	346	318	3	1	0	1	0	1	0	1	0	1	0	1	0
plain_desc	1603	1451	3	2	0	2	0	2	0	2	0	2	0	2	0
plain_desc	2619	2371	0	3	0	3	0	3	0	3	0	3	0	3	0
plain_desc	1083	983	2	2	1	0	0	3	0	3	0	3	0	2	1
plain_desc	1692	1530	0	0	1	0	1	0	1	0	1	0	1	0	1
plain_desc	52	51	0	2	0	1	0	1	0	2	0	2	0	2	0
plain_desc	1801	1626	3	3	1	3	1	3	1	3	1	3	1	3	1
plain_desc	533	483	2	2	1	3	0	0	0	2	1	2	1	2	1
plain_desc	845	772	2	1	0	3	0	3	0	3	0	3	0	1	0
plain_desc	674	613	1	2	0	2	0	1	1	2	0	2	0	1	1
plain_desc	582	525	1	1	1	1	1	1	1	1	1	1	1	1	1
plain_desc	1125	1020	0	2	0	2	0	2	0	2	0	2	0	0	1
plain_desc	393	362	1	1	1	1	1	1	1	1	1	1	1	1	1
plain_desc	1480	1343	1	1	1	0	0	0	0	0	0	0	0	1	1
plain_desc	1690	1528	1	1	1	1	1	0	0	1	1	1	1	1	1
plain_desc	1689	1528	0	0	1	3	0	3	0	3	0	3	0	0	1
plain_desc	377	347	3	1	0	0	0	2	0	0	0	0	0	2	0
plain_desc	252	232	1	1	1	0	0	1	1	0	0	0	0	1	1
plain_desc	1708	1544	1	1	1	1	1	1	1	1	1	1	1	1	1
plain_desc	701	638	0	1	0	0	1	1	0	1	0	1	0	1	0
plain_desc	836	763	2	2	1	2	1	2	1	2	1	2	1	2	1
plain_desc	563	509	0	3	0	1	0	3	0	1	0	1	0	3	0
plain_desc	2	4	0	2	0	2	0	0	1	2	0	2	0	2	0
plain_desc	785	717	1	1	1	0	0	1	1	2	0	3	0	1	1
plain_desc	1968	1776	1	0	0	3	0	3	0	0	0	0	0	0	0
plain_desc	1584	1433	3	3	1	3	1	3	1	3	1	3	1	3	1
plain_desc	1924	1735	2	2	1	2	1	1	0	1	0	2	1	2	1
plain_desc	2494	2254	3	3	1	3	1	2	0	3	1	3	1	3	1
plain_desc	204	186	0	0	1	3	0	0	1	0	1	0	1	0	1
plain_desc	2241	2021	0	3	0	0	1	0	1	0	1	0	1	3	0
plain_desc	544	492	1	2	0	3	0	2	0	2	0	2	0	2	0
plain_desc	1673	1514	3	3	1	3	1	0	0	3	1	3	1	3	1
plain_desc	2013	1814	1	1	1	1	1	1	1	1	1	1	1	1	1
plain_desc	2059	1853	3	3	1	3	1	3	1	3	1	3	1	3	1
plain_desc	691	629	3	3	1	3	1	3	1	0	0	3	1	3	1
plain_desc	1810	1635	2	2	1	0	0	0	0	0	0	0	0	2	1
plain_desc	2472	2232	2	2	1	3	0	2	1	2	1	3	0	2	1
plain_desc	881	806	2	2	1	3	0	3	0	3	0	2	1	2	1
plain_desc	1095	993	3	3	1	3	1	3	1	3	1	3	1	3	1
plain_desc	2352	2120	1	3	0	3	0	3	0	3	0	3	0	3	0
plain_desc	1695	1532	1	1	1	1	1	3	0	1	1	1	1	1	1
plain_desc	2386	2152	3	3	1	3	1	3	1	3	1	3	1	3	1
plain_desc	1510	1369	2	0	0	2	1	1	0	2	1	2	1	0	0
plain_desc	1363	1232	1	1	1	1	1	1	1	1	1	1	1	1	1
plain_desc	1881	1698	0	0	1	0	1	0	1	0	1	0	1	3	0
plain_desc	2201	1983	3	3	1	3	1	1	0	3	1	3	1	3	1
plain_desc	112	107	1	1	1	1	1	3	0	1	1	1	1	1	1
plain_desc	2113	1902	0	1	0	2	0	2	0	2	0	0	1	1	0
plain_desc	453	416	3	3	1	0	0	0	0	3	1	3	1	3	1
plain_desc	43	43	3	3	1	3	1	2	0	3	1	3	1	3	1
plain_desc	232	214	0	0	1	0	1	1	0	0	1	0	1	0	1
plain_desc	1622	1468	3	3	1	3	1	3	1	3	1	3	1	3	1
plain_desc	538	487	3	3	1	3	1	2	0	3	1	3	1	3	1
plain_desc	847	774	3	3	1	2	0	1	0	3	1	3	1	3	1
plain_desc	2560	2314	3	3	1	0	0	3	1	3	1	0	0	3	1
plain_desc	1986	1791	1	1	1	1	1	1	1	1	1	1	1	1	1
plain_desc	1752	1582	3	3	1	1	0	1	0	3	1	3	1	3	1
plain_desc	1751	1582	0	3	0	3	0	3	0	3	0	3	0	3	0
plain_desc	612	555	1	1	1	1	1	3	0	1	1	3	0	1	1
plain_desc	1214	1101	1	1	1	1	1	1	1	1	1	2	0	1	1
plain_desc	280	259	1	1	1	0	0	3	0	0	0	0	0	1	1
plain_desc	178	162	0	0	1	0	1	0	1	0	1	0	1	0	1
plain_desc	502	453	1	1	1	2	0	2	0	1	1	1	1	1	1
plain_desc	2262	2039	1	1	1	1	1	3	0	1	1	3	0	1	1
plain_desc	2424	2186	3	3	1	3	1	3	1	3	1	3	1	3	1
plain_desc	202	184	1	1	1	1	1	1	1	1	1	1	1	1	1
plain_desc	154	141	1	1	1	2	0	2	0	2	0	2	0	1	1
plain_desc	1465	1330	3	3	1	3	1	1	0	3	1	3	1	3	1
plain_desc	2263	2040	3	3	1	3	1	2	0	3	1	3	1	3	1
plain_desc	167	152	3	3	1	3	1	3	1	3	1	3	1	3	1
plain_desc	1943	1753	3	3	1	3	1	3	1	3	1	3	1	3	1
plain_desc	1176	1068	1	1	1	0	0	0	0	0	0	0	0	1	1
plain_desc	2617	2369	0	0	1	0	1	1	0	0	1	0	1	0	1
plain_desc	1198	1087	1	1	1	0	0	0	0	1	1	1	1	1	1
plain_desc	118	113	2	2	1	2	1	2	1	2	1	2	1	3	0
plain_desc	830	759	2	2	1	2	1	3	0	3	0	3	0	2	1
plain_desc	88	85	3	3	1	3	1	3	1	3	1	3	1	3	1
plain_desc	619	560	2	2	1	3	0	2	1	3	0	3	0	3	0
plain_desc	1908	1722	3	3	1	3	1	0	0	0	0	0	0	3	1
plain_desc	1656	1498	1	3	0	3	0	3	0	3	0	3	0	3	0
plain_desc	498	449	2	2	1	2	1	2	1	2	1	2	1	2	1
plain_desc	1890	1705	1	2	0	1	1	0	0	1	1	2	0	1	1
plain_desc	1889	1705	1	0	0	2	0	2	0	0	0	2	0	0	0
plain_desc	1783	1610	2	2	1	0	0	0	0	2	1	2	1	2	1
plain_desc	1076	977	0	0	1	0	1	0	1	0	1	0	1	0	1
plain_desc	434	399	0	3	0	3	0	1	0	3	0	3	0	3	0
plain_desc	1558	1412	0	0	1	3	0	3	0	3	0	3	0	3	0
plain_desc	953	872	2	2	1	2	1	2	1	3	0	3	0	2	1
plain_desc	955	872	1	1	1	1	1	1	1	1	1	1	1	1	1
plain_desc	1654	1496	0	0	1	0	1	0	1	0	1	0	1	0	1
plain_desc	121	115	3	1	0	0	0	3	1	3	1	0	0	1	0
plain_desc	1885	1702	1	1	1	1	1	1	1	1	1	1	1	1	1
plain_desc	851	778	3	3	1	2	0	3	1	3	1	3	1	3	1
plain_desc	951	870	0	3	0	3	0	0	1	3	0	3	0	3	0
plain_desc	1743	1574	0	0	1	1	0	1	0	1	0	1	0	0	1
plain_desc	40	40	2	2	1	2	1	3	0	2	1	2	1	2	1
plain_desc	1051	953	1	1	1	1	1	1	1	1	1	1	1	1	1
plain_desc	353	325	2	2	1	1	0	2	1	1	0	1	0	1	0
plain_desc	1047	950	2	2	1	1	0	0	0	1	0	2	1	2	1
plain_desc	661	602	0	0	1	0	1	0	1	0	1	0	1	0	1
plain_desc	92	89	3	1	0	3	1	0	0	3	1	3	1	3	1
plain_desc	2200	1982	3	3	1	1	0	1	0	1	0	1	0	3	1
plain_desc	1925	1736	0	0	1	0	1	2	0	0	1	0	1	0	1
plain_desc	805	737	3	3	1	0	0	0	0	3	1	3	1	3	1
plain_desc	1547	1403	1	1	1	1	1	0	0	0	0	1	1	3	0
plain_desc	2252	2031	3	3	1	3	1	3	1	3	1	3	1	3	1
plain_desc	2253	2031	0	0	1	0	1	0	1	0	1	0	1	0	1
plain_desc	646	587	2	2	1	3	0	3	0	3	0	3	0	2	1
plain_desc	1116	1013	3	3	1	3	1	3	1	3	1	3	1	3	1
plain_desc	1117	1013	1	1	1	1	1	1	1	1	1	1	1	1	1
plain_desc	1585	1434	3	0	0	0	0	0	0	0	0	0	0	0	0
plain_desc	2083	1874	2	2	1	1	0	1	0	1	0	2	1	2	1
plain_desc	877	802	3	3	1	0	0	0	0	0	0	3	1	3	1
plain_desc	1793	1618	1	1	1	2	0	2	0	1	1	1	1	1	1
plain_desc	211	193	1	0	0	0	0	1	1	0	0	0	0	0	0
plain_desc	362	333	0	0	1	2	0	2	0	0	1	0	1	0	1
plain_desc	995	906	2	2	1	2	1	1	0	0	0	1	0	2	1
plain_desc	621	562	3	3	1	3	1	2	0	3	1	3	1	3	1
plain_desc	2335	2106	1	1	1	1	1	3	0	1	1	1	1	1	1
plain_desc	1910	1724	2	2	1	2	1	3	0	2	1	2	1	2	1
plain_desc	1911	1724	1	1	1	0	0	1	1	1	1	0	0	1	1
plain_desc	407	375	0	0	1	0	1	3	0	0	1	0	1	0	1
plain_desc	826	756	3	0	0	2	0	3	1	0	0	0	0	0	0
plain_desc	760	693	1	1	1	0	0	2	0	1	1	1	1	1	1
plain_desc	1626	1471	0	3	0	3	0	1	0	3	0	3	0	3	0
plain_desc	1811	1636	0	2	0	1	0	2	0	2	0	2	0	2	0
plain_desc	1874	1691	3	3	1	3	1	3	1	0	0	0	0	3	1
plain_desc	114	109	0	0	1	0	1	2	0	0	1	0	1	0	1
plain_desc	1604	1452	1	1	1	3	0	1	1	3	0	1	1	1	1
plain_desc	2175	1958	2	2	1	2	1	2	1	2	1	2	1	2	1
plain_desc	2652	2399	2	2	1	1	0	1	0	0	0	1	0	2	1
plain_desc	2228	2008	1	1	1	2	0	0	0	1	1	1	1	3	0
plain_desc	717	653	3	3	1	3	1	2	0	3	1	1	0	3	1
plain_desc	568	513	2	2	1	2	1	2	1	2	1	2	1	2	1
plain_desc	307	286	2	2	1	0	0	0	0	2	1	2	1	2	1
plain_desc	308	286	3	3	1	3	1	3	1	3	1	3	1	3	1
plain_desc	1181	1073	0	1	0	0	1	0	1	0	1	0	1	0	1
plain_desc	1555	1409	1	1	1	1	1	1	1	1	1	1	1	1	1
plain_desc	1252	1133	0	0	1	0	1	2	0	0	1	2	0	0	1
plain_desc	310	288	3	3	1	3	1	2	0	3	1	3	1	3	1
plain_desc	2339	2109	1	0	0	3	0	0	0	3	0	0	0	2	0
plain_desc	1389	1257	3	3	1	3	1	3	1	3	1	3	1	3	1
plain_desc	797	729	3	3	1	2	0	2	0	0	0	3	1	3	1
plain_desc	2562	2316	3	3	1	0	0	0	0	1	0	1	0	3	1
plain_desc	1734	1567	1	1	1	1	1	1	1	1	1	3	0	1	1
plain_desc	824	754	0	1	0	0	1	0	1	1	0	1	0	0	1
plain_desc	1418	1285	0	0	1	0	1	0	1	0	1	0	1	0	1
plain_desc	104	99	0	0	1	0	1	3	0	0	1	0	1	0	1
plain_desc	2078	1869	3	0	0	3	1	0	0	0	0	0	0	0	0
plain_desc	1963	1771	2	2	1	2	1	2	1	2	1	2	1	2	1
plain_desc	1532	1390	1	1	1	0	0	1	1	1	1	1	1	1	1
plain_desc	1899	1714	2	2	1	0	0	1	0	2	1	2	1	2	1
plain_desc	375	345	1	1	1	1	1	2	0	1	1	1	1	1	1
plain_desc	1754	1584	2	2	1	3	0	3	0	2	1	2	1	2	1
plain_desc	1916	1727	0	0	1	0	1	0	1	0	1	0	1	0	1
plain_desc	1550	1406	1	1	1	1	1	2	0	1	1	1	1	1	1
plain_desc	342	314	3	0	0	3	1	3	1	3	1	3	1	1	0
plain_desc	156	143	2	2	1	2	1	2	1	2	1	2	1	2	1
plain_desc	916	839	1	1	1	1	1	1	1	1	1	1	1	1	1
plain_desc	2507	2266	2	2	1	2	1	0	0	2	1	2	1	2	1
plain_desc	2460	2220	0	0	1	0	1	0	1	0	1	0	1	0	1
plain_desc	1180	1072	0	2	0	0	1	0	1	0	1	0	1	2	0
plain_desc	566	512	3	3	1	0	0	1	0	3	1	3	1	3	1
plain_desc	1396	1264	1	1	1	1	1	1	1	1	1	1	1	1	1
plain_desc	1726	1560	3	3	1	3	1	3	1	3	1	3	1	3	1
plain_desc	1993	1797	2	3	0	2	1	0	0	2	1	2	1	3	0
plain_desc	1614	1461	2	3	0	3	0	3	0	0	0	3	0	3	0
plain_desc	430	395	1	1	1	2	0	2	0	1	1	1	1	1	1
plain_desc	2034	1832	0	0	1	0	1	3	0	0	1	0	1	0	1
plain_desc	2075	1866	0	2	0	0	1	0	1	0	1	0	1	2	0
plain_desc	519	469	3	3	1	3	1	3	1	3	1	3	1	3	1
plain_desc	1218	1105	1	1	1	1	1	0	0	1	1	1	1	1	1
plain_desc	2425	2187	1	1	1	0	0	1	1	0	0	0	0	1	1
plain_desc	653	594	0	0	1	0	1	1	0	0	1	0	1	0	1
plain_desc	705	642	0	0	1	0	1	0	1	0	1	0	1	0	1
plain_desc	2540	2297	2	2	1	0	0	2	1	0	0	2	1	2	1
plain_desc	1586	1435	1	1	1	1	1	2	0	1	1	1	1	1	1
plain_desc	1587	1435	1	1	1	1	1	1	1	1	1	1	1	1	1
plain_desc	2298	2072	1	2	0	0	0	1	1	3	0	2	0	2	0
plain_desc	1429	1295	2	2	1	2	1	2	1	2	1	2	1	2	1
plain_desc	444	408	0	0	1	0	1	0	1	0	1	0	1	0	1
plain_desc	2010	1811	1	1	1	1	1	1	1	1	1	1	1	1	1
plain_desc	2009	1811	2	2	1	2	1	2	1	2	1	2	1	2	1
plain_desc	864	790	1	1	1	1	1	1	1	1	1	1	1	1	1
plain_desc	433	398	1	1	1	2	0	2	0	2	0	2	0	1	1
plain_desc	1538	1395	1	1	1	1	1	1	1	1	1	1	1	1	1
plain_desc	1438	1303	3	3	1	3	1	3	1	3	1	0	0	3	1
plain_desc	2399	2164	2	0	0	0	0	3	0	1	0	3	0	2	1
plain_desc	659	600	2	2	1	2	1	2	1	2	1	2	1	2	1
plain_desc	2591	2343	2	2	1	2	1	2	1	2	1	2	1	2	1
plain_desc	1445	1310	2	2	1	2	1	2	1	2	1	2	1	2	1
plain_desc	1954	1763	3	3	1	3	1	3	1	3	1	3	1	1	0
plain_desc	735	668	3	3	1	0	0	0	0	3	1	3	1	3	1
plain_desc	734	668	3	3	1	1	0	3	1	3	1	3	1	3	1
plain_desc	93	90	3	3	1	3	1	2	0	3	1	1	0	3	1
plain_desc	257	237	2	2	1	2	1	2	1	2	1	2	1	2	1
plain_desc	2611	2363	1	1	1	0	0	3	0	1	1	1	1	1	1
plain_desc	2583	2335	0	0	1	0	1	2	0	0	1	1	0	0	1
plain_desc	466	424	2	2	1	2	1	2	1	2	1	2	1	2	1
plain_desc	2324	2097	3	3	1	3	1	1	0	3	1	3	1	3	1
plain_desc	1927	1737	0	2	0	0	1	0	1	2	0	2	0	2	0
plain_desc	1341	1212	2	2	1	3	0	3	0	3	0	3	0	2	1
plain_desc	1064	965	0	0	1	3	0	3	0	2	0	2	0	2	0
plain_desc	657	598	2	0	0	0	0	3	0	0	0	0	0	2	1
plain_desc	2574	2327	3	2	0	2	0	3	1	3	1	2	0	2	0
plain_desc	1971	1779	0	0	1	0	1	0	1	0	1	0	1	0	1
plain_desc	831	760	3	3	1	3	1	3	1	3	1	3	1	3	1
plain_desc	832	760	3	3	1	3	1	1	0	3	1	0	0	3	1
plain_desc	269	248	1	1	1	1	1	1	1	1	1	1	1	1	1
plain_desc	893	818	3	3	1	3	1	3	1	3	1	3	1	3	1
plain_desc	449	412	3	3	1	0	0	1	0	3	1	3	1	3	1
plain_desc	764	697	3	3	1	3	1	3	1	3	1	3	1	3	1
plain_desc	963	878	2	2	1	2	1	2	1	2	1	2	1	2	1
plain_desc	531	481	2	1	0	2	1	3	0	2	1	3	0	3	0
plain_desc	774	706	0	0	1	0	1	0	1	0	1	0	1	0	1
plain_desc	2019	1820	3	3	1	1	0	3	1	0	0	1	0	3	1
plain_desc	1229	1114	3	3	1	1	0	2	0	3	1	3	1	3	1
plain_desc	1316	1189	2	2	1	2	1	2	1	2	1	2	1	2	1
plain_desc	2514	2272	0	1	0	1	0	0	1	1	0	1	0	0	1
plain_desc	35	35	2	2	1	1	0	1	0	2	1	2	1	2	1
plain_desc	1938	1748	0	3	0	3	0	3	0	3	0	3	0	3	0
plain_desc	829	758	1	1	1	1	1	1	1	1	1	1	1	1	1
plain_desc	828	758	1	1	1	1	1	1	1	1	1	1	1	1	1
plain_desc	105	100	1	0	0	2	0	1	1	0	0	0	0	0	0
plain_desc	638	579	2	2	1	1	0	2	1	2	1	3	0	2	1
plain_desc	974	887	1	1	1	0	0	0	0	0	0	1	1	2	0
plain_desc	1973	1781	1	1	1	1	1	0	0	1	1	1	1	1	1
plain_desc	2127	1915	2	2	1	2	1	2	1	2	1	2	1	2	1
plain_desc	137	128	1	1	1	0	0	0	0	0	0	1	1	1	1
plain_desc	1787	1613	1	1	1	1	1	1	1	1	1	1	1	1	1
plain_desc	1786	1613	0	2	0	2	0	2	0	2	0	2	0	2	0
plain_desc	1871	1688	1	1	1	0	0	1	1	1	1	1	1	1	1
plain_desc	328	303	0	0	1	0	1	1	0	0	1	2	0	0	1
plain_desc	329	303	1	1	1	3	0	3	0	2	0	2	0	1	1
plain_desc	905	828	2	3	0	0	0	2	1	3	0	3	0	3	0
plain_desc	1281	1158	3	3	1	3	1	2	0	3	1	3	1	3	1
plain_desc	844	771	3	3	1	3	1	3	1	3	1	3	1	3	1
plain_desc	192	174	3	3	1	3	1	1	0	0	0	0	0	3	1
plain_desc	570	515	3	3	1	2	0	2	0	2	0	2	0	1	0
plain_desc	1428	1294	3	3	1	3	1	3	1	3	1	3	1	3	1
plain_desc	2073	1864	3	3	1	3	1	2	0	1	0	2	0	3	1
plain_desc	762	695	0	0	1	3	0	3	0	0	1	1	0	0	1
plain_desc	1230	1115	1	1	1	1	1	1	1	1	1	3	0	3	0
plain_desc	1611	1458	3	3	1	3	1	0	0	3	1	3	1	3	1
plain_desc	1282	1159	3	3	1	0	0	0	0	0	0	0	0	3	1
plain_desc	747	680	1	2	0	2	0	2	0	2	0	2	0	2	0
plain_desc	2168	1951	0	0	1	3	0	3	0	3	0	3	0	3	0
plain_desc	1164	1056	2	2	1	3	0	1	0	2	1	2	1	2	1
plain_desc	1859	1679	3	0	0	0	0	0	0	0	0	0	0	3	1
plain_desc	1420	1287	1	1	1	3	0	0	0	1	1	1	1	1	1
plain_desc	1637	1481	1	3	0	3	0	3	0	3	0	2	0	3	0
plain_desc	1636	1481	0	1	0	0	1	0	1	0	1	0	1	1	0
plain_desc	1215	1102	1	1	1	1	1	1	1	1	1	1	1	1	1
plain_desc	1597	1445	1	1	1	0	0	0	0	1	1	1	1	1	1
plain_desc	2071	1862	0	0	1	0	1	0	1	0	1	0	1	0	1
plain_desc	810	741	3	0	0	0	0	0	0	0	0	0	0	0	0
plain_desc	1058	959	1	1	1	1	1	1	1	1	1	1	1	1	1
plain_desc	1696	1533	0	0	1	0	1	0	1	0	1	0	1	0	1
plain_desc	2179	1962	0	0	1	0	1	0	1	0	1	0	1	0	1
plain_desc	57	56	0	0	1	0	1	0	1	0	1	0	1	0	1
plain_desc	1602	1450	3	1	0	1	0	3	1	0	0	0	0	0	0
plain_desc	1221	1107	3	3	1	0	0	2	0	3	1	3	1	3	1
plain_desc	1556	1410	1	1	1	1	1	3	0	1	1	1	1	1	1
plain_desc	195	177	3	3	1	3	1	2	0	3	1	3	1	3	1
plain_desc	428	393	0	0	1	0	1	0	1	0	1	0	1	0	1
plain_desc	1009	920	2	2	1	1	0	1	0	2	1	1	0	2	1
plain_desc	490	444	3	3	1	3	1	0	0	3	1	3	1	3	1
plain_desc	161	148	0	0	1	0	1	0	1	0	1	0	1	0	1
plain_desc	1545	1401	0	0	1	0	1	0	1	0	1	0	1	0	1
plain_desc	165	151	0	0	1	0	1	0	1	0	1	0	1	0	1
plain_desc	386	356	3	3	1	0	0	0	0	2	0	2	0	3	1
plain_desc	609	552	0	1	0	1	0	1	0	1	0	1	0	1	0
plain_desc	587	530	0	3	0	0	1	3	0	0	1	0	1	3	0
plain_desc	940	861	3	3	1	0	0	0	0	0	0	0	0	3	1
plain_desc	1672	1513	0	2	0	2	0	2	0	2	0	2	0	2	0
plain_desc	2374	2140	0	3	0	0	1	0	1	2	0	2	0	0	1
plain_desc	501	452	1	1	1	0	0	3	0	1	1	1	1	1	1
plain_desc	575	519	3	2	0	2	0	2	0	2	0	0	0	3	1
plain_desc	1155	1049	1	1	1	1	1	1	1	1	1	1	1	1	1
plain_desc	2239	2019	3	0	0	3	1	0	0	3	1	0	0	3	1
plain_desc	2444	2205	3	3	1	3	1	0	0	3	1	3	1	3	1
plain_desc	1966	1774	1	1	1	3	0	2	0	3	0	3	0	0	0
plain_desc	868	794	2	2	1	2	1	2	1	2	1	2	1	2	1
plain_desc	869	794	0	0	1	0	1	0	1	0	1	0	1	0	1
plain_desc	2163	1946	0	0	1	0	1	3	0	0	1	0	1	0	1
plain_desc	876	801	1	1	1	0	0	2	0	3	0	1	1	1	1
plain_desc	2490	2250	1	1	1	1	1	2	0	1	1	1	1	1	1
plain_desc	1613	1460	2	2	1	1	0	1	0	1	0	2	1	2	1
plain_desc	2440	2201	0	0	1	0	1	0	1	0	1	0	1	0	1
plain_desc	2021	1822	0	3	0	1	0	1	0	1	0	1	0	0	1
plain_desc	1644	1487	1	3	0	0	0	3	0	3	0	0	0	3	0
plain_desc	2544	2301	0	0	1	3	0	3	0	3	0	3	0	0	1
plain_desc	2646	2393	0	0	1	3	0	2	0	3	0	0	1	0	1
plain_desc	1855	1675	1	1	1	1	1	1	1	1	1	1	1	1	1
plain_desc	107	102	0	0	1	0	1	0	1	0	1	0	1	0	1
plain_desc	1676	1516	2	2	1	2	1	2	1	0	0	0	0	2	1
plain_desc	1639	1483	2	2	1	2	1	2	1	2	1	2	1	2	1
plain_desc	598	541	2	2	1	2	1	2	1	2	1	2	1	2	1
plain_desc	2139	1927	2	2	1	2	1	2	1	2	1	2	1	2	1
plain_desc	2063	1856	0	0	1	0	1	0	1	0	1	0	1	0	1
plain_desc	939	860	1	1	1	0	0	2	0	1	1	1	1	1	1
plain_desc	1162	1054	1	1	1	3	0	0	0	1	1	1	1	1	1
plain_desc	1145	1039	0	0	1	0	1	3	0	0	1	0	1	0	1
plain_desc	914	837	1	1	1	1	1	1	1	1	1	1	1	1	1
plain_desc	1844	1665	3	3	1	2	0	0	0	3	1	0	0	3	1
plain_desc	982	894	1	1	1	1	1	1	1	1	1	1	1	1	1
plain_desc	981	894	1	1	1	0	0	3	0	2	0	1	1	1	1
plain_desc	1224	1110	1	1	1	1	1	3	0	1	1	1	1	1	1
plain_desc	1205	1093	3	3	1	0	0	2	0	2	0	3	1	2	0
plain_desc	1206	1093	0	0	1	0	1	0	1	0	1	0	1	0	1
plain_desc	2074	1865	3	3	1	3	1	3	1	3	1	3	1	3	1
plain_desc	1816	1641	3	1	0	3	1	1	0	1	0	3	1	1	0
plain_desc	1919	1730	3	3	1	2	0	3	1	3	1	3	1	3	1
plain_desc	1414	1281	0	0	1	0	1	0	1	0	1	0	1	0	1
plain_desc	696	633	3	3	1	3	1	3	1	3	1	3	1	3	1
plain_desc	2416	2178	0	0	1	1	0	1	0	1	0	1	0	0	1
plain_desc	2172	1955	3	3	1	3	1	2	0	3	1	3	1	3	1
plain_desc	1436	1301	0	0	1	3	0	2	0	0	1	0	1	0	1
plain_desc	707	644	0	0	1	1	0	1	0	1	0	0	1	0	1
plain_desc	813	744	2	2	1	3	0	0	0	0	0	0	0	0	0
plain_desc	1757	1587	2	2	1	1	0	1	0	1	0	1	0	2	1
plain_desc	1566	1417	3	0	0	0	0	3	1	0	0	0	0	3	1
plain_desc	1097	995	3	3	1	3	1	3	1	3	1	3	1	3	1
plain_desc	1098	995	3	1	0	1	0	3	1	3	1	3	1	1	0
plain_desc	2325	2098	3	3	1	3	1	3	1	3	1	3	1	3	1
plain_desc	1771	1600	0	0	1	0	1	0	1	0	1	0	1	0	1
plain_desc	1601	1449	0	0	1	0	1	0	1	0	1	0	1	0	1
plain_desc	2095	1884	0	0	1	0	1	1	0	0	1	0	1	0	1
plain_desc	1922	1733	0	0	1	0	1	0	1	0	1	0	1	0	1
plain_desc	2394	2160	3	3	1	1	0	3	1	3	1	3	1	3	1
plain_desc	1005	916	0	0	1	0	1	0	1	0	1	0	1	0	1
plain_desc	270	249	1	1	1	1	1	0	0	1	1	1	1	1	1
plain_desc	1769	1598	2	3	0	2	1	2	1	2	1	2	1	2	1
plain_desc	1241	1123	2	2	1	2	1	2	1	2	1	2	1	2	1
plain_desc	560	506	0	0	1	0	1	0	1	0	1	0	1	0	1
plain_desc	671	611	2	2	1	2	1	1	0	1	0	2	1	2	1
plain_desc	1376	1245	0	0	1	0	1	0	1	1	0	2	0	0	1
plain_desc	2486	2246	0	1	0	0	1	1	0	1	0	1	0	1	0
plain_desc	1499	1359	0	0	1	0	1	2	0	2	0	2	0	2	0
plain_desc	1917	1728	0	0	1	1	0	1	0	1	0	0	1	1	0
plain_desc	2470	2230	3	3	1	3	1	1	0	3	1	3	1	3	1
plain_desc	145	134	3	3	1	3	1	2	0	3	1	3	1	3	1
plain_desc	1073	974	2	2	1	2	1	2	1	2	1	2	1	2	1
plain_desc	2203	1985	3	3	1	3	1	3	1	3	1	3	1	3	1
plain_desc	2353	2121	1	1	1	0	0	1	1	1	1	0	0	1	1
plain_desc	863	789	2	2	1	3	0	0	0	2	1	2	1	2	1
plain_desc	1657	1499	2	2	1	0	0	0	0	2	1	2	1	2	1
plain_desc	147	136	1	1	1	1	1	1	1	1	1	1	1	1	1
plain_desc	558	504	2	2	1	3	0	1	0	2	1	0	0	2	1
plain_desc	557	504	3	0	0	0	0	2	0	0	0	0	0	0	0
plain_desc	2308	2082	3	3	1	3	1	2	0	0	0	0	0	3	1
plain_desc	959	875	3	3	1	3	1	1	0	3	1	1	0	3	1
plain_desc	1152	1046	0	3	0	0	1	0	1	0	1	0	1	3	0
plain_desc	44	44	3	3	1	3	1	1	0	3	1	3	1	3	1
plain_desc	1165	1057	3	3	1	3	1	0	0	3	1	3	1	3	1
plain_desc	1034	940	0	3	0	3	0	1	0	0	1	0	1	3	0
plain_desc	1264	1142	1	3	0	3	0	2	0	1	1	3	0	3	0
plain_desc	1930	1740	3	3	1	3	1	3	1	3	1	3	1	3	1
plain_desc	1312	1185	0	0	1	0	1	0	1	0	1	0	1	0	1
plain_desc	1929	1739	0	0	1	0	1	0	1	3	0	0	1	0	1
plain_desc	2392	2158	3	1	0	1	0	3	1	3	1	3	1	3	1
plain_desc	1121	1016	3	3	1	3	1	2	0	3	1	3	1	3	1
plain_desc	1374	1243	1	1	1	2	0	3	0	3	0	2	0	2	0
plain_desc	1213	1100	0	3	0	2	0	2	0	3	0	2	0	3	0
plain_desc	1807	1632	0	0	1	0	1	1	0	0	1	0	1	0	1
plain_desc	2169	1952	1	3	0	3	0	1	1	3	0	1	1	3	0
plain_desc	781	713	3	3	1	0	0	0	0	0	0	3	1	3	1
plain_desc	489	443	1	0	0	0	0	0	0	0	0	0	0	0	0
plain_desc	749	682	3	3	1	3	1	2	0	3	1	3	1	3	1
plain_desc	117	112	3	3	1	3	1	3	1	3	1	0	0	3	1
plain_desc	2137	1925	3	3	1	3	1	3	1	3	1	3	1	3	1
plain_desc	584	527	0	0	1	0	1	0	1	3	0	3	0	0	1
plain_desc	1565	1416	2	2	1	2	1	3	0	0	0	2	1	2	1
plain_desc	199	181	0	1	0	1	0	1	0	3	0	3	0	1	0
plain_desc	2645	2392	1	1	1	0	0	3	0	1	1	1	1	1	1
plain_desc	291	270	0	0	1	2	0	2	0	2	0	2	0	2	0
plain_desc	1413	1280	2	0	0	0	0	3	0	0	0	0	0	0	0
plain_desc	1317	1190	3	3	1	3	1	3	1	3	1	3	1	3	1
plain_desc	608	551	3	3	1	3	1	2	0	3	1	3	1	3	1
plain_desc	1965	1773	1	2	0	0	0	0	0	1	1	0	0	2	0
plain_desc	2342	2111	1	1	1	1	1	1	1	1	1	1	1	1	1
plain_desc	1404	1271	2	2	1	2	1	2	1	3	0	2	1	2	1
plain_desc	264	244	1	1	1	1	1	1	1	1	1	1	1	1	1
plain_desc	2487	2247	1	3	0	3	0	3	0	3	0	3	0	3	0
plain_desc	841	768	0	0	1	0	1	2	0	0	1	0	1	0	1
plain_desc	11	12	1	1	1	3	0	2	0	3	0	1	1	1	1
plain_desc	1060	961	1	1	1	3	0	3	0	0	0	3	0	1	1
plain_desc	1007	918	3	3	1	3	1	3	1	3	1	3	1	0	0
plain_desc	475	431	3	3	1	3	1	3	1	3	1	3	1	3	1
plain_desc	2601	2353	0	0	1	0	1	3	0	0	1	0	1	0	1
plain_desc	1137	1032	3	1	0	0	0	1	0	1	0	1	0	1	0
plain_desc	1234	1118	2	2	1	2	1	1	0	2	1	2	1	2	1
plain_desc	1724	1558	0	0	1	0	1	0	1	0	1	0	1	0	1
plain_desc	565	511	2	1	0	1	0	2	1	1	0	1	0	1	0
plain_desc	207	189	2	3	0	2	1	2	1	0	0	2	1	3	0
plain_desc	2026	1825	3	3	1	3	1	1	0	3	1	3	1	3	1
plain_desc	2588	2340	0	0	1	0	1	2	0	0	1	0	1	0	1
plain_desc	779	711	0	0	1	0	1	0	1	0	1	0	1	0	1
plain_desc	898	822	2	2	1	2	1	2	1	2	1	2	1	2	1
plain_desc	899	822	2	2	1	2	1	2	1	2	1	2	1	2	1
plain_desc	601	544	2	3	0	3	0	3	0	3	0	3	0	3	0
plain_desc	1967	1775	1	1	1	1	1	1	1	1	1	1	1	1	1
plain_desc	1609	1457	2	2	1	2	1	2	1	2	1	2	1	2	1
plain_desc	419	385	3	3	1	3	1	1	0	3	1	3	1	3	1
plain_desc	938	859	2	2	1	2	1	2	1	2	1	2	1	2	1
plain_desc	2297	2071	0	2	0	0	1	0	1	0	1	0	1	2	0
plain_desc	2117	1906	1	1	1	3	0	3	0	1	1	1	1	1	1
plain_desc	2035	1833	1	1	1	1	1	1	1	2	0	1	1	1	1
plain_desc	520	470	1	1	1	1	1	1	1	1	1	1	1	1	1
plain_desc	2509	2268	2	2	1	2	1	2	1	2	1	2	1	2	1
plain_desc	2030	1829	1	1	1	0	0	0	0	0	0	0	0	1	1
plain_desc	970	883	0	0	1	0	1	3	0	0	1	0	1	0	1
plain_desc	1559	1413	2	2	1	2	1	2	1	2	1	2	1	2	1
plain_desc	1039	944	0	0	1	0	1	0	1	0	1	0	1	0	1
plain_desc	131	124	2	2	1	0	0	0	0	3	0	0	0	2	1
plain_desc	494	447	2	2	1	2	1	1	0	2	1	2	1	2	1
plain_desc	1758	1588	2	2	1	2	1	2	1	1	0	2	1	2	1
plain_desc	34	34	1	1	1	1	1	1	1	1	1	1	1	1	1
plain_desc	1186	1078	2	2	1	1	0	3	0	2	1	3	0	2	1
plain_desc	2012	1813	3	2	0	2	0	2	0	2	0	2	0	2	0
plain_desc	634	575	0	0	1	0	1	2	0	0	1	0	1	0	1
plain_desc	423	389	1	1	1	1	1	1	1	2	0	1	1	1	1
plain_desc	1139	1034	2	0	0	1	0	3	0	1	0	1	0	2	1
plain_desc	229	211	0	0	1	0	1	0	1	0	1	0	1	0	1
plain_desc	1437	1302	0	0	1	2	0	2	0	2	0	2	0	2	0
plain_desc	1951	1760	3	3	1	3	1	3	1	3	1	3	1	3	1
plain_desc	2479	2239	3	3	1	3	1	3	1	3	1	3	1	3	1
plain_desc	12	13	2	2	1	1	0	2	1	1	0	1	0	2	1
plain_desc	2182	1964	1	1	1	1	1	1	1	1	1	1	1	1	1
plain_desc	983	895	1	3	0	1	1	0	0	3	0	3	0	1	1
plain_desc	1106	1003	2	2	1	0	0	0	0	2	1	2	1	2	1
plain_desc	27	28	3	3	1	0	0	0	0	3	1	3	1	3	1
plain_desc	28	28	2	2	1	0	0	1	0	2	1	2	1	2	1
plain_desc	452	415	3	3	1	1	0	1	0	2	0	3	1	3	1
plain_desc	1297	1173	0	0	1	0	1	0	1	0	1	0	1	0	1
plain_desc	1236	1119	1	1	1	2	0	2	0	0	0	0	0	0	0
plain_desc	1447	1312	0	0	1	3	0	1	0	0	1	3	0	0	1
plain_desc	1049	952	0	0	1	0	1	0	1	0	1	0	1	0	1
plain_desc	281	260	1	1	1	1	1	1	1	1	1	1	1	1	1
plain_desc	2537	2294	0	0	1	0	1	0	1	0	1	0	1	0	1
plain_desc	2397	2162	3	3	1	3	1	3	1	3	1	3	1	3	1
plain_desc	857	783	3	3	1	3	1	1	0	1	0	1	0	3	1
plain_desc	1621	1467	3	3	1	0	0	2	0	0	0	3	1	3	1
plain_desc	2062	1855	3	3	1	3	1	3	1	3	1	3	1	3	1
plain_desc	2233	2013	3	3	1	3	1	2	0	3	1	3	1	3	1
plain_desc	1192	1082	1	1	1	1	1	3	0	1	1	1	1	1	1
plain_desc	78	77	0	0	1	0	1	3	0	0	1	0	1	0	1
plain_desc	1588	1436	2	3	0	2	1	3	0	2	1	3	0	2	1
plain_desc	142	132	1	1	1	1	1	1	1	1	1	1	1	1	1
plain_desc	2498	2257	1	0	0	0	0	0	0	0	0	0	0	0	0
plain_desc	2497	2257	0	0	1	3	0	3	0	3	0	3	0	0	1
plain_desc	1055	957	2	2	1	2	1	2	1	2	1	2	1	2	1
plain_desc	926	847	1	1	1	1	1	0	0	1	1	1	1	1	1
plain_desc	414	381	2	2	1	2	1	2	1	2	1	2	1	2	1
plain_desc	1630	1475	1	1	1	1	1	1	1	1	1	1	1	1	1
plain_desc	2587	2339	0	0	1	0	1	1	0	0	1	3	0	2	0
plain_desc	2602	2354	0	0	1	0	1	0	1	0	1	1	0	0	1
plain_desc	292	271	2	2	1	1	0	1	0	3	0	1	0	3	0
plain_desc	989	901	1	1	1	3	0	3	0	1	1	1	1	1	1
plain_desc	2142	1929	2	2	1	0	0	3	0	2	1	2	1	2	1
plain_desc	2448	2209	0	0	1	3	0	0	1	0	1	3	0	0	1
plain_desc	1492	1353	2	2	1	2	1	0	0	2	1	2	1	2	1
plain_desc	454	417	1	1	1	1	1	1	1	1	1	1	1	1	1
plain_desc	1441	1306	0	0	1	0	1	0	1	0	1	0	1	0	1
plain_desc	2226	2006	2	2	1	2	1	0	0	2	1	2	1	2	1
plain_desc	886	811	1	1	1	1	1	3	0	1	1	0	0	1	1
plain_desc	1318	1191	1	1	1	1	1	1	1	1	1	1	1	1	1
plain_desc	1947	1756	3	3	1	1	0	2	0	3	1	3	1	3	1
plain_desc	1133	1028	3	3	1	3	1	0	0	3	1	3	1	3	1
plain_desc	1546	1402	0	1	0	1	0	0	1	1	0	1	0	1	0
plain_desc	1357	1227	0	0	1	0	1	0	1	0	1	0	1	0	1
plain_desc	2008	1810	0	0	1	0	1	2	0	0	1	0	1	0	1
plain_desc	911	834	3	0	0	0	0	0	0	0	0	0	0	0	0
plain_desc	2613	2365	2	2	1	3	0	3	0	3	0	2	1	2	1
plain_desc	1365	1234	3	3	1	3	1	0	0	3	1	3	1	3	1
plain_desc	529	479	1	1	1	1	1	1	1	1	1	1	1	1	1
plain_desc	1686	1525	1	1	1	0	0	1	1	0	0	0	0	1	1
plain_desc	1969	1777	3	3	1	1	0	3	1	3	1	1	0	3	1
plain_desc	2089	1880	0	0	1	0	1	2	0	0	1	0	1	0	1
plain_desc	2372	2138	2	2	1	3	0	1	0	2	1	2	1	2	1
plain_desc	2223	2003	1	1	1	0	0	0	0	0	0	0	0	1	1
plain_desc	2222	2003	2	2	1	1	0	1	0	2	1	2	1	2	1
plain_desc	416	383	1	3	0	3	0	2	0	3	0	3	0	1	1
plain_desc	1535	1393	0	1	0	1	0	1	0	2	0	0	1	1	0
plain_desc	820	750	3	3	1	3	1	3	1	3	1	3	1	3	1
plain_desc	902	825	0	1	0	0	1	1	0	1	0	1	0	1	0
plain_desc	2431	2193	0	0	1	0	1	0	1	0	1	0	1	0	1
plain_desc	1761	1591	1	1	1	1	1	1	1	1	1	1	1	1	1
plain_desc	748	681	3	3	1	0	0	3	1	3	1	3	1	3	1
plain_desc	2594	2346	0	0	1	0	1	3	0	0	1	0	1	0	1
plain_desc	600	543	0	0	1	0	1	2	0	0	1	0	1	0	1
plain_desc	999	910	0	1	0	2	0	2	0	2	0	2	0	1	0
plain_desc	599	542	3	3	1	3	1	3	1	3	1	3	1	3	1
plain_desc	554	501	3	3	1	3	1	3	1	3	1	3	1	3	1
plain_desc	2328	2100	2	2	1	0	0	1	0	3	0	1	0	2	1
plain_desc	1458	1323	0	0	1	0	1	0	1	0	1	0	1	0	1
plain_desc	1818	1642	2	2	1	2	1	1	0	2	1	2	1	2	1
plain_desc	1610	1458	0	0	1	0	1	0	1	0	1	0	1	0	1
plain_desc	1658	1500	1	1	1	1	1	1	1	1	1	1	1	1	1
plain_desc	962	877	0	0	1	0	1	0	1	3	0	3	0	0	1
plain_desc	961	877	0	0	1	0	1	0	1	0	1	0	1	0	1
plain_desc	528	478	1	1	1	1	1	2	0	1	1	0	0	1	1
plain_desc	1326	1198	0	0	1	0	1	0	1	2	0	0	1	1	0
plain_desc	140	130	0	0	1	0	1	1	0	0	1	0	1	0	1
plain_desc	1463	1328	3	3	1	3	1	1	0	3	1	3	1	3	1
plain_desc	567	513	2	2	1	0	0	0	0	2	1	2	1	2	1
plain_desc	1045	948	2	2	1	2	1	0	0	2	1	2	1	2	1
plain_desc	541	490	1	0	0	0	0	2	0	0	0	0	0	0	0
plain_desc	542	490	0	0	1	0	1	0	1	0	1	0	1	0	1
plain_desc	378	348	3	3	1	3	1	3	1	3	1	3	1	3	1
plain_desc	761	694	3	3	1	0	0	1	0	0	0	0	0	3	1
plain_desc	758	691	1	1	1	1	1	1	1	1	1	1	1	1	1
plain_desc	2055	1850	3	3	1	3	1	3	1	3	1	3	1	3	1
plain_desc	2001	1804	1	1	1	1	1	1	1	1	1	1	1	1	1
plain_desc	2000	1804	3	3	1	3	1	3	1	3	1	3	1	3	1
plain_desc	583	526	3	3	1	3	1	3	1	3	1	3	1	3	1
plain_desc	854	780	2	2	1	3	0	2	1	1	0	2	1	2	1
plain_desc	853	780	2	2	1	2	1	0	0	2	1	2	1	2	1
plain_desc	2094	1883	2	2	1	3	0	0	0	3	0	3	0	2	1
plain_desc	636	577	2	2	1	2	1	2	1	2	1	3	0	2	1
plain_desc	819	749	3	1	0	3	1	2	0	1	0	1	0	1	0
plain_desc	2396	2161	1	1	1	0	0	3	0	3	0	3	0	3	0
plain_desc	1784	1611	1	0	0	2	0	2	0	2	0	2	0	0	0
plain_desc	1150	1044	3	1	0	3	1	1	0	3	1	3	1	3	1
plain_desc	1108	1005	2	2	1	2	1	2	1	2	1	2	1	2	1
plain_desc	2640	2389	1	1	1	2	0	0	0	1	1	0	0	1	1
plain_desc	783	715	3	3	1	3	1	3	1	3	1	3	1	3	1
plain_desc	1107	1004	2	2	1	1	0	1	0	2	1	2	1	2	1
plain_desc	1407	1274	3	3	1	0	0	0	0	0	0	0	0	3	1
plain_desc	2582	2334	1	1	1	1	1	1	1	1	1	1	1	1	1
plain_desc	2149	1935	3	3	1	3	1	0	0	1	0	3	1	3	1
plain_desc	539	488	0	0	1	1	0	1	0	0	1	0	1	0	1
plain_desc	184	167	0	0	1	0	1	3	0	0	1	0	1	0	1
plain_desc	1719	1554	3	2	0	1	0	2	0	1	0	2	0	3	1
plain_desc	1720	1554	0	0	1	2	0	1	0	0	1	1	0	0	1
plain_desc	13	14	0	0	1	0	1	0	1	0	1	0	1	0	1
plain_desc	181	164	3	3	1	3	1	2	0	3	1	3	1	3	1
plain_desc	1779	1607	1	1	1	1	1	3	0	0	0	0	0	1	1
plain_desc	742	675	2	2	1	3	0	0	0	3	0	2	1	2	1
plain_desc	1959	1767	0	0	1	3	0	0	1	0	1	0	1	0	1
plain_desc	1958	1767	2	2	1	2	1	3	0	2	1	2	1	2	1
plain_desc	1764	1593	3	3	1	3	1	3	1	3	1	3	1	3	1
plain_desc	773	705	2	2	1	2	1	2	1	2	1	2	1	2	1
plain_desc	1166	1058	0	1	0	1	0	0	1	1	0	1	0	1	0
plain_desc	738	671	3	3	1	3	1	0	0	3	1	3	1	3	1
plain_desc	2621	2373	0	0	1	0	1	0	1	0	1	0	1	0	1
plain_desc	1457	1322	2	0	0	2	1	1	0	2	1	2	1	0	0
plain_desc	1838	1660	1	1	1	0	0	1	1	1	1	0	0	1	1
plain_desc	2383	2149	2	2	1	1	0	2	1	1	0	2	1	2	1
plain_desc	2002	1805	2	2	1	0	0	0	0	2	1	0	0	2	1
plain_desc	2221	2002	0	3	0	3	0	3	0	3	0	3	0	3	0
plain_desc	1120	1016	1	1	1	1	1	1	1	1	1	1	1	1	1
plain_desc	169	153	2	2	1	2	1	2	1	2	1	2	1	2	1
plain_desc	1273	1151	1	1	1	2	0	1	1	1	1	1	1	1	1
plain_desc	1062	963	3	3	1	3	1	3	1	3	1	3	1	3	1
plain_desc	2070	1862	2	1	0	2	1	2	1	2	1	2	1	1	0
plain_desc	1247	1128	3	3	1	3	1	3	1	3	1	3	1	3	1
plain_desc	1792	1617	1	1	1	1	1	1	1	1	1	1	1	1	1
plain_desc	751	684	0	0	1	3	0	3	0	3	0	3	0	0	1
plain_desc	260	240	1	1	1	3	0	0	0	1	1	1	1	1	1
plain_desc	581	525	1	1	1	1	1	1	1	1	1	1	1	1	1
plain_desc	2340	2109	3	0	0	0	0	1	0	3	1	3	1	2	0
plain_desc	2605	2357	1	1	1	1	1	1	1	1	1	1	1	1	1
plain_desc	1750	1581	2	2	1	2	1	2	1	2	1	2	1	2	1
plain_desc	2052	1847	0	0	1	0	1	0	1	0	1	0	1	0	1
plain_desc	2469	2229	1	1	1	0	0	3	0	1	1	1	1	1	1
plain_desc	706	643	2	0	0	0	0	0	0	0	0	0	0	0	0
plain_desc	306	285	2	2	1	0	0	1	0	2	1	0	0	2	1
plain_desc	85	83	2	2	1	2	1	2	1	2	1	2	1	2	1
plain_desc	86	83	0	0	1	0	1	0	1	0	1	0	1	0	1
plain_desc	2072	1863	2	2	1	2	1	2	1	2	1	2	1	2	1
plain_desc	2614	2366	1	1	1	1	1	3	0	1	1	1	1	1	1
plain_desc	1615	1462	0	0	1	0	1	1	0	0	1	0	1	0	1
plain_desc	338	310	0	0	1	0	1	2	0	0	1	0	1	0	1
plain_desc	2437	2198	2	1	0	1	0	1	0	1	0	1	0	1	0
plain_desc	79	78	2	2	1	2	1	2	1	2	1	2	1	2	1
plain_desc	2041	1838	0	0	1	0	1	1	0	0	1	0	1	0	1
plain_desc	2040	1838	3	3	1	2	0	1	0	3	1	3	1	3	1
plain_desc	1903	1717	1	1	1	1	1	1	1	1	1	1	1	1	1
plain_desc	1902	1717	3	3	1	1	0	3	1	2	0	1	0	2	0
plain_desc	2632	2382	2	2	1	0	0	0	0	1	0	1	0	2	1
plain_desc	359	330	0	3	0	1	0	1	0	1	0	1	0	0	1
plain_desc	1640	1483	0	0	1	0	1	1	0	0	1	0	1	0	1
plain_desc	807	739	2	2	1	2	1	2	1	2	1	2	1	2	1
plain_desc	1383	1251	0	0	1	0	1	2	0	3	0	2	0	3	0
plain_desc	1290	1166	0	0	1	0	1	1	0	0	1	0	1	0	1
plain_desc	1446	1311	0	3	0	3	0	3	0	3	0	3	0	3	0
plain_desc	5	7	0	0	1	1	0	1	0	0	1	0	1	0	1
plain_desc	445	409	1	1	1	0	0	3	0	1	1	1	1	1	1
plain_desc	524	474	2	2	1	2	1	0	0	0	0	2	1	2	1
plain_desc	1220	1106	1	1	1	1	1	1	1	1	1	1	1	1	1
plain_desc	1219	1106	1	1	1	1	1	3	0	1	1	1	1	1	1
plain_desc	1226	1112	2	2	1	3	0	2	1	1	0	3	0	2	1
plain_desc	679	618	2	2	1	2	1	0	0	2	1	2	1	2	1
plain_desc	215	197	2	2	1	2	1	2	1	2	1	2	1	2	1
plain_desc	1872	1689	1	1	1	1	1	1	1	1	1	1	1	1	1
plain_desc	1926	1736	1	1	1	3	0	3	0	1	1	3	0	1	1
plain_desc	2237	2017	2	2	1	2	1	1	0	2	1	2	1	2	1
plain_desc	733	667	2	2	1	2	1	2	1	2	1	1	0	2	1
plain_desc	2548	2305	1	3	0	3	0	3	0	3	0	3	0	3	0
plain_desc	2007	1810	3	3	1	0	0	3	1	3	1	3	1	3	1
plain_desc	1822	1646	0	1	0	0	1	1	0	0	1	0	1	0	1
plain_desc	2474	2234	0	0	1	3	0	0	1	0	1	0	1	0	1
plain_desc	954	872	1	1	1	1	1	1	1	1	1	1	1	1	1
plain_desc	493	446	1	1	1	1	1	1	1	1	1	1	1	1	1
plain_desc	492	446	1	2	0	2	0	2	0	2	0	2	0	2	0
plain_desc	1592	1440	0	0	1	3	0	3	0	0	1	0	1	0	1
plain_desc	960	876	2	3	0	2	1	1	0	2	1	2	1	3	0
plain_desc	1918	1729	2	2	1	2	1	3	0	2	1	2	1	2	1
plain_desc	2122	1910	2	1	0	0	0	2	1	0	0	0	0	1	0
plain_desc	1169	1061	0	0	1	0	1	0	1	0	1	0	1	0	1
plain_desc	1394	1262	1	1	1	0	0	0	0	3	0	1	1	1	1
plain_desc	1675	1515	2	2	1	2	1	0	0	0	0	2	1	2	1
plain_desc	1674	1515	2	2	1	2	1	2	1	2	1	2	1	2	1
plain_desc	509	459	0	0	1	0	1	2	0	0	1	0	1	0	1
plain_desc	927	848	3	3	1	3	1	3	1	3	1	3	1	3	1
plain_desc	1728	1562	3	3	1	0	0	2	0	2	0	2	0	3	1
plain_desc	1334	1206	1	1	1	1	1	1	1	1	1	1	1	1	1
plain_desc	2528	2285	3	3	1	3	1	3	1	3	1	3	1	3	1
plain_desc	1552	1407	3	3	1	3	1	1	0	3	1	3	1	3	1
plain_desc	153	141	3	3	1	2	0	1	0	3	1	2	0	3	1
plain_desc	155	141	2	2	1	1	0	0	0	1	0	1	0	2	1
plain_desc	2554	2309	3	3	1	1	0	2	0	3	1	0	0	3	1
plain_desc	1464	1329	0	0	1	1	0	0	1	0	1	0	1	0	1
plain_desc	1791	1616	2	3	0	2	1	2	1	0	0	3	0	3	0
plain_desc	1790	1616	2	2	1	2	1	2	1	2	1	2	1	2	1
plain_desc	993	904	1	3	0	1	1	3	0	1	1	0	0	3	0
plain_desc	992	904	1	0	0	2	0	2	0	0	0	0	0	0	0
plain_desc	1032	938	1	1	1	0	0	1	1	0	0	1	1	1	1
plain_desc	146	135	1	1	1	1	1	1	1	1	1	1	1	1	1
plain_desc	318	296	1	1	1	1	1	0	0	1	1	1	1	1	1
plain_desc	1065	966	0	0	1	0	1	3	0	0	1	0	1	0	1
plain_desc	702	639	0	0	1	0	1	0	1	0	1	0	1	0	1
plain_desc	1912	1725	1	1	1	0	0	0	0	1	1	1	1	1	1
plain_desc	437	402	3	3	1	1	0	1	0	1	0	3	1	3	1
plain_desc	1864	1682	2	2	1	3	0	0	0	2	1	1	0	2	1
plain_desc	664	605	3	3	1	3	1	3	1	3	1	2	0	3	1
plain_desc	1513	1372	3	3	1	3	1	3	1	3	1	2	0	2	0
plain_desc	197	179	3	3	1	3	1	3	1	3	1	2	0	3	1
plain_desc	2579	2331	2	2	1	2	1	2	1	2	1	2	1	2	1
plain_desc	2358	2125	3	3	1	3	1	2	0	3	1	3	1	3	1
plain_desc	677	616	0	2	0	3	0	2	0	2	0	2	0	2	0
plain_desc	2085	1876	2	3	0	0	0	3	0	3	0	3	0	3	0
plain_desc	2395	2160	1	1	1	1	1	1	1	1	1	1	1	1	1
plain_desc	1798	1623	0	0	1	0	1	0	1	0	1	0	1	0	1
plain_desc	625	566	3	3	1	3	1	3	1	3	1	3	1	3	1
plain_desc	2610	2362	0	1	0	1	0	1	0	1	0	1	0	1	0
plain_desc	972	885	0	0	1	0	1	3	0	3	0	3	0	0	1
plain_desc	1	3	0	1	0	0	1	0	1	0	1	0	1	1	0
plain_desc	935	856	1	2	0	1	1	3	0	3	0	1	1	1	1
plain_desc	2625	2377	0	2	0	2	0	0	1	0	1	0	1	3	0
plain_desc	2626	2377	0	3	0	3	0	3	0	3	0	3	0	3	0
plain_desc	1803	1628	1	1	1	1	1	0	0	1	1	1	1	1	1
plain_desc	376	346	3	3	1	3	1	2	0	3	1	3	1	3	1
plain_desc	238	220	3	2	0	3	1	2	0	1	0	1	0	2	0
plain_desc	2181	1963	1	2	0	2	0	1	1	2	0	2	0	2	0
plain_desc	2503	2262	2	2	1	1	0	0	0	1	0	1	0	2	1
plain_desc	1979	1785	0	0	1	0	1	0	1	0	1	0	1	0	1
plain_desc	1266	1144	0	0	1	0	1	0	1	0	1	0	1	0	1
plain_desc	2422	2184	0	0	1	3	0	3	0	0	1	0	1	0	1
plain_desc	2084	1875	2	3	0	2	1	3	0	2	1	2	1	3	0
plain_desc	76	75	2	2	1	1	0	3	0	1	0	3	0	2	1
plain_desc	371	341	3	3	1	3	1	3	1	3	1	3	1	3	1
plain_desc	1142	1037	0	0	1	0	1	0	1	0	1	0	1	0	1
plain_desc	1990	1794	1	1	1	1	1	2	0	0	0	0	0	1	1
plain_desc	2208	1990	1	1	1	1	1	0	0	1	1	1	1	1	1
plain_desc	1156	1049	2	2	1	2	1	2	1	2	1	2	1	2	1
plain_desc	188	170	2	2	1	2	1	2	1	2	1	2	1	2	1
plain_desc	1127	1022	3	3	1	3	1	3	1	3	1	3	1	3	1
plain_desc	880	805	0	0	1	0	1	1	0	0	1	2	0	0	1
plain_desc	1490	1351	0	2	0	3	0	3	0	3	0	2	0	2	0
plain_desc	1211	1098	3	3	1	3	1	2	0	1	0	3	1	3	1
plain_desc	130	123	2	2	1	2	1	2	1	2	1	2	1	2	1
plain_desc	1623	1468	1	1	1	3	0	1	1	1	1	3	0	1	1
plain_desc	1057	959	1	1	1	1	1	1	1	1	1	1	1	1	1
plain_desc	2595	2347	0	1	0	1	0	1	0	2	0	1	0	1	0
plain_desc	298	277	2	2	1	2	1	2	1	2	1	2	1	2	1
plain_desc	418	384	2	2	1	0	0	2	1	0	0	0	0	0	0
plain_desc	417	384	2	2	1	2	1	3	0	2	1	0	0	2	1
plain_desc	1842	1663	0	2	0	0	1	0	1	0	1	0	1	2	0
plain_desc	1841	1663	3	2	0	0	0	1	0	3	1	3	1	2	0
plain_desc	2636	2386	1	1	1	1	1	3	0	1	1	0	0	1	1
plain_desc	1168	1060	0	0	1	0	1	3	0	0	1	0	1	0	1
plain_desc	1199	1088	3	3	1	3	1	0	0	3	1	3	1	3	1
plain_desc	778	710	0	0	1	0	1	3	0	0	1	3	0	0	1
plain_desc	2054	1849	1	3	0	2	0	1	1	2	0	3	0	3	0
plain_desc	2282	2058	3	3	1	3	1	1	0	3	1	0	0	3	1
plain_desc	1868	1685	0	0	1	0	1	0	1	0	1	0	1	0	1
plain_desc	1054	956	3	3	1	3	1	3	1	3	1	3	1	3	1
plain_desc	1817	1641	3	3	1	3	1	3	1	3	1	3	1	3	1
plain_desc	793	725	0	2	0	2	0	2	0	2	0	2	0	2	0
plain_desc	63	62	3	3	1	3	1	3	1	3	1	3	1	3	1
plain_desc	2567	2321	2	2	1	3	0	2	1	3	0	2	1	2	1
plain_desc	2330	2102	3	3	1	3	1	3	1	3	1	3	1	3	1
plain_desc	1200	1089	2	2	1	2	1	2	1	2	1	2	1	2	1
plain_desc	2267	2043	1	1	1	1	1	1	1	1	1	1	1	1	1
plain_desc	1347	1217	2	2	1	3	0	1	0	1	0	3	0	2	1
plain_desc	1204	1093	2	2	1	2	1	2	1	1	0	2	1	2	1
plain_desc	1662	1504	1	1	1	2	0	1	1	1	1	1	1	1	1
plain_desc	643	584	1	1	1	3	0	1	1	1	1	1	1	1	1
plain_desc	750	683	2	2	1	2	1	3	0	2	1	2	1	2	1
plain_desc	256	236	0	0	1	3	0	0	1	0	1	0	1	0	1
plain_desc	17	18	1	2	0	2	0	2	0	2	0	2	0	2	0
plain_desc	1175	1067	3	3	1	3	1	3	1	3	1	3	1	3	1
plain_desc	332	306	3	3	1	0	0	0	0	2	0	2	0	3	1
plain_desc	2130	1918	3	3	1	3	1	3	1	3	1	3	1	3	1
plain_desc	1315	1188	0	0	1	2	0	1	0	2	0	2	0	0	1
plain_desc	1831	1654	2	3	0	3	0	3	0	3	0	3	0	3	0
plain_desc	2391	2157	2	2	1	3	0	2	1	0	0	2	1	0	0
plain_desc	1343	1214	2	2	1	2	1	2	1	2	1	2	1	2	1
plain_desc	1196	1086	1	1	1	0	0	3	0	1	1	2	0	1	1
plain_desc	24	25	1	1	1	0	0	1	1	0	0	0	0	1	1
plain_desc	351	323	3	3	1	3	1	3	1	3	1	3	1	3	1
plain_desc	1945	1754	0	0	1	3	0	3	0	3	0	3	0	3	0
plain_desc	1245	1126	3	3	1	2	0	1	0	3	1	3	1	3	1
plain_desc	1914	1727	1	1	1	2	0	2	0	2	0	2	0	1	1
plain_desc	1439	1304	0	0	1	1	0	1	0	0	1	1	0	0	1
plain_desc	1915	1727	3	3	1	3	1	2	0	2	0	2	0	3	1
plain_desc	811	742	2	2	1	0	0	1	0	3	0	2	1	2	1
plain_desc	2082	1873	0	2	0	0	1	2	0	0	1	0	1	0	1
plain_desc	777	709	0	3	0	3	0	2	0	2	0	2	0	3	0
plain_desc	994	905	0	3	0	3	0	3	0	3	0	3	0	3	0
plain_desc	1619	1465	2	2	1	0	0	2	1	2	1	2	1	2	1
plain_desc	439	404	0	0	1	0	1	3	0	3	0	3	0	0	1
plain_desc	440	404	1	0	0	0	0	0	0	0	0	0	0	0	0
plain_desc	1862	1681	0	2	0	0	1	3	0	2	0	0	1	2	0
plain_desc	715	652	3	3	1	0	0	0	0	0	0	3	1	3	1
plain_desc	716	652	3	3	1	2	0	1	0	3	1	3	1	3	1
plain_desc	1539	1395	1	1	1	1	1	1	1	1	1	1	1	1	1
plain_desc	2320	2093	3	3	1	3	1	3	1	3	1	3	1	3	1
plain_desc	1087	987	2	3	0	3	0	3	0	3	0	3	0	3	0
plain_desc	163	150	0	0	1	3	0	3	0	3	0	3	0	0	1
plain_desc	1031	937	1	1	1	0	0	2	0	1	1	1	1	1	1
plain_desc	2173	1956	0	0	1	3	0	0	1	3	0	0	1	0	1
plain_desc	409	376	0	0	1	0	1	1	0	0	1	0	1	0	1
plain_desc	613	555	0	0	1	0	1	2	0	0	1	0	1	0	1
plain_desc	408	376	2	1	0	1	0	3	0	2	1	2	1	1	0
plain_desc	1424	1291	0	0	1	0	1	0	1	0	1	0	1	0	1
plain_desc	1425	1291	3	2	0	2	0	3	1	2	0	2	0	2	0
plain_desc	1994	1798	1	1	1	0	0	1	1	1	1	1	1	1	1
plain_desc	1529	1387	3	3	1	3	1	3	1	3	1	3	1	3	1
plain_desc	1590	1438	1	1	1	1	1	1	1	1	1	1	1	1	1
plain_desc	1523	1381	3	3	1	0	0	3	1	3	1	3	1	3	1
plain_desc	2451	2211	1	1	1	3	0	2	0	1	1	3	0	1	1
plain_desc	2450	2211	0	0	1	0	1	0	1	0	1	0	1	0	1
plain_desc	1301	1177	1	1	1	3	0	3	0	3	0	3	0	1	1
plain_desc	965	880	3	1	0	2	0	2	0	2	0	2	0	1	0
plain_desc	839	766	1	1	1	1	1	1	1	1	1	1	1	1	1
plain_desc	171	155	3	3	1	3	1	3	1	3	1	3	1	3	1
plain_desc	2121	1909	2	2	1	3	0	3	0	2	1	1	0	2	1
plain_desc	1825	1649	3	3	1	3	1	3	1	3	1	3	1	3	1
plain_desc	580	524	0	0	1	0	1	1	0	0	1	0	1	0	1
plain_desc	1933	1743	1	1	1	1	1	1	1	1	1	1	1	1	1
plain_desc	168	152	1	1	1	3	0	1	1	3	0	3	0	1	1
plain_desc	166	152	0	0	1	0	1	1	0	1	0	0	1	0	1
plain_desc	2086	1877	0	1	0	0	1	1	0	0	1	0	1	1	0
plain_desc	2449	2210	2	2	1	2	1	0	0	2	1	2	1	2	1
plain_desc	2461	2221	3	3	1	3	1	3	1	3	1	3	1	3	1
plain_desc	124	118	3	3	1	3	1	1	0	3	1	3	1	3	1
plain_desc	1242	1123	0	2	0	1	0	0	1	1	0	1	0	1	0
plain_desc	1643	1486	3	3	1	2	0	2	0	3	1	3	1	3	1
plain_desc	1299	1175	3	1	0	3	1	1	0	1	0	0	0	3	1
plain_desc	2251	2030	2	2	1	3	0	3	0	3	0	3	0	2	1
plain_desc	917	840	1	1	1	1	1	1	1	1	1	1	1	1	1
plain_desc	2191	1973	3	3	1	3	1	3	1	3	1	3	1	3	1
plain_desc	1560	1414	2	2	1	2	1	2	1	2	1	2	1	2	1
plain_desc	2022	1822	0	0	1	1	0	3	0	0	1	1	0	0	1
plain_desc	1561	1414	0	0	1	0	1	0	1	0	1	0	1	0	1
plain_desc	2277	2053	3	3	1	3	1	2	0	3	1	3	1	3	1
plain_desc	1508	1367	0	0	1	0	1	2	0	0	1	0	1	0	1
plain_desc	1397	1265	3	3	1	3	1	3	1	3	1	3	1	3	1
plain_desc	2363	2129	3	3	1	3	1	3	1	3	1	3	1	3	1
plain_desc	2299	2073	2	1	0	1	0	0	0	1	0	1	0	1	0
plain_desc	110	105	1	1	1	1	1	1	1	1	1	1	1	1	1
plain_desc	827	757	1	1	1	0	0	3	0	0	0	1	1	1	1
plain_desc	1014	922	2	2	1	2	1	2	1	2	1	2	1	2	1
plain_desc	1013	922	0	0	1	0	1	0	1	0	1	0	1	0	1
plain_desc	1012	922	1	1	1	1	1	1	1	1	1	1	1	1	1
plain_desc	588	531	3	3	1	1	0	1	0	3	1	3	1	3	1
plain_desc	69	68	2	2	1	2	1	2	1	2	1	2	1	2	1
plain_desc	1067	968	3	0	0	1	0	1	0	1	0	1	0	0	0
plain_desc	627	568	1	1	1	1	1	1	1	1	1	1	1	1	1
plain_desc	1189	1080	3	3	1	1	0	2	0	3	1	3	1	3	1
plain_desc	1188	1080	2	0	0	3	0	3	0	0	0	0	0	0	0
plain_desc	2279	2055	1	1	1	1	1	1	1	2	0	1	1	1	1
plain_desc	1355	1225	2	2	1	2	1	1	0	2	1	2	1	2	1
plain_desc	2148	1934	0	0	1	2	0	3	0	0	1	0	1	0	1
plain_desc	37	37	0	0	1	0	1	0	1	0	1	0	1	0	1
plain_desc	737	670	2	2	1	1	0	3	0	2	1	2	1	2	1
plain_desc	75	74	0	1	0	1	0	1	0	0	1	1	0	1	0
plain_desc	1956	1765	3	3	1	3	1	0	0	3	1	3	1	3	1
plain_desc	68	67	1	1	1	1	1	1	1	1	1	1	1	1	1
plain_desc	33	33	1	3	0	1	1	1	1	1	1	1	1	3	0
plain_desc	1333	1205	3	2	0	2	0	3	1	2	0	2	0	3	1
plain_desc	39	39	2	0	0	1	0	0	0	0	0	1	0	1	0
plain_desc	382	352	1	0	0	0	0	0	0	0	0	0	0	0	0
plain_desc	2651	2398	2	2	1	2	1	2	1	2	1	2	1	2	1
plain_desc	1452	1317	1	1	1	1	1	1	1	1	1	1	1	1	1
plain_desc	1521	1379	3	3	1	3	1	3	1	3	1	3	1	3	1
plain_desc	2081	1872	3	3	1	3	1	3	1	3	1	3	1	3	1
plain_desc	2255	2033	2	2	1	3	0	2	1	2	1	2	1	2	1
plain_desc	1554	1409	1	1	1	3	0	3	0	1	1	2	0	1	1
plain_desc	379	349	0	1	0	1	0	1	0	1	0	1	0	1	0
plain_desc	2235	2015	2	2	1	1	0	0	0	2	1	2	1	2	1
plain_desc	709	646	2	2	1	2	1	2	1	2	1	2	1	2	1
plain_desc	722	657	3	2	0	1	0	1	0	2	0	2	0	2	0
plain_desc	800	732	3	3	1	3	1	3	1	3	1	3	1	3	1
plain_desc	2620	2372	2	2	1	1	0	1	0	2	1	2	1	2	1
plain_desc	412	379	1	1	1	1	1	1	1	1	1	1	1	1	1
plain_desc	1466	1331	2	2	1	2	1	2	1	2	1	2	1	2	1
plain_desc	1467	1331	2	2	1	2	1	1	0	2	1	2	1	2	1
plain_desc	2429	2191	3	3	1	2	0	0	0	0	0	2	0	3	1
plain_desc	551	499	3	3	1	3	1	3	1	3	1	3	1	3	1
plain_desc	977	890	2	3	0	2	1	1	0	2	1	3	0	0	0
plain_desc	894	818	2	2	1	2	1	1	0	3	0	2	1	2	1
plain_desc	203	185	2	2	1	1	0	1	0	1	0	1	0	2	1
plain_desc	2453	2213	0	0	1	3	0	2	0	0	1	2	0	0	1
plain_desc	1212	1099	3	3	1	3	1	3	1	0	0	3	1	3	1
plain_desc	1050	953	3	3	1	0	0	2	0	3	1	3	1	3	1
plain_desc	448	412	1	1	1	3	0	1	1	2	0	2	0	1	1
plain_desc	2158	1941	1	1	1	1	1	1	1	1	1	1	1	1	1
plain_desc	1011	921	3	3	1	3	1	3	1	3	1	3	1	3	1
plain_desc	2333	2105	0	0	1	0	1	0	1	0	1	0	1	0	1
plain_desc	2334	2105	3	3	1	1	0	1	0	1	0	1	0	1	0
plain_desc	2238	2018	2	2	1	2	1	2	1	2	1	0	0	2	1
plain_desc	527	477	2	3	0	3	0	3	0	3	0	3	0	3	0
plain_desc	471	428	2	2	1	0	0	0	0	2	1	2	1	2	1
plain_desc	123	117	2	2	1	0	0	0	0	0	0	3	0	2	1
plain_desc	1665	1507	1	1	1	1	1	1	1	1	1	1	1	1	1
plain_desc	1406	1273	0	0	1	0	1	0	1	0	1	0	1	0	1
plain_desc	231	213	0	0	1	3	0	3	0	3	0	3	0	0	1
plain_desc	1094	992	2	2	1	2	1	2	1	2	1	2	1	2	1
plain_desc	1495	1356	1	1	1	1	1	0	0	0	0	1	1	1	1
plain_desc	711	648	3	3	1	1	0	1	0	1	0	1	0	3	1
plain_desc	985	897	1	1	1	1	1	1	1	1	1	1	1	1	1
plain_desc	477	433	3	3	1	2	0	2	0	2	0	2	0	3	1
plain_desc	1634	1479	0	1	0	1	0	1	0	1	0	1	0	1	0
plain_desc	718	653	3	3	1	3	1	3	1	3	1	3	1	3	1
plain_desc	60	59	1	1	1	1	1	1	1	1	1	1	1	1	1
plain_desc	537	486	1	1	1	1	1	1	1	1	1	1	1	1	1
plain_desc	1185	1077	0	0	1	2	0	1	0	2	0	2	0	0	1
plain_desc	325	302	3	2	0	2	0	3	1	2	0	2	0	2	0
plain_desc	326	302	1	1	1	1	1	1	1	2	0	1	1	1	1
plain_desc	2577	2330	0	0	1	3	0	3	0	3	0	0	1	3	0
plain_desc	2017	1818	2	0	0	0	0	0	0	0	0	0	0	0	0
plain_desc	1235	1119	3	3	1	3	1	0	0	3	1	3	1	3	1
plain_desc	903	826	3	3	1	2	0	1	0	3	1	3	1	3	1
plain_desc	1946	1755	0	0	1	3	0	3	0	0	1	0	1	0	1
plain_desc	2045	1841	3	3	1	3	1	3	1	3	1	3	1	3	1
plain_desc	421	387	1	1	1	1	1	0	0	1	1	1	1	1	1
plain_desc	703	640	3	3	1	3	1	3	1	3	1	3	1	3	1
plain_desc	2481	2241	1	2	0	0	0	0	0	2	0	2	0	2	0
plain_desc	1812	1637	0	0	1	3	0	3	0	2	0	0	1	0	1
plain_desc	2016	1817	2	2	1	2	1	0	0	2	1	2	1	2	1
plain_desc	1540	1396	1	1	1	1	1	1	1	1	1	1	1	1	1
plain_desc	322	299	0	0	1	2	0	2	0	2	0	2	0	0	1
plain_desc	2159	1942	1	1	1	1	1	3	0	1	1	1	1	1	1
plain_desc	282	261	2	2	1	2	1	1	0	2	1	1	0	2	1
plain_desc	1617	1464	3	2	0	2	0	2	0	3	1	3	1	2	0
plain_desc	1618	1464	2	1	0	1	0	1	0	1	0	1	0	1	0
plain_desc	1867	1684	1	1	1	1	1	1	1	1	1	1	1	1	1
plain_desc	111	106	2	1	0	0	0	1	0	1	0	1	0	1	0
plain_desc	1122	1017	2	2	1	0	0	2	1	0	0	0	0	2	1
plain_desc	2151	1936	0	0	1	1	0	0	1	0	1	0	1	0	1
plain_desc	1906	1720	0	0	1	0	1	0	1	0	1	0	1	0	1
plain_desc	367	338	2	2	1	2	1	3	0	3	0	3	0	2	1
plain_desc	459	419	2	1	0	3	0	2	1	3	0	3	0	1	0
plain_desc	2347	2116	3	0	0	1	0	1	0	1	0	1	0	0	0
plain_desc	2306	2080	0	0	1	2	0	2	0	0	1	0	1	0	1
plain_desc	1920	1731	2	2	1	2	1	2	1	2	1	2	1	2	1
plain_desc	4	6	0	0	1	2	0	0	1	0	1	0	1	0	1
plain_desc	727	661	2	2	1	2	1	3	0	2	1	2	1	2	1
plain_desc	380	350	2	2	1	3	0	2	1	2	1	2	1	2	1
plain_desc	2005	1808	0	0	1	0	1	2	0	0	1	0	1	0	1
plain_desc	1228	1113	3	3	1	2	0	3	1	3	1	3	1	3	1
plain_desc	2604	2356	1	1	1	1	1	1	1	1	1	1	1	1	1
plain_desc	95	92	3	3	1	3	1	3	1	3	1	3	1	3	1
plain_desc	1625	1470	2	2	1	2	1	2	1	2	1	2	1	2	1
plain_desc	1525	1383	0	0	1	2	0	1	0	0	1	0	1	0	1
plain_desc	276	255	1	1	1	1	1	1	1	1	1	1	1	1	1
plain_desc	1789	1615	1	1	1	1	1	1	1	1	1	1	1	1	1
plain_desc	2119	1908	2	2	1	1	0	2	1	2	1	2	1	2	1
plain_desc	2264	2041	3	3	1	1	0	2	0	1	0	1	0	3	1
plain_desc	1353	1223	1	1	1	1	1	1	1	1	1	1	1	1	1
plain_desc	2491	2251	0	2	0	0	1	0	1	0	1	0	1	0	1
plain_desc	335	308	1	1	1	0	0	3	0	1	1	1	1	1	1
plain_desc	2520	2278	2	3	0	2	1	2	1	1	0	1	0	3	0
plain_desc	1280	1157	2	2	1	2	1	3	0	2	1	2	1	2	1
plain_desc	388	357	0	0	1	0	1	1	0	1	0	1	0	0	1
plain_desc	658	599	2	2	1	2	1	2	1	2	1	2	1	2	1
plain_desc	833	761	2	2	1	1	0	0	0	2	1	2	1	2	1
plain_desc	1084	984	1	2	0	3	0	2	0	2	0	2	0	2	0
plain_desc	2418	2180	2	2	1	3	0	2	1	2	1	2	1	2	1
plain_desc	2580	2332	2	2	1	1	0	1	0	1	0	1	0	2	1
plain_desc	349	321	0	0	1	0	1	3	0	0	1	0	1	0	1
plain_desc	604	547	3	3	1	0	0	3	1	3	1	0	0	3	1
plain_desc	1983	1789	1	1	1	3	0	3	0	0	0	3	0	1	1
plain_desc	1738	1570	0	0	1	0	1	0	1	0	1	0	1	0	1
plain_desc	872	797	2	2	1	2	1	1	0	2	1	2	1	2	1
plain_desc	1562	1415	2	2	1	0	0	3	0	2	1	2	1	2	1
plain_desc	1129	1024	3	3	1	2	0	3	1	3	1	3	1	3	1
plain_desc	2506	2265	1	1	1	1	1	3	0	1	1	1	1	1	1
plain_desc	1573	1423	1	1	1	2	0	2	0	3	0	1	1	1	1
plain_desc	2044	1840	1	0	0	0	0	0	0	0	0	0	0	0	0
plain_desc	1020	928	1	1	1	1	1	2	0	0	0	0	0	1	1
plain_desc	1360	1229	0	1	0	0	1	2	0	0	1	0	1	1	0
plain_desc	2407	2171	3	3	1	3	1	3	1	2	0	3	1	3	1
plain_desc	2217	1999	3	3	1	0	0	3	1	3	1	1	0	3	1
plain_desc	934	855	0	2	0	0	1	2	0	2	0	3	0	2	0
plain_desc	1075	976	2	2	1	3	0	2	1	3	0	2	1	2	1
plain_desc	817	747	2	2	1	0	0	0	0	0	0	1	0	1	0
plain_desc	816	747	3	3	1	1	0	1	0	3	1	3	1	3	1
plain_desc	1985	1790	3	3	1	3	1	1	0	3	1	3	1	3	1
plain_desc	1652	1494	2	1	0	2	1	2	1	2	1	2	1	2	1
plain_desc	1880	1697	0	0	1	0	1	0	1	0	1	0	1	0	1
plain_desc	932	853	2	3	0	3	0	2	1	3	0	3	0	3	0
plain_desc	479	434	1	1	1	1	1	1	1	1	1	1	1	1	1
plain_desc	2650	2397	1	1	1	0	0	2	0	2	0	2	0	1	1
plain_desc	1361	1230	1	1	1	1	1	1	1	1	1	1	1	1	1
plain_desc	1677	1517	2	1	0	1	0	1	0	1	0	1	0	1	0
plain_desc	1491	1352	2	2	1	1	0	1	0	2	1	2	1	2	1
plain_desc	1941	1751	1	1	1	1	1	1	1	1	1	1	1	1	1
plain_desc	1960	1768	2	2	1	1	0	2	1	1	0	2	1	2	1
plain_desc	1541	1397	3	3	1	3	1	3	1	3	1	3	1	3	1
plain_desc	838	765	1	1	1	0	0	2	0	2	0	1	1	1	1
plain_desc	1179	1071	0	0	1	0	1	0	1	0	1	0	1	0	1
plain_desc	456	418	2	2	1	2	1	2	1	2	1	2	1	2	1
plain_desc	2301	2075	1	0	0	0	0	0	0	0	0	0	0	0	0
plain_desc	2644	2391	1	1	1	1	1	1	1	1	1	1	1	1	1
plain_desc	2643	2391	1	1	1	3	0	1	1	3	0	1	1	1	1
plain_desc	1557	1411	1	1	1	1	1	1	1	1	1	1	1	1	1
plain_desc	980	893	3	2	0	2	0	2	0	2	0	2	0	2	0
plain_desc	1393	1261	0	0	1	0	1	0	1	1	0	1	0	0	1
plain_desc	2642	2390	2	2	1	0	0	2	1	2	1	2	1	2	1
plain_desc	1294	1170	1	1	1	1	1	0	0	1	1	1	1	1	1
plain_desc	403	371	3	3	1	3	1	2	0	0	0	2	0	3	1
plain_desc	1093	991	0	0	1	2	0	2	0	2	0	0	1	0	1
plain_desc	1861	1680	0	0	1	0	1	0	1	0	1	0	1	0	1
plain_desc	1629	1474	1	1	1	1	1	3	0	3	0	0	0	1	1
plain_desc	2516	2274	3	3	1	3	1	3	1	3	1	3	1	3	1
plain_desc	1970	1778	1	1	1	1	1	1	1	1	1	1	1	1	1
plain_desc	1714	1550	2	2	1	2	1	3	0	2	1	2	1	2	1
plain_desc	1112	1009	2	2	1	1	0	2	1	2	1	2	1	2	1
plain_desc	152	140	3	3	1	0	0	1	0	2	0	2	0	3	1
plain_desc	2166	1949	0	0	1	0	1	0	1	0	1	0	1	0	1
plain_desc	1605	1453	0	1	0	1	0	2	0	1	0	1	0	1	0
plain_desc	1500	1360	1	1	1	3	0	3	0	2	0	1	1	1	1
plain_desc	2178	1961	3	3	1	3	1	0	0	3	1	3	1	3	1
plain_desc	1727	1561	2	2	1	2	1	2	1	2	1	2	1	2	1
plain_desc	2160	1943	1	1	1	1	1	1	1	1	1	1	1	1	1
plain_desc	2291	2066	2	2	1	0	0	0	0	0	0	0	0	0	0
plain_desc	1402	1269	1	1	1	1	1	3	0	1	1	1	1	1	1
plain_desc	1832	1655	1	1	1	1	1	3	0	1	1	1	1	1	1
plain_desc	1159	1051	2	0	0	2	1	1	0	2	1	0	0	0	0
plain_desc	2014	1815	2	2	1	1	0	1	0	2	1	2	1	2	1
plain_desc	450	413	2	1	0	2	1	1	0	2	1	2	1	1	0
plain_desc	341	313	2	2	1	1	0	1	0	2	1	2	1	2	1
plain_desc	2475	2235	2	2	1	2	1	2	1	2	1	2	1	2	1
plain_desc	1964	1772	2	2	1	2	1	2	1	2	1	2	1	2	1
plain_desc	2165	1948	0	0	1	2	0	3	0	3	0	3	0	0	1
plain_desc	958	874	0	0	1	1	0	3	0	0	1	0	1	0	1
plain_desc	2458	2218	3	3	1	3	1	1	0	1	0	3	1	1	0
plain_desc	496	448	1	1	1	0	0	0	0	0	0	0	0	1	1
plain_desc	495	448	1	1	1	1	1	1	1	1	1	1	1	1	1
plain_desc	1040	945	0	0	1	2	0	2	0	1	0	3	0	0	1
plain_desc	1041	945	1	1	1	1	1	1	1	1	1	1	1	1	1
plain_desc	1828	1652	0	0	1	0	1	0	1	0	1	0	1	0	1
plain_desc	2132	1920	3	3	1	3	1	1	0	3	1	3	1	3	1
plain_desc	1756	1586	1	1	1	1	1	1	1	1	1	1	1	1	1
plain_desc	2415	2177	1	1	1	1	1	1	1	1	1	1	1	1	1
plain_desc	1534	1392	1	1	1	2	0	0	0	2	0	2	0	1	1
plain_desc	1988	1793	2	1	0	2	1	3	0	3	0	3	0	1	0
plain_desc	2106	1895	2	2	1	2	1	1	0	2	1	2	1	2	1
plain_desc	2326	2099	1	1	1	1	1	1	1	2	0	2	0	1	1
plain_desc	2484	2244	2	2	1	2	1	2	1	2	1	2	1	2	1
plain_desc	1271	1149	0	0	1	0	1	3	0	0	1	0	1	0	1
plain_desc	1579	1428	1	1	1	0	0	0	0	2	0	2	0	1	1
plain_desc	2290	2065	0	0	1	0	1	0	1	0	1	0	1	0	1
plain_desc	569	514	2	2	1	3	0	0	0	3	0	0	0	2	1
plain_desc	2051	1846	2	2	1	3	0	1	0	2	1	2	1	2	1
plain_desc	2495	2255	0	0	1	0	1	0	1	0	1	0	1	0	1
plain_desc	1478	1342	2	2	1	0	0	1	0	2	1	2	1	2	1
plain_desc	1311	1184	3	3	1	3	1	3	1	3	1	3	1	3	1
plain_desc	595	538	0	0	1	0	1	0	1	0	1	0	1	0	1
plain_desc	530	480	3	3	1	3	1	3	1	3	1	3	1	3	1
plain_desc	875	800	2	0	0	0	0	0	0	0	0	0	0	2	1
plain_desc	2488	2248	2	3	0	2	1	3	0	2	1	2	1	3	0
plain_desc	1293	1169	0	0	1	1	0	3	0	1	0	0	1	0	1
plain_desc	2359	2126	2	0	0	0	0	0	0	0	0	0	0	0	0
plain_desc	1865	1683	0	0	1	0	1	0	1	0	1	3	0	3	0
plain_desc	2559	2313	3	3	1	3	1	3	1	3	1	3	1	3	1
plain_desc	1433	1299	3	3	1	3	1	3	1	3	1	3	1	3	1
plain_desc	975	888	3	3	1	1	0	1	0	3	1	3	1	3	1
plain_desc	2036	1834	3	3	1	2	0	3	1	3	1	3	1	3	1
plain_desc	1268	1146	0	0	1	0	1	0	1	0	1	0	1	0	1
plain_desc	2164	1947	3	3	1	1	0	1	0	3	1	3	1	3	1
plain_desc	861	787	2	2	1	2	1	1	0	2	1	2	1	2	1
plain_desc	1461	1326	3	3	1	2	0	2	0	3	1	2	0	3	1
plain_desc	1378	1246	2	2	1	0	0	2	1	0	0	2	1	2	1
plain_desc	1377	1246	3	3	1	3	1	3	1	3	1	3	1	3	1
plain_desc	1163	1055	3	3	1	0	0	3	1	3	1	3	1	3	1
plain_desc	1901	1716	2	2	1	2	1	2	1	2	1	2	1	2	1
plain_desc	1368	1237	3	1	0	0	0	1	0	1	0	1	0	1	0
plain_desc	923	844	2	3	0	3	0	3	0	3	0	3	0	3	0
plain_desc	1684	1523	2	1	0	2	1	1	0	1	0	1	0	1	0
plain_desc	2606	2358	0	0	1	0	1	1	0	0	1	0	1	0	1
plain_desc	1497	1358	3	3	1	3	1	1	0	3	1	3	1	3	1
plain_desc	907	830	0	0	1	1	0	1	0	2	0	1	0	1	0
plain_desc	2384	2150	2	3	0	3	0	3	0	3	0	0	0	3	0
plain_desc	2576	2329	1	1	1	0	0	0	0	0	0	0	0	1	1
plain_desc	2550	2307	0	0	1	2	0	0	1	0	1	0	1	0	1
plain_desc	2551	2307	0	0	1	0	1	0	1	0	1	0	1	0	1
plain_desc	1453	1318	1	1	1	1	1	1	1	1	1	1	1	1	1
plain_desc	240	221	2	2	1	3	0	2	1	2	1	2	1	2	1
plain_desc	676	615	1	1	1	1	1	1	1	1	1	1	1	1	1
plain_desc	2512	2270	2	1	0	2	1	2	1	2	1	2	1	1	0
plain_desc	411	378	3	1	0	3	1	2	0	3	1	1	0	1	0
plain_desc	617	558	1	1	1	1	1	1	1	1	1	2	0	1	1
plain_desc	2157	1940	1	0	0	2	0	0	0	0	0	0	0	0	0
plain_desc	2145	1932	3	3	1	0	0	3	1	2	0	1	0	3	1
plain_desc	892	817	1	1	1	1	1	1	1	1	1	1	1	1	1
plain_desc	36	36	1	1	1	1	1	0	0	2	0	2	0	2	0
plain_desc	119	114	2	2	1	2	1	3	0	2	1	2	1	2	1
plain_desc	1998	1802	1	0	0	1	1	1	1	0	0	0	0	0	0
plain_desc	1091	990	2	2	1	2	1	2	1	2	1	2	1	2	1
plain_desc	2346	2115	0	0	1	0	1	1	0	2	0	2	0	0	1
plain_desc	919	842	1	0	0	2	0	0	0	0	0	0	0	0	0
plain_desc	920	842	0	1	0	1	0	0	1	1	0	1	0	1	0
plain_desc	46	46	3	3	1	3	1	2	0	3	1	3	1	3	1
plain_desc	1886	1703	1	1	1	0	0	1	1	1	1	0	0	1	1
plain_desc	1306	1182	0	0	1	0	1	0	1	0	1	0	1	0	1
plain_desc	259	239	1	1	1	1	1	1	1	1	1	1	1	1	1
plain_desc	1195	1085	1	1	1	0	0	3	0	1	1	1	1	1	1
plain_desc	1345	1215	3	3	1	0	0	3	1	1	0	3	1	1	0
plain_desc	1140	1035	2	2	1	2	1	0	0	0	0	2	1	2	1
plain_desc	2385	2151	1	1	1	1	1	1	1	1	1	1	1	1	1
plain_desc	535	485	3	3	1	0	0	3	1	0	0	3	1	3	1
plain_desc	947	868	0	0	1	1	0	0	1	0	1	0	1	0	1
plain_desc	1820	1644	3	3	1	3	1	2	0	3	1	3	1	3	1
plain_desc	2244	2024	0	1	0	1	0	1	0	1	0	1	0	1	0
plain_desc	2319	2092	1	0	0	0	0	0	0	0	0	0	0	0	0
plain_desc	1624	1469	3	3	1	3	1	3	1	3	1	3	1	3	1
plain_desc	2318	2092	3	3	1	3	1	3	1	3	1	3	1	3	1
plain_desc	237	219	0	0	1	0	1	0	1	0	1	0	1	0	1
plain_desc	396	365	1	1	1	1	1	3	0	1	1	1	1	1	1
plain_desc	1955	1764	3	3	1	0	0	1	0	3	1	1	0	3	1
plain_desc	1468	1332	0	0	1	0	1	0	1	0	1	0	1	0	1
plain_desc	1829	1653	1	1	1	1	1	1	1	1	1	3	0	1	1
plain_desc	1516	1374	3	3	1	3	1	3	1	3	1	3	1	3	1
plain_desc	675	614	3	3	1	0	0	1	0	3	1	0	0	2	0
plain_desc	1845	1666	1	1	1	1	1	1	1	1	1	1	1	1	1
plain_desc	769	701	3	3	1	3	1	3	1	3	1	3	1	3	1
plain_desc	768	701	0	0	1	0	1	0	1	0	1	0	1	0	1
plain_desc	1134	1029	3	3	1	0	0	0	0	0	0	0	0	3	1
plain_desc	249	229	2	2	1	2	1	2	1	2	1	2	1	2	1
plain_desc	2257	2035	2	0	0	1	0	2	1	0	0	0	0	0	0
plain_desc	1645	1488	1	2	0	1	1	1	1	1	1	2	0	2	0
plain_desc	1194	1084	3	3	1	3	1	3	1	3	1	3	1	3	1
plain_desc	2376	2142	2	2	1	2	1	0	0	2	1	2	1	2	1
plain_desc	1171	1063	3	1	0	1	0	2	0	1	0	1	0	1	0
plain_desc	1747	1578	3	3	1	3	1	3	1	3	1	3	1	3	1
plain_desc	699	636	1	1	1	1	1	1	1	1	1	1	1	1	1
plain_desc	591	534	2	1	0	0	0	0	0	1	0	1	0	1	0
plain_desc	14	15	1	1	1	1	1	0	0	3	0	2	0	1	1
plain_desc	753	686	3	3	1	3	1	1	0	1	0	1	0	3	1
plain_desc	2533	2290	3	3	1	3	1	0	0	3	1	0	0	3	1
plain_desc	1479	1342	1	1	1	1	1	1	1	1	1	1	1	1	1
plain_desc	1815	1640	3	3	1	0	0	3	1	3	1	0	0	3	1
plain_desc	2586	2338	2	2	1	2	1	2	1	2	1	2	1	2	1
plain_desc	2256	2034	0	0	1	0	1	0	1	0	1	3	0	0	1
plain_desc	743	676	2	2	1	2	1	1	0	2	1	2	1	2	1
plain_desc	2087	1878	0	2	0	1	0	0	1	2	0	2	0	2	0
plain_desc	663	604	0	3	0	0	1	0	1	0	1	0	1	3	0
plain_desc	1907	1721	1	1	1	3	0	3	0	3	0	3	0	1	1
plain_desc	314	292	0	0	1	0	1	0	1	0	1	0	1	0	1
point_desc	2612	2364	1	2	0	2	0	1	1	2	0	2	0	0	0
point_desc	1303	1179	2	2	1	3	0	2	1	2	1	2	1	2	1
point_desc	1949	1758	3	2	0	3	1	1	0	2	0	2	0	2	0
point_desc	1298	1174	3	3	1	3	1	3	1	3	1	3	1	3	1
point_desc	1336	1208	2	2	1	2	1	2	1	2	1	2	1	2	1
point_desc	272	251	3	3	1	3	1	3	1	3	1	3	1	3	1
point_desc	683	622	0	2	0	1	0	2	0	2	0	1	0	2	0
point_desc	127	121	3	3	1	3	1	3	1	3	1	3	1	3	1
point_desc	1543	1399	2	2	1	2	1	2	1	2	1	2	1	2	1
point_desc	1036	942	0	0	1	0	1	0	1	0	1	0	1	0	1
point_desc	1037	942	0	0	1	0	1	0	1	0	1	3	0	0	1
point_desc	288	267	1	1	1	2	0	1	1	2	0	2	0	1	1
point_desc	1748	1579	1	1	1	0	0	0	0	1	1	1	1	1	1
point_desc	265	245	0	0	1	0	1	2	0	0	1	2	0	0	1
point_desc	1553	1408	1	1	1	1	1	1	1	1	1	1	1	1	1
point_desc	2521	2279	2	2	1	2	1	0	0	2	1	2	1	2	1
point_desc	2327	2099	0	0	1	0	1	0	1	0	1	0	1	0	1
point_desc	2547	2304	1	2	0	0	0	2	0	0	0	0	0	0	0
point_desc	1537	1394	3	3	1	0	0	0	0	0	0	0	0	3	1
point_desc	1536	1394	2	2	1	2	1	2	1	2	1	2	1	2	1
point_desc	1400	1267	3	3	1	3	1	1	0	3	1	3	1	3	1
point_desc	1399	1267	0	1	0	1	0	1	0	1	0	1	0	1	0
point_desc	1330	1202	1	1	1	2	0	2	0	2	0	2	0	1	1
point_desc	2271	2047	2	2	1	2	1	2	1	3	0	2	1	2	1
point_desc	1086	986	1	2	0	1	1	1	1	1	1	1	1	2	0
point_desc	1417	1284	2	2	1	2	1	2	1	2	1	2	1	2	1
point_desc	1371	1240	0	0	1	0	1	0	1	0	1	0	1	0	1
point_desc	843	770	0	0	1	0	1	0	1	0	1	0	1	0	1
point_desc	2080	1871	0	0	1	0	1	3	0	0	1	0	1	0	1
point_desc	1819	1643	0	2	0	3	0	3	0	1	0	1	0	2	0
point_desc	2039	1837	0	0	1	0	1	2	0	0	1	0	1	0	1
point_desc	689	627	1	1	1	1	1	1	1	1	1	1	1	1	1
point_desc	688	627	0	0	1	0	1	0	1	0	1	0	1	0	1
point_desc	2541	2298	1	1	1	2	0	3	0	1	1	1	1	1	1
point_desc	2126	1914	1	1	1	3	0	1	1	1	1	1	1	1	1
point_desc	404	372	0	0	1	0	1	3	0	0	1	2	0	0	1
point_desc	2204	1986	1	1	1	2	0	2	0	3	0	1	1	1	1
point_desc	2236	2016	2	2	1	2	1	2	1	2	1	2	1	2	1
point_desc	1042	946	3	3	1	2	0	3	1	3	1	3	1	3	1
point_desc	1043	946	3	3	1	3	1	3	1	3	1	3	1	3	1
point_desc	364	335	3	1	0	1	0	1	0	1	0	1	0	1	0
point_desc	669	609	0	0	1	0	1	2	0	0	1	0	1	0	1
point_desc	1328	1200	1	1	1	1	1	3	0	1	1	1	1	1	1
point_desc	2037	1835	1	1	1	1	1	1	1	1	1	1	1	1	1
point_desc	618	559	1	1	1	1	1	1	1	1	1	1	1	1	1
point_desc	1184	1076	3	3	1	3	1	3	1	3	1	3	1	3	1
point_desc	1302	1178	0	0	1	0	1	0	1	0	1	0	1	0	1
point_desc	2038	1836	0	0	1	2	0	1	0	0	1	2	0	0	1
point_desc	347	319	2	2	1	2	1	2	1	2	1	2	1	2	1
point_desc	1666	1508	3	2	0	3	1	2	0	2	0	2	0	1	0
point_desc	1839	1661	3	3	1	3	1	3	1	3	1	3	1	3	1
point_desc	2471	2231	0	0	1	0	1	0	1	0	1	0	1	0	1
point_desc	1024	931	3	3	1	3	1	1	0	2	0	3	1	3	1
point_desc	198	180	3	3	1	3	1	2	0	3	1	3	1	3	1
point_desc	222	204	2	2	1	2	1	2	1	2	1	2	1	2	1
point_desc	1319	1192	3	3	1	3	1	3	1	3	1	3	1	3	1
point_desc	2247	2027	3	2	0	2	0	3	1	3	1	3	1	2	0
point_desc	23	24	3	1	0	1	0	1	0	1	0	1	0	1	0
point_desc	2104	1893	2	2	1	1	0	1	0	2	1	2	1	2	1
point_desc	2272	2048	3	3	1	3	1	2	0	3	1	3	1	3	1
point_desc	2240	2020	0	0	1	0	1	2	0	0	1	0	1	0	1
point_desc	913	836	2	2	1	2	1	2	1	2	1	2	1	2	1
point_desc	2639	2388	1	1	1	1	1	1	1	1	1	1	1	2	0
point_desc	2638	2388	2	2	1	3	0	3	0	3	0	2	1	2	1
point_desc	2634	2384	3	3	1	3	1	0	0	0	0	3	1	3	1
point_desc	481	436	0	1	0	1	0	0	1	1	0	1	0	1	0
point_desc	2329	2101	1	1	1	1	1	0	0	1	1	1	1	1	1
point_desc	2513	2271	2	2	1	0	0	2	1	0	0	0	0	2	1
point_desc	446	410	0	0	1	1	0	2	0	1	0	1	0	0	1
point_desc	2284	2060	1	0	0	0	0	0	0	0	0	0	0	0	0
point_desc	2596	2348	0	0	1	0	1	0	1	0	1	0	1	0	1
point_desc	2635	2385	3	3	1	0	0	0	0	1	0	1	0	1	0
point_desc	2480	2240	0	0	1	0	1	0	1	0	1	0	1	0	1
point_desc	15	16	1	1	1	1	1	1	1	1	1	1	1	1	1
point_desc	2510	2269	1	1	1	2	0	1	1	1	1	1	1	1	1
point_desc	1423	1290	1	1	1	1	1	1	1	1	1	1	1	1	1
point_desc	394	363	3	3	1	3	1	3	1	3	1	3	1	3	1
point_desc	2152	1936	3	3	1	3	1	2	0	3	1	1	0	3	1
point_desc	2150	1936	1	1	1	1	1	1	1	2	0	1	1	1	1
point_desc	2015	1816	0	0	1	0	1	0	1	0	1	0	1	0	1
point_desc	1742	1573	2	2	1	2	1	2	1	2	1	2	1	2	1
point_desc	460	420	2	2	1	0	0	0	0	0	0	0	0	0	0
point_desc	697	634	2	3	0	1	0	0	0	3	0	1	0	3	0
point_desc	2066	1859	0	0	1	0	1	0	1	0	1	0	1	0	1
point_desc	2067	1859	1	1	1	1	1	1	1	1	1	1	1	1	1
point_desc	656	597	1	1	1	2	0	1	1	1	1	1	1	1	1
point_desc	605	548	0	0	1	0	1	0	1	0	1	0	1	0	1
point_desc	230	212	2	2	1	1	0	1	0	2	1	2	1	2	1
point_desc	1124	1019	1	1	1	1	1	1	1	1	1	1	1	1	1
point_desc	2553	2308	3	3	1	3	1	1	0	3	1	3	1	3	1
point_desc	640	581	1	1	1	0	0	0	0	0	0	0	0	0	0
point_desc	670	610	2	2	1	2	1	2	1	2	1	2	1	2	1
point_desc	384	354	0	0	1	0	1	0	1	0	1	0	1	0	1
point_desc	2020	1821	2	2	1	1	0	3	0	2	1	2	1	2	1
point_desc	2364	2130	3	1	0	1	0	3	1	3	1	3	1	1	0
point_desc	77	76	0	0	1	3	0	0	1	0	1	0	1	0	1
point_desc	942	863	3	3	1	3	1	1	0	3	1	3	1	3	1
point_desc	1272	1150	2	2	1	2	1	2	1	2	1	2	1	2	1
point_desc	2276	2052	1	3	0	1	1	1	1	3	0	3	0	1	1
point_desc	1884	1701	3	3	1	3	1	1	0	3	1	0	0	3	1
point_desc	1246	1127	1	1	1	1	1	1	1	1	1	1	1	1	1
point_desc	1713	1549	1	1	1	1	1	1	1	1	1	1	1	1	1
point_desc	174	158	3	1	0	0	0	1	0	1	0	1	0	1	0
point_desc	1001	912	0	0	1	2	0	2	0	0	1	2	0	0	1
point_desc	2603	2355	3	3	1	3	1	3	1	3	1	3	1	2	0
point_desc	967	882	1	1	1	1	1	3	0	1	1	1	1	1	1
point_desc	968	882	1	1	1	1	1	2	0	1	1	1	1	1	1
point_desc	969	882	1	1	1	1	1	1	1	1	1	1	1	1	1
point_desc	2493	2253	1	1	1	2	0	1	1	1	1	1	1	1	1
point_desc	1735	1568	1	1	1	1	1	1	1	1	1	1	1	1	1
point_desc	668	608	2	2	1	2	1	1	0	2	1	3	0	2	1
point_desc	846	773	2	2	1	0	0	2	1	0	0	2	1	2	1
point_desc	1778	1606	1	1	1	1	1	1	1	0	0	1	1	1	1
point_desc	2259	2036	0	0	1	0	1	0	1	0	1	0	1	0	1
point_desc	126	120	1	2	0	1	1	1	1	2	0	2	0	2	0
point_desc	1367	1236	0	0	1	0	1	3	0	0	1	0	1	0	1
point_desc	1386	1254	1	1	1	1	1	2	0	1	1	1	1	1	1
point_desc	2496	2256	3	2	0	2	0	2	0	2	0	2	0	2	0
point_desc	944	865	3	1	0	3	1	0	0	3	1	3	1	1	0
point_desc	1119	1015	0	0	1	0	1	0	1	0	1	0	1	0	1
point_desc	998	909	0	0	1	0	1	0	1	0	1	0	1	0	1
point_desc	1827	1651	1	1	1	1	1	1	1	1	1	1	1	1	1
point_desc	2154	1937	0	0	1	2	0	3	0	0	1	2	0	0	1
point_desc	2153	1937	3	3	1	2	0	0	0	3	1	1	0	3	1
point_desc	1737	1570	0	0	1	0	1	0	1	0	1	0	1	0	1
point_desc	1269	1147	2	2	1	2	1	2	1	2	1	2	1	2	1
point_desc	2312	2086	3	3	1	1	0	0	0	1	0	1	0	3	1
point_desc	1472	1336	3	0	0	0	0	0	0	0	0	0	0	0	0
point_desc	1325	1197	3	3	1	3	1	3	1	3	1	3	1	3	1
point_desc	1310	1184	1	3	0	2	0	2	0	3	0	3	0	3	0
point_desc	2029	1828	2	0	0	0	0	3	0	3	0	0	0	0	0
point_desc	726	660	1	1	1	1	1	1	1	1	1	1	1	1	1
point_desc	1460	1325	0	3	0	3	0	1	0	0	1	3	0	0	1
point_desc	239	221	0	0	1	0	1	0	1	0	1	0	1	0	1
point_desc	233	215	1	1	1	0	0	1	1	1	1	1	1	1	1
point_desc	1496	1357	3	3	1	3	1	1	0	3	1	3	1	3	1
point_desc	518	468	3	0	0	1	0	0	0	1	0	1	0	0	0
point_desc	2337	2107	1	0	0	0	0	0	0	0	0	0	0	0	0
point_desc	2336	2107	1	1	1	1	1	1	1	1	1	2	0	1	1
point_desc	214	196	1	1	1	1	1	1	1	1	1	1	1	1	1
point_desc	2260	2037	2	0	0	0	0	3	0	2	1	2	1	3	0
point_desc	2566	2320	0	0	1	2	0	2	0	0	1	2	0	0	1
point_desc	1882	1699	3	3	1	3	1	2	0	0	0	3	1	3	1
point_desc	687	626	1	1	1	1	1	1	1	1	1	1	1	1	1
point_desc	1426	1292	3	3	1	3	1	1	0	3	1	3	1	3	1
point_desc	287	266	3	3	1	3	1	3	1	3	1	3	1	3	1
point_desc	1070	971	2	2	1	2	1	1	0	2	1	3	0	2	1
point_desc	2216	1998	0	0	1	1	0	3	0	2	0	3	0	0	1
point_desc	2109	1898	2	2	1	1	0	1	0	1	0	2	1	2	1
point_desc	315	293	3	3	1	0	0	1	0	0	0	1	0	3	1
point_desc	1608	1456	1	1	1	2	0	3	0	2	0	2	0	2	0
point_desc	108	103	1	1	1	1	1	1	1	1	1	1	1	1	1
point_desc	1260	1139	1	1	1	1	1	1	1	1	1	1	1	1	1
point_desc	324	301	1	1	1	0	0	0	0	1	1	1	1	1	1
point_desc	443	407	2	3	0	3	0	3	0	3	0	3	0	2	1
point_desc	577	521	0	0	1	0	1	2	0	0	1	0	1	0	1
point_desc	549	497	1	3	0	0	0	1	1	0	0	0	0	3	0
point_desc	2006	1809	3	3	1	3	1	3	1	3	1	3	1	3	1
point_desc	714	651	2	2	1	2	1	2	1	2	1	2	1	2	1
point_desc	632	573	3	0	0	0	0	0	0	2	0	0	0	0	0
point_desc	2048	1844	3	3	1	3	1	2	0	0	0	3	1	3	1
point_desc	220	202	1	1	1	1	1	1	1	1	1	1	1	1	1
point_desc	1183	1075	3	3	1	3	1	0	0	3	1	3	1	3	1
point_desc	22	23	1	2	0	0	0	2	0	2	0	2	0	3	0
point_desc	1004	915	2	2	1	2	1	2	1	2	1	2	1	2	1
point_desc	908	831	3	1	0	1	0	2	0	1	0	1	0	2	0
point_desc	1338	1209	0	0	1	0	1	2	0	0	1	0	1	0	1
point_desc	1767	1596	3	3	1	3	1	2	0	3	1	3	1	3	1
point_desc	1337	1209	2	1	0	1	0	1	0	1	0	1	0	2	1
point_desc	607	550	3	3	1	0	0	0	0	0	0	0	0	3	1
point_desc	1486	1348	2	2	1	2	1	3	0	2	1	2	1	2	1
point_desc	2314	2088	0	0	1	0	1	0	1	0	1	0	1	0	1
point_desc	1300	1176	1	1	1	0	0	1	1	1	1	1	1	1	1
point_desc	2476	2236	0	0	1	0	1	0	1	0	1	0	1	0	1
point_desc	1444	1309	2	0	0	0	0	0	0	0	0	0	0	0	0
point_desc	2213	1995	2	2	1	2	1	2	1	2	1	2	1	2	1
point_desc	116	111	3	3	1	2	0	2	0	3	1	2	0	3	1
point_desc	2068	1860	0	0	1	0	1	0	1	0	1	0	1	0	1
point_desc	1897	1712	0	2	0	0	1	1	0	0	1	0	1	2	0
point_desc	2307	2081	3	3	1	0	0	0	0	3	1	3	1	3	1
point_desc	176	160	1	1	1	1	1	1	1	1	1	1	1	1	1
point_desc	2378	2144	1	1	1	1	1	1	1	1	1	1	1	1	1
point_desc	1304	1180	0	0	1	0	1	0	1	0	1	0	1	0	1
point_desc	2207	1989	2	2	1	2	1	2	1	2	1	2	1	2	1
point_desc	2285	2061	1	1	1	1	1	2	0	1	1	1	1	1	1
point_desc	2286	2061	2	2	1	0	0	2	1	0	0	0	0	2	1
point_desc	38	38	2	3	0	2	1	3	0	2	1	2	1	3	0
point_desc	2147	1933	2	2	1	0	0	2	1	2	1	0	0	0	0
point_desc	2468	2228	2	0	0	2	1	0	0	3	0	2	1	0	0
point_desc	218	200	0	0	1	0	1	1	0	0	1	0	1	0	1
point_desc	956	873	2	3	0	2	1	2	1	3	0	3	0	3	0
point_desc	957	873	3	0	0	0	0	3	1	0	0	1	0	0	0
point_desc	2600	2352	0	0	1	2	0	2	0	0	1	1	0	0	1
point_desc	217	199	1	1	1	1	1	2	0	1	1	2	0	1	1
point_desc	2177	1960	2	1	0	2	1	0	0	1	0	1	0	1	0
point_desc	1015	923	3	3	1	3	1	3	1	3	1	3	1	3	1
point_desc	427	392	0	2	0	0	1	0	1	0	1	0	1	2	0
point_desc	1248	1129	3	3	1	3	1	3	1	2	0	2	0	3	1
point_desc	2174	1957	1	1	1	1	1	1	1	1	1	1	1	1	1
point_desc	2581	2333	3	2	0	2	0	1	0	3	1	2	0	3	1
point_desc	1253	1134	1	1	1	1	1	1	1	1	1	1	1	1	1
point_desc	2435	2197	3	3	1	3	1	3	1	3	1	3	1	3	1
point_desc	2436	2197	3	3	1	3	1	3	1	0	0	0	0	0	0
point_desc	1384	1252	0	0	1	0	1	2	0	0	1	0	1	0	1
point_desc	2107	1896	0	0	1	0	1	0	1	0	1	0	1	0	1
point_desc	2366	2132	3	3	1	2	0	2	0	3	1	3	1	3	1
point_desc	1354	1224	0	0	1	0	1	0	1	0	1	0	1	0	1
point_desc	213	195	1	1	1	1	1	2	0	1	1	1	1	1	1
point_desc	543	491	3	3	1	3	1	2	0	3	1	3	1	3	1
point_desc	795	727	1	1	1	1	1	1	1	1	1	1	1	1	1
point_desc	685	624	0	0	1	0	1	2	0	0	1	0	1	0	1
point_desc	1631	1476	2	2	1	2	1	2	1	2	1	2	1	2	1
point_desc	971	884	3	3	1	3	1	3	1	3	1	3	1	3	1
point_desc	148	137	0	0	1	2	0	3	0	0	1	0	1	0	1
point_desc	647	588	1	1	1	3	0	0	0	1	1	1	1	1	1
point_desc	1685	1524	3	3	1	3	1	3	1	3	1	3	1	3	1
point_desc	120	114	1	1	1	1	1	1	1	1	1	1	1	1	1
point_desc	2096	1885	2	2	1	2	1	2	1	2	1	2	1	2	1
point_desc	309	287	0	0	1	2	0	3	0	3	0	0	1	0	1
point_desc	603	546	2	2	1	2	1	2	1	2	1	2	1	2	1
point_desc	2438	2199	3	1	0	1	0	3	1	1	0	1	0	1	0
point_desc	2441	2202	2	2	1	2	1	2	1	2	1	2	1	2	1
point_desc	497	448	1	1	1	1	1	1	1	1	1	0	0	1	1
point_desc	2455	2215	2	2	1	2	1	2	1	3	0	3	0	2	1
point_desc	1128	1023	3	3	1	3	1	3	1	3	1	3	1	3	1
point_desc	2280	2056	3	0	0	0	0	0	0	0	0	0	0	0	0
point_desc	1664	1506	2	2	1	0	0	0	0	2	1	0	0	2	1
point_desc	1794	1619	0	2	0	1	0	1	0	0	1	0	1	0	1
point_desc	297	276	1	3	0	3	0	2	0	2	0	2	0	3	0
point_desc	2573	2326	1	1	1	1	1	3	0	1	1	1	1	1	1
point_desc	1470	1334	3	3	1	3	1	3	1	3	1	3	1	3	1
point_desc	906	829	2	2	1	2	1	2	1	2	1	2	1	2	1
point_desc	611	554	0	0	1	0	1	0	1	0	1	0	1	0	1
point_desc	2156	1939	3	3	1	3	1	1	0	3	1	3	1	3	1
point_desc	1873	1690	3	3	1	3	1	1	0	3	1	3	1	3	1
point_desc	1052	954	3	3	1	0	0	1	0	1	0	1	0	3	1
point_desc	754	687	2	2	1	2	1	1	0	2	1	2	1	2	1
point_desc	66	65	3	0	0	3	1	0	0	3	1	0	0	0	0
point_desc	1110	1007	0	0	1	0	1	0	1	0	1	0	1	0	1
point_desc	1369	1238	2	0	0	0	0	2	1	2	1	0	0	2	1
point_desc	71	70	1	1	1	1	1	1	1	0	0	1	1	1	1
point_desc	103	98	2	2	1	0	0	1	0	0	0	0	0	0	0
point_desc	268	247	0	3	0	3	0	2	0	3	0	3	0	3	0
point_desc	267	247	2	2	1	0	0	0	0	0	0	0	0	2	1
point_desc	952	871	0	0	1	0	1	0	1	0	1	0	1	0	1
point_desc	1935	1745	0	0	1	0	1	0	1	0	1	0	1	0	1
point_desc	1372	1241	3	3	1	1	0	1	0	1	0	3	1	3	1
point_desc	1655	1497	1	1	1	1	1	1	1	1	1	1	1	1	1
point_desc	1375	1244	3	0	0	0	0	0	0	0	0	0	0	0	0
point_desc	624	565	2	2	1	2	1	2	1	2	1	0	0	2	1
point_desc	887	812	0	0	1	0	1	2	0	0	1	0	1	0	1
point_desc	1018	926	2	3	0	2	1	0	0	2	1	2	1	2	1
point_desc	432	397	3	3	1	3	1	3	1	3	1	3	1	3	1
point_desc	1765	1594	2	1	0	0	0	0	0	2	1	2	1	0	0
point_desc	1650	1492	3	3	1	3	1	3	1	3	1	3	1	3	1
point_desc	2380	2146	1	1	1	3	0	3	0	1	1	1	1	1	1
point_desc	1898	1713	1	1	1	1	1	1	1	1	1	1	1	1	1
point_desc	2102	1891	1	0	0	1	1	0	0	0	0	0	0	1	1
point_desc	480	435	2	2	1	2	1	2	1	2	1	3	0	2	1
point_desc	2190	1972	3	3	1	3	1	3	1	3	1	3	1	3	1
point_desc	467	425	2	2	1	2	1	2	1	2	1	2	1	2	1
point_desc	468	425	3	3	1	3	1	3	1	3	1	3	1	3	1
point_desc	782	714	2	2	1	2	1	2	1	2	1	2	1	2	1
point_desc	275	254	2	0	0	0	0	1	0	2	1	2	1	0	0
point_desc	72	71	0	0	1	0	1	3	0	0	1	0	1	0	1
point_desc	2511	2270	2	2	1	2	1	3	0	2	1	2	1	2	1
point_desc	319	297	1	1	1	0	0	0	0	0	0	0	0	1	1
point_desc	2575	2328	1	1	1	1	1	1	1	1	1	1	1	1	1
point_desc	1999	1803	0	0	1	2	0	3	0	3	0	3	0	0	1
point_desc	2362	2128	0	0	1	1	0	1	0	1	0	1	0	0	1
point_desc	2414	2177	0	0	1	0	1	0	1	0	1	0	1	0	1
point_desc	2413	2177	3	3	1	3	1	0	0	3	1	3	1	3	1
point_desc	1382	1250	1	1	1	2	0	0	0	1	1	1	1	1	1
point_desc	731	665	0	0	1	0	1	0	1	0	1	0	1	0	1
point_desc	925	846	3	3	1	0	0	3	1	3	1	3	1	3	1
point_desc	732	666	1	2	0	3	0	3	0	3	0	2	0	3	0
point_desc	1788	1614	2	2	1	2	1	2	1	2	1	2	1	2	1
point_desc	700	637	2	2	1	2	1	2	1	2	1	2	1	2	1
point_desc	2442	2203	3	3	1	3	1	3	1	3	1	3	1	3	1
point_desc	1501	1361	2	2	1	2	1	2	1	2	1	2	1	2	1
point_desc	1151	1045	3	3	1	3	1	3	1	3	1	3	1	3	1
point_desc	1276	1154	3	3	1	1	0	0	0	1	0	3	1	3	1
point_desc	1846	1667	3	3	1	3	1	0	0	3	1	3	1	3	1
point_desc	1443	1308	1	1	1	2	0	2	0	2	0	2	0	2	0
point_desc	1048	951	3	1	0	0	0	2	0	0	0	0	0	1	0
point_desc	2462	2222	3	3	1	3	1	3	1	3	1	3	1	3	1
point_desc	2146	1932	1	1	1	1	1	1	1	1	1	1	1	1	1
point_desc	193	175	0	0	1	0	1	0	1	0	1	0	1	0	1
point_desc	1105	1002	3	3	1	3	1	0	0	3	1	3	1	0	0
point_desc	1763	1592	1	1	1	0	0	2	0	1	1	1	1	1	1
point_desc	1762	1592	2	2	1	2	1	2	1	2	1	2	1	2	1
point_desc	2193	1975	1	1	1	0	0	0	0	1	1	1	1	1	1
point_desc	1782	1609	1	1	1	1	1	1	1	1	1	1	1	1	1
point_desc	589	532	0	0	1	0	1	0	1	0	1	0	1	0	1
point_desc	1982	1788	3	3	1	3	1	3	1	3	1	3	1	3	1
point_desc	138	129	2	2	1	3	0	2	1	3	0	3	0	2	1
point_desc	2125	1913	3	3	1	3	1	0	0	3	1	3	1	3	1
point_desc	1351	1221	2	2	1	3	0	2	1	3	0	3	0	2	1
point_desc	2637	2387	1	1	1	1	1	1	1	1	1	1	1	1	1
point_desc	1440	1305	1	1	1	1	1	0	0	2	0	1	1	1	1
point_desc	1950	1759	3	3	1	3	1	3	1	3	1	3	1	2	0
point_desc	2527	2284	3	3	1	3	1	2	0	3	1	3	1	3	1
point_desc	987	899	0	0	1	2	0	2	0	0	1	0	1	0	1
point_desc	1278	1156	3	3	1	1	0	1	0	1	0	1	0	1	0
point_desc	900	823	1	2	0	1	1	2	0	0	0	0	0	2	0
point_desc	620	561	3	3	1	3	1	0	0	3	1	3	1	3	1
point_desc	2192	1974	2	2	1	2	1	2	1	2	1	2	1	2	1
point_desc	279	258	0	0	1	0	1	2	0	0	1	0	1	0	1
point_desc	1549	1405	3	3	1	0	0	2	0	0	0	2	0	3	1
point_desc	1694	1531	0	0	1	0	1	0	1	2	0	2	0	0	1
point_desc	1693	1531	1	2	0	2	0	2	0	2	0	2	0	2	0
point_desc	1288	1164	1	1	1	1	1	1	1	1	1	1	1	1	1
point_desc	1961	1769	1	1	1	1	1	1	1	1	1	1	1	1	1
point_desc	1432	1298	1	1	1	0	0	0	0	0	0	0	0	1	1
point_desc	1836	1658	1	1	1	0	0	0	0	1	1	1	1	1	1
point_desc	936	857	2	2	1	2	1	1	0	2	1	2	1	2	1
point_desc	651	592	0	0	1	0	1	0	1	0	1	0	1	0	1
point_desc	284	263	2	2	1	2	1	2	1	2	1	2	1	2	1
point_desc	1217	1104	0	0	1	0	1	0	1	0	1	1	0	0	1
point_desc	70	69	3	3	1	2	0	2	0	2	0	3	1	3	1
point_desc	1856	1676	2	2	1	2	1	2	1	2	1	2	1	2	1
point_desc	1981	1787	1	1	1	1	1	2	0	1	1	1	1	1	1
point_desc	1518	1376	2	2	1	2	1	0	0	2	1	2	1	2	1
point_desc	2526	2283	1	1	1	1	1	1	1	1	1	1	1	1	1
point_desc	2627	2378	0	0	1	0	1	0	1	0	1	0	1	0	1
point_desc	45	45	0	0	1	0	1	2	0	0	1	0	1	0	1
point_desc	1567	1418	2	2	1	2	1	2	1	2	1	2	1	2	1
point_desc	1379	1247	1	1	1	1	1	3	0	3	0	1	1	1	1
point_desc	2433	2195	0	0	1	0	1	1	0	0	1	0	1	0	1
point_desc	1569	1420	3	3	1	3	1	3	1	3	1	3	1	3	1
point_desc	2618	2370	1	1	1	0	0	0	0	1	1	1	1	1	1
point_desc	2206	1988	0	0	1	3	0	3	0	3	0	3	0	0	1
point_desc	2348	2117	2	2	1	2	1	2	1	2	1	2	1	2	1
point_desc	410	377	0	0	1	0	1	0	1	2	0	0	1	0	1
point_desc	1731	1565	2	2	1	2	1	2	1	2	1	2	1	2	1
point_desc	1732	1565	1	1	1	1	1	1	1	1	1	1	1	1	1
point_desc	2405	2169	1	2	0	2	0	2	0	2	0	2	0	2	0
point_desc	226	208	2	3	0	3	0	3	0	3	0	3	0	3	0
point_desc	1749	1580	3	3	1	2	0	3	1	1	0	2	0	3	1
point_desc	1730	1564	1	1	1	1	1	1	1	1	1	1	1	1	1
point_desc	814	745	0	0	1	0	1	0	1	0	1	0	1	0	1
point_desc	19	20	1	1	1	1	1	1	1	1	1	1	1	1	1
point_desc	2011	1812	1	1	1	3	0	1	1	1	1	1	1	1	1
point_desc	2419	2181	1	1	1	1	1	1	1	1	1	1	1	1	1
point_desc	311	289	2	2	1	1	0	2	1	1	0	1	0	2	1
point_desc	964	879	3	0	0	1	0	1	0	1	0	0	0	0	0
point_desc	1035	941	0	3	0	3	0	0	1	3	0	3	0	3	0
point_desc	2344	2113	1	1	1	1	1	1	1	1	1	1	1	1	1
point_desc	1349	1219	1	1	1	1	1	3	0	1	1	1	1	1	1
point_desc	891	816	1	1	1	1	1	1	1	1	1	1	1	1	1
point_desc	187	169	0	0	1	2	0	0	1	2	0	2	0	0	1
point_desc	87	84	1	1	1	1	1	1	1	1	1	1	1	1	1
point_desc	2408	2172	3	3	1	1	0	1	0	1	0	1	0	3	1
point_desc	1442	1307	2	2	1	2	1	2	1	2	1	2	1	2	1
point_desc	1860	1680	2	2	1	0	0	0	0	0	0	0	0	2	1
point_desc	631	572	0	0	1	0	1	1	0	0	1	0	1	0	1
point_desc	67	66	2	1	0	1	0	1	0	1	0	1	0	1	0
point_desc	2615	2367	3	3	1	0	0	3	1	3	1	3	1	3	1
point_desc	2225	2005	0	0	1	0	1	0	1	0	1	0	1	0	1
point_desc	2025	1824	0	0	1	0	1	1	0	0	1	0	1	0	1
point_desc	787	719	0	0	1	0	1	0	1	0	1	0	1	0	1
point_desc	2058	1852	1	1	1	1	1	1	1	1	1	1	1	1	1
point_desc	381	351	3	3	1	0	0	1	0	2	0	2	0	3	1
point_desc	2133	1921	2	2	1	2	1	2	1	2	1	2	1	3	0
point_desc	61	60	2	2	1	2	1	2	1	2	1	2	1	2	1
point_desc	1533	1391	3	3	1	1	0	2	0	1	0	3	1	3	1
point_desc	639	580	3	3	1	3	1	0	0	3	1	3	1	3	1
point_desc	1391	1259	2	1	0	1	0	3	0	1	0	1	0	1	0
point_desc	1454	1319	3	3	1	3	1	3	1	3	1	1	0	3	1
point_desc	425	390	0	0	1	0	1	0	1	0	1	0	1	0	1
point_desc	424	390	2	3	0	1	0	1	0	1	0	1	0	3	0
point_desc	1277	1155	2	2	1	2	1	2	1	2	1	2	1	2	1
point_desc	246	226	0	1	0	0	1	1	0	0	1	0	1	0	1
point_desc	2305	2079	1	1	1	1	1	1	1	1	1	1	1	1	1
point_desc	2309	2083	1	1	1	3	0	3	0	3	0	3	0	1	1
point_desc	134	126	0	0	1	0	1	0	1	0	1	0	1	0	1
point_desc	133	126	2	2	1	2	1	2	1	2	1	2	1	2	1
point_desc	135	126	1	1	1	1	1	1	1	1	1	1	1	1	1
point_desc	562	508	1	1	1	2	0	2	0	2	0	2	0	1	1
point_desc	2467	2227	1	1	1	0	0	1	1	1	1	1	1	1	1
point_desc	1647	1490	2	2	1	3	0	0	0	3	0	3	0	2	1
point_desc	883	808	0	0	1	1	0	2	0	1	0	0	1	0	1
point_desc	515	465	0	1	0	0	1	0	1	0	1	1	0	1	0
point_desc	2403	2167	1	1	1	1	1	1	1	1	1	1	1	1	1
point_desc	2402	2167	2	2	1	1	0	3	0	2	1	2	1	2	1
point_desc	2056	1851	2	2	1	2	1	3	0	2	1	3	0	2	1
point_desc	2057	1851	0	2	0	2	0	2	0	2	0	2	0	0	1
point_desc	789	721	3	3	1	3	1	3	1	3	1	3	1	3	1
point_desc	348	320	0	0	1	0	1	3	0	0	1	0	1	0	1
point_desc	1892	1707	3	3	1	3	1	3	1	3	1	3	1	3	1
point_desc	1033	939	3	3	1	3	1	3	1	3	1	3	1	3	1
point_desc	721	656	1	1	1	1	1	1	1	0	0	0	0	1	1
point_desc	486	440	3	3	1	0	0	0	0	3	1	3	1	3	1
point_desc	485	440	0	2	0	2	0	2	0	2	0	2	0	2	0
point_desc	2323	2096	2	2	1	2	1	2	1	2	1	2	1	2	1
point_desc	680	619	2	2	1	2	1	2	1	2	1	2	1	2	1
point_desc	1092	990	2	2	1	2	1	2	1	2	1	2	1	2	1
point_desc	1469	1333	2	2	1	3	0	2	1	0	0	1	0	2	1
point_desc	545	493	0	0	1	2	0	0	1	0	1	2	0	0	1
point_desc	1531	1389	2	0	0	0	0	0	0	0	0	0	0	0	0
point_desc	822	752	2	2	1	2	1	1	0	2	1	2	1	2	1
point_desc	1520	1378	0	0	1	0	1	3	0	0	1	0	1	0	1
point_desc	89	86	0	3	0	0	1	0	1	0	1	0	1	3	0
point_desc	323	300	1	1	1	1	1	1	1	1	1	1	1	1	1
point_desc	290	269	0	0	1	0	1	0	1	0	1	0	1	0	1
point_desc	681	620	2	2	1	1	0	1	0	2	1	2	1	2	1
point_desc	1796	1621	2	2	1	3	0	0	0	2	1	2	1	2	1
point_desc	1283	1160	3	3	1	3	1	3	1	0	0	0	0	3	1
point_desc	484	439	1	1	1	1	1	1	1	1	1	1	1	1	1
point_desc	90	87	0	0	1	0	1	0	1	0	1	0	1	0	1
point_desc	2230	2010	2	2	1	0	0	3	0	1	0	1	0	2	1
point_desc	791	723	3	3	1	3	1	3	1	1	0	3	1	3	1
point_desc	2273	2049	1	0	0	0	0	3	0	0	0	0	0	0	0
point_desc	1474	1338	3	3	1	3	1	3	1	3	1	3	1	3	1
point_desc	1706	1542	1	3	0	3	0	3	0	3	0	1	1	1	1
point_desc	54	53	2	2	1	1	0	1	0	1	0	0	0	2	1
point_desc	395	364	0	0	1	1	0	2	0	1	0	1	0	0	1
point_desc	200	182	1	1	1	1	1	1	1	1	1	1	1	1	1
point_desc	1256	1136	2	2	1	1	0	1	0	2	1	1	0	2	1
point_desc	1255	1136	3	3	1	3	1	3	1	3	1	3	1	3	1
point_desc	2234	2014	2	3	0	3	0	3	0	3	0	3	0	3	0
point_desc	436	401	2	2	1	2	1	0	0	2	1	2	1	2	1
point_desc	366	337	3	3	1	3	1	3	1	3	1	3	1	3	1
point_desc	2631	2381	0	0	1	0	1	0	1	0	1	0	1	0	1
point_desc	383	353	2	2	1	0	0	1	0	0	0	0	0	0	0
point_desc	1847	1668	1	1	1	2	0	1	1	1	1	1	1	1	1
point_desc	1254	1135	1	0	0	1	1	1	1	0	0	0	0	0	0
point_desc	1233	1117	2	2	1	2	1	1	0	2	1	2	1	2	1
point_desc	650	591	0	0	1	0	1	0	1	0	1	0	1	0	1
point_desc	355	327	3	3	1	0	0	3	1	2	0	3	1	3	1
point_desc	1079	980	2	2	1	2	1	2	1	2	1	2	1	2	1
point_desc	1581	1430	0	0	1	1	0	1	0	1	0	1	0	0	1
point_desc	235	217	1	1	1	2	0	2	0	1	1	2	0	1	1
point_desc	1366	1235	2	2	1	2	1	3	0	2	1	1	0	2	1
point_desc	776	708	2	2	1	2	1	3	0	2	1	2	1	2	1
point_desc	2350	2118	0	2	0	1	0	0	1	2	0	1	0	2	0
point_desc	780	712	3	1	0	1	0	1	0	0	0	1	0	1	0
point_desc	2349	2118	2	2	1	0	0	2	1	0	0	3	0	2	1
point_desc	2250	2029	3	1	0	1	0	0	0	0	0	0	0	1	0
point_desc	2249	2029	0	0	1	2	0	2	0	0	1	3	0	0	1
point_desc	2224	2004	2	2	1	2	1	1	0	2	1	2	1	2	1
point_desc	2194	1976	1	1	1	1	1	1	1	1	1	1	1	1	1
point_desc	129	122	0	0	1	0	1	0	1	0	1	1	0	0	1
point_desc	1257	1137	1	1	1	1	1	1	1	1	1	1	1	1	1
point_desc	128	122	2	2	1	2	1	3	0	2	1	2	1	2	1
point_desc	1598	1446	2	3	0	3	0	3	0	3	0	1	0	3	0
point_desc	1081	982	3	3	1	3	1	3	1	3	1	3	1	3	1
point_desc	1003	914	0	1	0	1	0	0	1	1	0	1	0	1	0
point_desc	1082	982	2	2	1	3	0	0	0	2	1	2	1	2	1
point_desc	2538	2295	3	3	1	3	1	3	1	3	1	3	1	3	1
point_desc	2426	2188	2	2	1	0	0	0	0	2	1	2	1	2	1
point_desc	1937	1747	2	2	1	1	0	1	0	1	0	1	0	2	1
point_desc	1158	1050	1	0	0	1	1	1	1	0	0	0	0	0	0
point_desc	1157	1050	3	3	1	3	1	0	0	0	0	0	0	3	1
point_desc	2483	2243	0	1	0	3	0	1	0	3	0	1	0	0	1
point_desc	65	64	1	1	1	1	1	1	1	0	0	0	0	1	1
point_desc	157	144	2	3	0	3	0	3	0	3	0	3	0	3	0
point_desc	1877	1694	2	2	1	3	0	2	1	2	1	2	1	2	1
point_desc	1824	1648	1	1	1	1	1	1	1	2	0	1	1	1	1
point_desc	1284	1161	0	3	0	3	0	0	1	3	0	3	0	3	0
point_desc	1285	1161	0	2	0	2	0	0	1	2	0	2	0	2	0
point_desc	2641	2390	1	1	1	1	1	1	1	0	0	0	0	1	1
point_desc	1725	1559	2	2	1	2	1	2	1	2	1	2	1	2	1
point_desc	1858	1678	1	3	0	3	0	2	0	3	0	3	0	3	0
point_desc	2412	2176	3	3	1	2	0	3	1	3	1	1	0	3	1
point_desc	2524	2281	0	1	0	0	1	0	1	1	0	1	0	1	0
point_desc	2523	2281	3	3	1	3	1	3	1	3	1	3	1	3	1
point_desc	516	466	3	3	1	3	1	3	1	3	1	3	1	3	1
point_desc	1153	1047	3	3	1	3	1	3	1	3	1	3	1	3	1
point_desc	2065	1858	1	1	1	1	1	1	1	1	1	1	1	1	1
point_desc	470	427	0	0	1	0	1	0	1	1	0	0	1	0	1
point_desc	2443	2204	2	2	1	2	1	0	0	2	1	2	1	2	1
point_desc	633	574	3	3	1	1	0	0	0	1	0	1	0	3	1
point_desc	2031	1830	1	1	1	1	1	1	1	1	1	1	1	1	1
point_desc	1172	1064	2	0	0	2	1	2	1	3	0	2	1	2	1
point_desc	1344	1215	2	2	1	2	1	2	1	2	1	2	1	2	1
point_desc	365	336	3	3	1	3	1	3	1	3	1	3	1	3	1
point_desc	1848	1669	3	3	1	3	1	1	0	3	1	3	1	3	1
point_desc	1044	947	1	1	1	1	1	2	0	1	1	1	1	1	1
point_desc	333	307	2	2	1	2	1	0	0	2	1	2	1	2	1
point_desc	859	785	3	1	0	1	0	1	0	1	0	1	0	1	0
point_desc	1279	1157	3	3	1	3	1	3	1	3	1	3	1	3	1
point_desc	2454	2214	2	2	1	0	0	2	1	0	0	0	0	0	0
point_desc	642	583	1	1	1	0	0	0	0	0	0	0	0	1	1
point_desc	755	688	2	3	0	3	0	3	0	3	0	3	0	3	0
point_desc	2465	2225	3	3	1	3	1	2	0	3	1	3	1	3	1
point_desc	1263	1141	2	2	1	2	1	3	0	2	1	2	1	2	1
point_desc	2092	1882	1	1	1	1	1	2	0	1	1	1	1	1	1
point_desc	2091	1882	0	2	0	2	0	1	0	1	0	0	1	2	0
point_desc	2093	1882	1	1	1	1	1	1	1	1	1	1	1	1	1
point_desc	1182	1074	1	1	1	1	1	1	1	1	1	1	1	1	1
point_desc	2316	2090	0	0	1	0	1	0	1	1	0	0	1	0	1
point_desc	426	391	0	0	1	2	0	1	0	0	1	0	1	0	1
point_desc	2585	2337	2	2	1	2	1	2	1	2	1	2	1	2	1
point_desc	263	243	1	1	1	0	0	1	1	1	1	1	1	1	1
point_desc	368	339	3	3	1	3	1	3	1	3	1	3	1	3	1
point_desc	330	304	3	3	1	3	1	3	1	3	1	3	1	3	1
point_desc	286	265	1	1	1	1	1	3	0	1	1	1	1	1	1
point_desc	438	403	0	0	1	0	1	0	1	0	1	0	1	0	1
point_desc	852	779	2	2	1	2	1	2	1	2	1	2	1	2	1
point_desc	2331	2103	1	2	0	2	0	2	0	2	0	2	0	2	0
point_desc	277	256	1	1	1	1	1	0	0	1	1	1	1	1	1
point_desc	1123	1018	3	3	1	0	0	3	1	3	1	3	1	3	1
point_desc	1331	1203	1	1	1	1	1	3	0	1	1	1	1	1	1
point_desc	109	104	2	3	0	3	0	3	0	3	0	3	0	3	0
point_desc	2649	2396	0	0	1	0	1	1	0	0	1	0	1	0	1
point_desc	1512	1371	0	0	1	0	1	0	1	0	1	0	1	0	1
point_desc	2439	2200	3	3	1	3	1	3	1	3	1	3	1	3	1
point_desc	180	163	1	1	1	1	1	0	0	3	0	3	0	1	1
point_desc	179	163	1	2	0	2	0	1	1	2	0	2	0	2	0
point_desc	594	537	3	3	1	1	0	1	0	1	0	2	0	3	1
point_desc	1482	1345	3	3	1	3	1	3	1	3	1	3	1	3	1
point_desc	391	360	0	3	0	3	0	3	0	3	0	3	0	3	0
point_desc	340	312	3	3	1	3	1	1	0	3	1	3	1	2	0
point_desc	895	819	3	3	1	3	1	3	1	3	1	3	1	3	1
point_desc	513	463	1	0	0	2	0	1	1	0	0	0	0	0	0
point_desc	1160	1052	2	2	1	2	1	2	1	2	1	2	1	2	1
point_desc	1455	1320	0	3	0	2	0	2	0	2	0	0	1	0	1
point_desc	2184	1966	1	1	1	1	1	1	1	1	1	1	1	1	1
point_desc	728	662	1	1	1	2	0	1	1	2	0	2	0	1	1
point_desc	1616	1463	3	3	1	3	1	3	1	3	1	3	1	3	1
point_desc	950	869	1	1	1	0	0	0	0	0	0	0	0	1	1
point_desc	949	869	0	0	1	0	1	0	1	0	1	0	1	0	1
point_desc	948	869	1	1	1	1	1	1	1	1	1	3	0	3	0
point_desc	387	357	0	0	1	0	1	0	1	0	1	0	1	0	1
point_desc	2024	1823	1	1	1	1	1	2	0	1	1	1	1	1	1
point_desc	2023	1823	3	0	0	1	0	2	0	0	0	0	0	0	0
point_desc	534	484	2	2	1	2	1	2	1	2	1	2	1	2	1
point_desc	1653	1495	1	0	0	0	0	1	1	0	0	0	0	1	1
point_desc	2485	2245	0	0	1	0	1	0	1	0	1	0	1	0	1
point_desc	360	331	0	0	1	0	1	0	1	0	1	1	0	0	1
point_desc	334	308	3	3	1	1	0	3	1	3	1	2	0	3	1
point_desc	303	282	3	3	1	1	0	3	1	2	0	3	1	3	1
point_desc	2466	2226	3	3	1	2	0	2	0	2	0	2	0	3	1
point_desc	373	343	1	1	1	1	1	1	1	1	1	1	1	1	1
point_desc	2183	1965	0	2	0	0	1	1	0	2	0	0	1	2	0
point_desc	299	278	3	1	0	1	0	1	0	1	0	1	0	1	0
point_desc	8	10	1	1	1	1	1	1	1	1	1	1	1	1	1
point_desc	704	641	1	1	1	1	1	1	1	1	1	1	1	1	1
point_desc	2423	2185	0	0	1	1	0	0	1	0	1	1	0	0	1
point_desc	271	250	2	2	1	2	1	2	1	2	1	2	1	2	1
point_desc	94	91	3	3	1	2	0	0	0	2	0	2	0	3	1
point_desc	83	81	0	0	1	0	1	0	1	0	1	0	1	0	1
point_desc	2321	2094	3	3	1	3	1	3	1	3	1	3	1	3	1
point_desc	1991	1795	2	2	1	2	1	2	1	2	1	2	1	2	1
point_desc	909	832	1	1	1	1	1	1	1	1	1	1	1	1	1
point_desc	1321	1194	2	2	1	2	1	2	1	2	1	2	1	2	1
point_desc	1100	997	0	0	1	1	0	0	1	0	1	0	1	0	1
point_desc	1711	1547	2	2	1	1	0	0	0	0	0	0	0	2	1
point_desc	278	257	2	2	1	1	0	2	1	1	0	1	0	1	0
point_desc	1939	1749	0	0	1	0	1	3	0	0	1	0	1	0	1
point_desc	1216	1103	0	0	1	2	0	3	0	2	0	0	1	0	1
point_desc	834	762	3	1	0	1	0	0	0	2	0	1	0	1	0
point_desc	835	762	2	2	1	2	1	2	1	2	1	2	1	2	1
point_desc	1104	1001	0	0	1	2	0	2	0	0	1	0	1	0	1
point_desc	1893	1708	3	3	1	0	0	0	0	3	1	3	1	3	1
point_desc	1596	1444	2	3	0	3	0	2	1	3	0	3	0	3	0
point_desc	723	658	0	3	0	1	0	0	1	3	0	3	0	3	0
point_desc	2258	2035	1	1	1	1	1	1	1	1	1	1	1	1	1
point_desc	1352	1222	1	1	1	1	1	2	0	1	1	1	1	1	1
point_desc	1799	1624	3	3	1	3	1	1	0	3	1	3	1	3	1
point_desc	615	557	1	1	1	1	1	2	0	1	1	1	1	1	1
point_desc	616	557	3	3	1	1	0	1	0	1	0	1	0	1	0
point_desc	708	645	2	2	1	2	1	0	0	2	1	2	1	2	1
point_desc	2143	1930	0	0	1	0	1	1	0	0	1	0	1	2	0
point_desc	2406	2170	1	1	1	0	0	1	1	0	0	1	1	1	1
point_desc	487	441	3	3	1	3	1	3	1	3	1	3	1	3	1
point_desc	662	603	3	3	1	3	1	3	1	3	1	3	1	3	1
point_desc	1515	1373	1	1	1	0	0	0	0	1	1	0	0	1	1
point_desc	1514	1373	2	1	0	1	0	1	0	0	0	1	0	1	0
point_desc	1362	1231	2	1	0	3	0	2	1	1	0	1	0	1	0
point_desc	2623	2375	0	0	1	0	1	0	1	0	1	0	1	0	1
point_desc	162	149	2	2	1	2	1	2	1	2	1	2	1	2	1
point_desc	447	411	1	1	1	2	0	0	0	1	1	2	0	2	0
point_desc	870	795	2	2	1	2	1	3	0	2	1	2	1	2	1
point_desc	151	139	0	0	1	3	0	0	1	0	1	0	1	0	1
point_desc	979	892	3	2	0	2	0	2	0	2	0	2	0	2	0
point_desc	2563	2317	2	2	1	2	1	2	1	2	1	2	1	2	1
point_desc	1356	1226	0	0	1	0	1	2	0	0	1	0	1	0	1
point_desc	1987	1792	0	0	1	0	1	0	1	0	1	0	1	0	1
point_desc	1642	1485	3	3	1	0	0	0	0	3	1	3	1	0	0
point_desc	225	207	1	1	1	1	1	1	1	1	1	1	1	1	1
point_desc	1641	1484	0	0	1	1	0	1	0	0	1	0	1	0	1
point_desc	2124	1912	0	0	1	0	1	0	1	0	1	0	1	0	1
point_desc	799	731	2	1	0	3	0	3	0	0	0	1	0	1	0
point_desc	2546	2303	1	3	0	3	0	2	0	2	0	3	0	3	0
point_desc	132	125	1	1	1	1	1	1	1	1	1	1	1	1	1
point_desc	2369	2135	1	1	1	1	1	1	1	1	1	1	1	3	0
point_desc	1265	1143	0	0	1	0	1	0	1	0	1	0	1	0	1
point_desc	389	358	2	2	1	3	0	3	0	2	1	2	1	2	1
point_desc	2622	2374	3	3	1	3	1	1	0	3	1	3	1	3	1
point_desc	1072	973	3	3	1	3	1	3	1	3	1	3	1	3	1
point_desc	2607	2359	0	0	1	3	0	1	0	0	1	0	1	0	1
point_desc	1202	1091	1	1	1	1	1	1	1	1	1	1	1	1	1
point_desc	2529	2286	1	1	1	1	1	1	1	3	0	3	0	1	1
point_desc	398	367	1	1	1	1	1	0	0	1	1	0	0	1	1
point_desc	2064	1857	0	0	1	0	1	1	0	0	1	0	1	0	1
point_desc	1948	1757	1	1	1	3	0	3	0	3	0	3	0	1	1
point_desc	1030	936	0	0	1	0	1	0	1	0	1	0	1	0	1
point_desc	2097	1886	1	1	1	1	1	1	1	1	1	1	1	1	1
point_desc	2144	1931	3	3	1	3	1	3	1	3	1	3	1	3	1
point_desc	1733	1566	2	2	1	2	1	2	1	2	1	2	1	2	1
point_desc	1923	1734	2	2	1	2	1	2	1	2	1	2	1	2	1
point_desc	96	93	0	0	1	0	1	0	1	0	1	0	1	0	1
point_desc	173	157	2	2	1	2	1	0	0	2	1	2	1	2	1
point_desc	2477	2237	3	1	0	0	0	3	1	0	0	1	0	1	0
point_desc	1080	981	2	2	1	2	1	3	0	2	1	2	1	2	1
point_desc	649	590	0	0	1	0	1	0	1	0	1	0	1	0	1
point_desc	973	886	1	1	1	1	1	1	1	1	1	1	1	1	1
point_desc	1670	1511	1	1	1	1	1	1	1	1	1	1	1	1	1
point_desc	1154	1048	2	2	1	2	1	2	1	1	0	3	0	2	1
point_desc	2368	2134	0	0	1	0	1	0	1	0	1	0	1	0	1
point_desc	684	623	3	3	1	3	1	0	0	3	1	3	1	3	1
point_desc	984	896	3	3	1	1	0	2	0	1	0	1	0	3	1
point_desc	1530	1388	2	2	1	2	1	2	1	2	1	2	1	2	1
point_desc	1408	1275	1	1	1	0	0	0	0	1	1	1	1	1	1
point_desc	1729	1563	2	2	1	0	0	0	0	2	1	0	0	2	1
point_desc	406	374	0	0	1	3	0	0	1	0	1	0	1	3	0
point_desc	1096	994	0	0	1	0	1	0	1	2	0	3	0	0	1
point_desc	504	455	0	0	1	0	1	0	1	0	1	2	0	0	1
point_desc	720	655	1	1	1	1	1	1	1	1	1	1	1	1	1
point_desc	0	0	1	1	1	0	0	3	0	3	0	1	1	3	0
point_desc	1989	1793	3	3	1	3	1	3	1	3	1	3	1	3	1
point_desc	2018	1819	0	0	1	0	1	1	0	0	1	0	1	0	1
point_desc	1053	955	2	2	1	3	0	0	0	3	0	3	0	2	1
point_desc	503	454	1	1	1	0	0	0	0	0	0	0	0	1	1
point_desc	2311	2085	3	3	1	3	1	3	1	3	1	3	1	3	1
point_desc	878	803	1	1	1	2	0	2	0	2	0	2	0	1	1
point_desc	159	146	1	3	0	3	0	2	0	3	0	3	0	3	0
point_desc	801	733	0	0	1	0	1	1	0	0	1	0	1	0	1
point_desc	510	460	1	1	1	1	1	1	1	1	1	1	1	1	1
point_desc	177	161	0	0	1	0	1	0	1	0	1	0	1	0	1
point_desc	885	810	1	0	0	1	1	1	1	1	1	0	0	0	0
point_desc	194	176	0	0	1	0	1	0	1	0	1	1	0	0	1
point_desc	1435	1300	1	1	1	0	0	1	1	1	1	1	1	1	1
point_desc	1434	1300	1	1	1	1	1	1	1	1	1	1	1	1	1
point_desc	144	133	1	1	1	2	0	2	0	0	0	2	0	3	0
point_desc	143	133	0	0	1	0	1	0	1	0	1	0	1	0	1
point_desc	1069	970	2	2	1	2	1	2	1	2	1	2	1	2	1
point_desc	1805	1630	3	3	1	3	1	3	1	3	1	3	1	3	1
point_desc	550	498	1	1	1	1	1	1	1	1	1	1	1	1	1
point_desc	2539	2296	3	3	1	3	1	3	1	3	1	3	1	3	1
point_desc	372	342	1	2	0	2	0	2	0	2	0	2	0	2	0
point_desc	1888	1704	0	2	0	1	0	3	0	1	0	3	0	2	0
point_desc	1887	1704	0	2	0	2	0	2	0	3	0	2	0	3	0
point_desc	1718	1553	1	1	1	1	1	1	1	1	1	1	1	1	1
point_desc	266	246	3	0	0	0	0	2	0	0	0	2	0	0	0
point_desc	2090	1881	3	3	1	0	0	3	1	0	0	0	0	3	1
point_desc	2519	2277	2	1	0	0	0	2	1	3	0	0	0	1	0
point_desc	1475	1339	2	2	1	2	1	2	1	2	1	2	1	2	1
point_desc	946	867	1	1	1	1	1	2	0	1	1	1	1	1	1
point_desc	2568	2322	3	0	0	0	0	1	0	0	0	0	0	0	0
point_desc	397	366	3	3	1	3	1	2	0	3	1	3	1	3	1
point_desc	1660	1502	0	0	1	0	1	3	0	0	1	0	1	0	1
point_desc	1571	1421	1	1	1	3	0	1	1	1	1	0	0	1	1
point_desc	1570	1421	1	1	1	1	1	1	1	1	1	3	0	1	1
point_desc	2427	2189	2	2	1	2	1	1	0	2	1	2	1	2	1
point_desc	2043	1840	1	3	0	3	0	3	0	1	1	3	0	3	0
point_desc	1721	1555	1	1	1	1	1	1	1	1	1	1	1	1	1
point_desc	1348	1218	1	1	1	1	1	2	0	1	1	2	0	1	1
point_desc	858	784	3	3	1	3	1	3	1	3	1	3	1	3	1
point_desc	141	131	0	0	1	2	0	2	0	0	1	1	0	0	1
point_desc	1099	996	0	0	1	1	0	2	0	0	1	0	1	0	1
point_desc	1509	1368	1	1	1	1	1	1	1	1	1	1	1	1	1
point_desc	766	699	3	3	1	3	1	3	1	3	1	3	1	3	1
point_desc	665	606	0	0	1	1	0	1	0	0	1	3	0	0	1
point_desc	296	275	1	1	1	1	1	1	1	1	1	1	1	1	1
point_desc	32	32	2	2	1	2	1	2	1	2	1	2	1	2	1
point_desc	345	317	3	3	1	3	1	3	1	3	1	3	1	3	1
point_desc	337	309	2	2	1	2	1	2	1	2	1	2	1	2	1
point_desc	336	309	2	2	1	0	0	1	0	2	1	2	1	2	1
point_desc	1138	1033	0	0	1	0	1	1	0	0	1	0	1	0	1
point_desc	2616	2368	3	3	1	3	1	0	0	1	0	3	1	3	1
point_desc	2167	1950	1	1	1	1	1	1	1	1	1	1	1	1	1
point_desc	521	471	2	2	1	2	1	2	1	2	1	2	1	2	1
point_desc	1487	1349	3	2	0	2	0	2	0	2	0	2	0	2	0
point_desc	2189	1971	2	3	0	1	0	3	0	3	0	3	0	3	0
point_desc	2265	2042	3	3	1	3	1	3	1	3	1	3	1	3	1
point_desc	2266	2042	2	2	1	2	1	2	1	2	1	2	1	2	1
point_desc	20	21	3	3	1	2	0	1	0	3	1	3	1	3	1
point_desc	2196	1978	2	2	1	2	1	1	0	2	1	2	1	2	1
point_desc	1568	1419	3	3	1	3	1	0	0	3	1	3	1	3	1
point_desc	1422	1289	3	3	1	3	1	3	1	3	1	3	1	3	1
point_desc	1270	1148	0	0	1	0	1	2	0	0	1	0	1	0	1
point_desc	262	242	0	1	0	1	0	1	0	1	0	1	0	1	0
point_desc	790	722	3	3	1	2	0	2	0	3	1	3	1	3	1
point_desc	1522	1380	0	0	1	3	0	0	1	0	1	0	1	0	1
point_desc	2371	2137	0	0	1	1	0	1	0	1	0	2	0	0	1
point_desc	1797	1622	0	2	0	2	0	2	0	2	0	2	0	2	0
point_desc	2209	1991	0	0	1	0	1	0	1	0	1	0	1	0	1
point_desc	1574	1423	1	1	1	0	0	3	0	1	1	1	1	1	1
point_desc	2556	2310	0	1	0	1	0	1	0	1	0	1	0	1	0
point_desc	2555	2310	2	2	1	2	1	2	1	2	1	2	1	2	1
point_desc	2417	2179	0	0	1	0	1	1	0	0	1	0	1	0	1
point_desc	210	192	0	0	1	1	0	2	0	0	1	1	0	0	1
point_desc	196	178	3	3	1	3	1	3	1	3	1	3	1	3	1
point_desc	623	564	2	2	1	2	1	3	0	2	1	2	1	2	1
point_desc	1381	1249	2	2	1	2	1	2	1	2	1	2	1	2	1
point_desc	1187	1079	1	1	1	1	1	1	1	1	1	1	1	1	1
point_desc	1883	1700	0	0	1	0	1	0	1	0	1	0	1	0	1
point_desc	1237	1120	0	0	1	0	1	0	1	0	1	0	1	0	1
point_desc	915	838	0	0	1	0	1	0	1	0	1	0	1	0	1
point_desc	792	724	3	3	1	1	0	3	1	1	0	1	0	3	1
point_desc	312	290	1	1	1	1	1	0	0	3	0	1	1	1	1
point_desc	579	523	0	0	1	2	0	2	0	0	1	0	1	0	1
point_desc	343	315	1	1	1	2	0	1	1	0	0	1	1	1	1
point_desc	1148	1042	2	2	1	2	1	2	1	2	1	2	1	2	1
point_desc	1473	1337	0	0	1	0	1	0	1	0	1	0	1	0	1
point_desc	55	54	0	0	1	1	0	1	0	0	1	1	0	0	1
point_desc	2115	1904	3	3	1	1	0	1	0	3	1	3	1	3	1
point_desc	1149	1043	2	2	1	3	0	1	0	2	1	2	1	2	1
point_desc	1340	1211	3	3	1	3	1	3	1	3	1	3	1	3	1
point_desc	294	273	1	1	1	1	1	1	1	1	1	1	1	1	1
point_desc	2508	2267	3	3	1	3	1	3	1	3	1	3	1	3	1
point_desc	1403	1270	3	2	0	3	1	3	1	3	1	3	1	3	1
point_desc	182	165	2	2	1	2	1	2	1	2	1	2	1	2	1
point_desc	190	172	1	3	0	3	0	3	0	2	0	3	0	3	0
point_desc	770	702	2	2	1	3	0	3	0	3	0	1	0	2	1
point_desc	390	359	3	3	1	1	0	1	0	3	1	1	0	3	1
point_desc	976	889	1	1	1	1	1	1	1	1	1	1	1	1	1
point_desc	1114	1011	2	2	1	1	0	1	0	0	0	0	0	2	1
point_desc	1090	989	2	2	1	2	1	3	0	2	1	2	1	2	1
point_desc	2452	2212	2	2	1	2	1	0	0	2	1	2	1	2	1
point_desc	1314	1187	2	2	1	2	1	1	0	0	0	2	1	2	1
point_desc	929	850	1	2	0	2	0	2	0	2	0	2	0	2	0
point_desc	1419	1286	0	0	1	0	1	2	0	3	0	0	1	3	0
point_desc	596	539	2	2	1	2	1	2	1	2	1	2	1	2	1
point_desc	1504	1364	3	3	1	3	1	3	1	3	1	3	1	3	1
point_desc	361	332	2	0	0	3	0	0	0	0	0	0	0	0	0
point_desc	798	730	1	0	0	0	0	0	0	0	0	0	0	0	0
point_desc	205	187	1	1	1	1	1	2	0	1	1	1	1	1	1
point_desc	809	740	2	0	0	0	0	1	0	0	0	3	0	0	0
point_desc	2382	2148	2	2	1	0	0	0	0	2	1	0	0	2	1
point_desc	1222	1108	1	1	1	1	1	0	0	0	0	2	0	1	1
point_desc	1577	1426	1	1	1	1	1	1	1	1	1	1	1	1	1
point_desc	695	632	2	1	0	3	0	2	1	0	0	0	0	1	0
point_desc	694	632	2	2	1	2	1	2	1	2	1	2	1	2	1
point_desc	1244	1125	0	0	1	0	1	0	1	0	1	0	1	0	1
point_desc	573	517	1	1	1	1	1	1	1	2	0	1	1	1	1
point_desc	1875	1692	0	0	1	1	0	3	0	0	1	0	1	0	1
point_desc	1712	1548	3	3	1	3	1	3	1	3	1	3	1	3	1
point_desc	1405	1272	2	2	1	2	1	1	0	2	1	3	0	2	1
point_desc	1582	1431	1	0	0	0	0	3	0	0	0	0	0	0	0
point_desc	860	786	3	3	1	2	0	3	1	3	1	3	1	3	1
point_desc	1339	1210	3	3	1	3	1	3	1	3	1	3	1	3	1
point_desc	2411	2175	1	1	1	1	1	1	1	1	1	1	1	1	1
point_desc	2288	2063	2	2	1	2	1	2	1	2	1	2	1	2	1
point_desc	1759	1589	1	1	1	2	0	1	1	1	1	1	1	1	1
point_desc	1392	1260	1	1	1	3	0	2	0	2	0	2	0	2	0
point_desc	219	201	3	3	1	3	1	1	0	0	0	0	0	1	0
point_desc	690	628	0	0	1	0	1	0	1	0	1	0	1	0	1
point_desc	2294	2069	1	1	1	1	1	0	0	1	1	1	1	1	1
point_desc	1936	1746	2	2	1	2	1	2	1	2	1	2	1	2	1
point_desc	1401	1268	2	2	1	2	1	0	0	2	1	2	1	2	1
point_desc	2499	2258	0	0	1	0	1	0	1	0	1	0	1	0	1
point_desc	1707	1543	1	2	0	1	1	1	1	2	0	2	0	2	0
point_desc	1702	1538	1	1	1	0	0	3	0	1	1	0	0	1	1
point_desc	517	467	3	2	0	2	0	1	0	3	1	0	0	2	0
point_desc	1477	1341	2	2	1	2	1	2	1	2	1	2	1	2	1
point_desc	586	529	2	2	1	2	1	2	1	2	1	2	1	2	1
point_desc	1663	1505	2	2	1	1	0	2	1	1	0	1	0	2	1
point_desc	2141	1928	1	1	1	1	1	1	1	1	1	1	1	1	1
point_desc	1143	1038	2	2	1	2	1	2	1	2	1	2	1	2	1
point_desc	1144	1038	0	0	1	0	1	2	0	0	1	0	1	0	1
point_desc	1837	1659	1	2	0	2	0	1	1	1	1	1	1	2	0
point_desc	1775	1603	3	3	1	3	1	3	1	3	1	3	1	3	1
point_desc	1774	1603	3	3	1	3	1	2	0	3	1	3	1	3	1
point_desc	821	751	3	0	0	0	0	0	0	0	0	0	0	0	0
point_desc	149	2	2	2	1	2	1	2	1	2	1	3	0	2	1
point_desc	1995	1799	0	0	1	0	1	0	1	0	1	0	1	0	1
point_desc	84	82	2	3	0	3	0	2	1	3	0	3	0	2	1
point_desc	305	284	0	0	1	0	1	0	1	0	1	0	1	0	1
point_desc	884	809	1	2	0	3	0	2	0	2	0	2	0	0	0
point_desc	189	171	2	2	1	2	1	1	0	2	1	2	1	2	1
point_desc	30	30	1	3	0	3	0	3	0	1	1	3	0	1	1
point_desc	1146	1040	2	2	1	2	1	2	1	2	1	2	1	2	1
point_desc	564	510	3	3	1	0	0	1	0	3	1	3	1	3	1
point_desc	2128	1916	1	1	1	1	1	1	1	1	1	1	1	1	1
point_desc	1698	1535	3	2	0	2	0	2	0	2	0	2	0	2	0
point_desc	1699	1535	0	0	1	0	1	0	1	0	1	0	1	0	1
point_desc	2558	2312	0	0	1	0	1	0	1	0	1	0	1	0	1
point_desc	2274	2050	2	2	1	2	1	2	1	2	1	2	1	2	1
point_desc	628	569	2	2	1	2	1	2	1	2	1	2	1	2	1
point_desc	1227	1113	2	2	1	0	0	1	0	2	1	2	1	2	1
point_desc	943	864	1	1	1	1	1	1	1	1	1	1	1	1	1
point_desc	862	788	1	1	1	0	0	2	0	1	1	1	1	1	1
point_desc	745	678	3	3	1	1	0	3	1	3	1	3	1	3	1
point_desc	2281	2057	2	2	1	2	1	0	0	2	1	0	0	2	1
point_desc	2296	2070	2	2	1	2	1	2	1	2	1	2	1	2	1
point_desc	2295	2070	1	1	1	1	1	1	1	1	1	1	1	1	1
point_desc	866	792	1	3	0	3	0	0	0	2	0	2	0	1	1
point_desc	1833	1655	2	2	1	1	0	0	0	2	1	2	1	2	1
point_desc	1291	1167	2	2	1	2	1	2	1	2	1	2	1	2	1
point_desc	2463	2223	2	2	1	2	1	2	1	2	1	2	1	2	1
point_desc	354	326	1	1	1	1	1	1	1	1	1	1	1	1	1
point_desc	2590	2342	3	3	1	3	1	3	1	3	1	3	1	3	1
point_desc	1519	1377	0	0	1	0	1	3	0	0	1	0	1	0	1
point_desc	592	535	3	3	1	1	0	1	0	2	0	2	0	3	1
point_desc	97	94	2	2	1	2	1	0	0	2	1	2	1	2	1
point_desc	374	344	2	0	0	1	0	1	0	0	0	0	0	0	0
point_desc	1876	1693	2	2	1	2	1	2	1	2	1	2	1	2	1
point_desc	2515	2273	2	2	1	1	0	1	0	1	0	1	0	1	0
point_desc	1878	1695	0	2	0	2	0	2	0	2	0	2	0	2	0
point_desc	654	595	2	2	1	2	1	2	1	2	1	2	1	2	1
point_desc	254	234	2	2	1	2	1	2	1	2	1	1	0	2	1
point_desc	1000	911	3	3	1	3	1	3	1	3	1	3	1	3	1
point_desc	101	96	2	2	1	2	1	2	1	2	1	2	1	2	1
point_desc	100	96	0	2	0	2	0	0	1	2	0	2	0	2	0
point_desc	99	96	3	3	1	0	0	0	0	0	0	3	1	3	1
point_desc	2552	2307	1	3	0	3	0	2	0	3	0	3	0	1	1
point_desc	990	902	1	1	1	1	1	2	0	1	1	1	1	1	1
point_desc	2341	2110	3	3	1	3	1	3	1	3	1	3	1	3	1
point_desc	435	400	2	0	0	0	0	0	0	1	0	1	0	1	0
point_desc	512	462	0	0	1	0	1	2	0	0	1	0	1	0	1
point_desc	2123	1911	2	0	0	1	0	1	0	2	1	2	1	0	0
point_desc	170	154	2	2	1	2	1	2	1	0	0	2	1	2	1
point_desc	1564	1415	3	3	1	3	1	0	0	3	1	3	1	3	1
point_desc	1563	1415	0	0	1	0	1	0	1	0	1	0	1	0	1
point_desc	469	426	1	1	1	1	1	1	1	1	1	1	1	1	1
point_desc	514	464	0	0	1	0	1	1	0	0	1	0	1	2	0
point_desc	2536	2293	2	2	1	3	0	3	0	2	1	0	0	2	1
point_desc	1201	1090	3	0	0	3	1	3	1	0	0	3	1	3	1
point_desc	2500	2259	2	2	1	3	0	3	0	3	0	3	0	3	0
point_desc	1021	928	2	2	1	2	1	2	1	2	1	2	1	2	1
point_desc	1575	1424	1	1	1	1	1	1	1	1	1	1	1	1	1
point_desc	2410	2174	0	2	0	0	1	2	0	0	1	2	0	0	1
point_desc	1141	1036	0	3	0	3	0	3	0	2	0	3	0	3	0
point_desc	41	41	1	1	1	2	0	1	1	2	0	1	1	1	1
point_desc	1687	1526	0	0	1	0	1	0	1	0	1	0	1	0	1
point_desc	812	743	0	0	1	1	0	1	0	3	0	1	0	0	1
point_desc	1834	1656	1	1	1	1	1	3	0	3	0	3	0	3	0
point_desc	2198	1980	2	2	1	2	1	2	1	2	1	2	1	2	1
point_desc	741	674	3	1	0	2	0	3	1	1	0	3	1	3	1
point_desc	2254	2032	0	0	1	0	1	0	1	1	0	0	1	0	1
point_desc	2114	1903	3	3	1	0	0	0	0	3	1	0	0	3	1
point_desc	2270	2046	3	3	1	0	0	3	1	2	0	3	1	3	1
point_desc	1909	1723	2	2	1	2	1	3	0	2	1	3	0	3	0
point_desc	1063	964	0	0	1	0	1	0	1	0	1	0	1	0	1
point_desc	247	227	2	3	0	1	0	2	1	3	0	3	0	3	0
point_desc	629	570	3	3	1	0	0	3	1	3	1	3	1	3	1
point_desc	2501	2260	1	1	1	0	0	1	1	0	0	0	0	1	1
point_desc	2608	2360	1	1	1	1	1	1	1	1	1	1	1	1	1
point_desc	1077	978	3	3	1	0	0	3	1	0	0	0	0	3	1
point_desc	1177	1069	0	3	0	2	0	2	0	3	0	3	0	3	0
point_desc	1607	1455	0	0	1	0	1	0	1	0	1	0	1	0	1
point_desc	64	63	3	3	1	1	0	3	1	3	1	3	1	3	1
point_desc	455	418	0	0	1	0	1	0	1	0	1	0	1	0	1
point_desc	1785	1612	2	2	1	1	0	2	1	2	1	2	1	2	1
point_desc	2313	2087	1	1	1	1	1	1	1	1	1	1	1	1	1
point_desc	1895	1710	3	3	1	1	0	1	0	1	0	1	0	3	1
point_desc	1736	1569	3	3	1	1	0	2	0	3	1	3	1	3	1
point_desc	2370	2136	0	0	1	2	0	0	1	0	1	0	1	3	0
point_desc	1061	962	1	1	1	1	1	1	1	1	1	1	1	1	1
point_desc	1852	1673	3	3	1	2	0	2	0	3	1	1	0	3	1
point_desc	1853	1673	2	2	1	3	0	3	0	3	0	1	0	2	1
point_desc	2502	2261	2	2	1	2	1	2	1	2	1	2	1	2	1
point_desc	1450	1315	2	2	1	3	0	1	0	3	0	3	0	2	1
point_desc	59	58	3	3	1	3	1	3	1	2	0	3	1	3	1
point_desc	1385	1253	2	2	1	2	1	1	0	2	1	2	1	2	1
point_desc	1322	1195	3	3	1	2	0	2	0	2	0	3	1	3	1
point_desc	2077	1868	1	3	0	0	0	0	0	0	0	0	0	3	0
point_desc	2069	1861	0	0	1	0	1	0	1	0	1	0	1	0	1
point_desc	802	734	1	1	1	0	0	0	0	0	0	0	0	1	1
point_desc	1931	1741	1	1	1	1	1	1	1	1	1	1	1	1	1
point_desc	2322	2095	2	2	1	2	1	2	1	2	1	2	1	2	1
point_desc	2027	1826	3	0	0	0	0	0	0	0	0	0	0	0	0
point_desc	1074	975	3	3	1	3	1	3	1	2	0	3	1	3	1
point_desc	597	540	1	1	1	1	1	1	1	1	1	1	1	1	1
point_desc	561	507	2	2	1	2	1	1	0	3	0	2	1	3	0
point_desc	1101	998	2	3	0	2	1	3	0	3	0	2	1	3	0
point_desc	2389	2155	2	2	1	2	1	2	1	2	1	2	1	2	1
point_desc	890	815	1	1	1	1	1	2	0	1	1	1	1	1	1
point_desc	1342	1213	1	1	1	2	0	2	0	1	1	2	0	1	1
point_desc	2597	2349	2	2	1	2	1	2	1	2	1	2	1	2	1
point_desc	2530	2287	0	0	1	0	1	0	1	3	0	3	0	0	1
point_desc	1996	1800	1	1	1	1	1	1	1	1	1	1	1	1	1
point_desc	482	437	2	2	1	2	1	2	1	2	1	2	1	2	1
point_desc	2355	2123	1	1	1	3	0	2	0	1	1	2	0	2	0
point_desc	1701	1537	0	0	1	0	1	2	0	0	1	0	1	0	1
point_desc	1296	1172	0	0	1	1	0	3	0	0	1	0	1	0	1
point_desc	1591	1439	2	3	0	2	1	3	0	0	0	0	0	3	0
point_desc	1851	1672	2	3	0	2	1	2	1	3	0	1	0	2	1
point_desc	1921	1732	0	2	0	2	0	1	0	2	0	2	0	2	0
point_desc	458	419	2	2	1	2	1	2	1	2	1	2	1	2	1
point_desc	457	419	0	0	1	0	1	0	1	0	1	0	1	0	1
point_desc	1857	1677	2	2	1	2	1	2	1	2	1	2	1	2	1
point_desc	1416	1283	2	2	1	2	1	2	1	2	1	2	1	2	1
point_desc	16	17	3	3	1	0	0	1	0	0	0	3	1	3	1
point_desc	576	520	2	2	1	2	1	2	1	2	1	2	1	2	1
point_desc	1814	1639	1	1	1	1	1	2	0	1	1	1	1	1	1
point_desc	2283	2059	3	3	1	3	1	3	1	3	1	3	1	3	1
point_desc	327	142	0	3	0	0	1	0	1	3	0	0	1	3	0
point_desc	724	659	0	0	1	0	1	0	1	0	1	0	1	0	1
point_desc	725	659	2	2	1	2	1	2	1	2	1	2	1	2	1
point_desc	532	482	3	3	1	3	1	3	1	0	0	3	1	3	1
point_desc	2199	1981	0	0	1	0	1	0	1	0	1	0	1	0	1
point_desc	2187	1969	2	2	1	2	1	2	1	2	1	2	1	2	1
point_desc	58	57	2	2	1	0	0	1	0	1	0	3	0	0	0
point_desc	855	781	0	0	1	0	1	0	1	0	1	0	1	0	1
point_desc	842	769	0	0	1	0	1	0	1	0	1	0	1	0	1
point_desc	2028	1827	2	2	1	3	0	3	0	3	0	3	0	2	1
point_desc	966	881	0	0	1	0	1	0	1	0	1	0	1	0	1
point_desc	1485	1347	0	0	1	0	1	0	1	0	1	0	1	0	1
point_desc	1373	1242	1	1	1	3	0	1	1	1	1	1	1	1	1
point_desc	710	647	3	3	1	3	1	3	1	3	1	3	1	3	1
point_desc	1102	999	0	0	1	0	1	0	1	0	1	0	1	0	1
point_desc	840	767	3	3	1	3	1	3	1	3	1	3	1	3	1
point_desc	2400	2165	0	0	1	0	1	0	1	0	1	0	1	0	1
point_desc	1259	1138	2	3	0	2	1	2	1	2	1	3	0	3	0
point_desc	1258	1138	2	2	1	2	1	2	1	3	0	3	0	2	1
point_desc	1113	1010	0	0	1	1	0	1	0	1	0	1	0	1	0
point_desc	50	49	1	2	0	2	0	2	0	1	1	2	0	2	0
point_desc	49	49	1	1	1	1	1	0	0	1	1	1	1	1	1
point_desc	1430	1296	1	1	1	0	0	2	0	3	0	3	0	1	1
point_desc	2210	1992	2	2	1	2	1	2	1	2	1	2	1	2	1
point_desc	2079	1870	2	3	0	0	0	2	1	1	0	3	0	2	1
point_desc	1904	1718	1	1	1	1	1	0	0	1	1	1	1	1	1
point_desc	331	305	2	2	1	3	0	2	1	2	1	2	1	2	1
point_desc	243	223	0	0	1	0	1	0	1	0	1	0	1	0	1
point_desc	242	223	3	3	1	3	1	3	1	3	1	3	1	2	0
point_desc	1275	1153	2	2	1	3	0	3	0	2	1	1	0	2	1
point_desc	56	55	2	2	1	2	1	2	1	1	0	2	1	2	1
point_desc	2088	1879	2	2	1	2	1	2	1	2	1	2	1	2	1
point_desc	2432	2194	0	0	1	2	0	2	0	0	1	0	1	0	1
point_desc	752	685	0	0	1	0	1	3	0	0	1	0	1	0	1
point_desc	1411	1278	3	3	1	0	0	0	0	3	1	1	0	3	1
point_desc	552	500	0	0	1	0	1	2	0	0	1	0	1	0	1
point_desc	553	500	3	3	1	0	0	1	0	1	0	1	0	3	1
point_desc	1002	913	0	0	1	3	0	3	0	0	1	0	1	0	1
point_desc	2061	1854	2	2	1	2	1	2	1	2	1	2	1	2	1
point_desc	2060	1854	1	0	0	0	0	0	0	0	0	0	0	1	1
point_desc	1850	1671	3	3	1	3	1	3	1	3	1	3	1	3	1
point_desc	1638	1482	2	2	1	2	1	0	0	2	1	2	1	2	1
point_desc	867	793	3	1	0	1	0	0	0	3	1	3	1	1	0
point_desc	1103	1000	0	0	1	0	1	3	0	1	0	1	0	0	1
point_desc	2214	1996	2	2	1	0	0	3	0	3	0	0	0	2	1
point_desc	667	607	2	2	1	0	0	2	1	0	0	0	0	2	1
point_desc	666	607	0	0	1	2	0	2	0	0	1	0	1	0	1
point_desc	2269	2045	1	1	1	1	1	1	1	1	1	1	1	1	1
point_desc	1174	1066	0	0	1	0	1	0	1	0	1	0	1	0	1
point_desc	2135	1923	1	1	1	1	1	2	0	1	1	1	1	1	1
point_desc	2561	2315	2	2	1	3	0	3	0	2	1	2	1	2	1
point_desc	1628	1473	0	1	0	0	1	0	1	0	1	0	1	0	1
point_desc	2171	1954	1	1	1	0	0	0	0	1	1	1	1	1	1
point_desc	51	50	0	0	1	0	1	0	1	0	1	0	1	0	1
point_desc	1335	1207	0	0	1	0	1	0	1	0	1	0	1	2	0
point_desc	2478	2238	2	2	1	3	0	1	0	1	0	1	0	1	0
point_desc	1671	1512	0	0	1	0	1	0	1	0	1	0	1	0	1
point_desc	2629	2380	3	3	1	0	0	2	0	1	0	1	0	3	1
point_desc	2630	2380	0	0	1	0	1	0	1	0	1	0	1	0	1
point_desc	850	777	2	2	1	2	1	1	0	2	1	2	1	2	1
point_desc	228	210	1	1	1	0	0	0	0	0	0	0	0	1	1
point_desc	756	689	0	0	1	0	1	0	1	0	1	0	1	0	1
point_desc	765	698	0	3	0	3	0	3	0	3	0	3	0	0	1
point_desc	392	361	1	0	0	0	0	3	0	0	0	3	0	1	1
point_desc	2248	2028	1	1	1	0	0	3	0	1	1	1	1	1	1
point_desc	556	503	2	2	1	0	0	0	0	0	0	2	1	2	1
point_desc	1524	1382	3	3	1	0	0	0	0	3	1	3	1	3	1
point_desc	2598	2350	2	2	1	2	1	2	1	2	1	2	1	2	1
point_desc	1395	1263	1	1	1	2	0	2	0	1	1	2	0	1	1
point_desc	1633	1478	3	3	1	3	1	3	1	3	1	3	1	3	1
point_desc	2185	1967	2	2	1	3	0	0	0	2	1	3	0	2	1
point_desc	2162	1945	3	0	0	0	0	0	0	2	0	3	1	0	0
point_desc	62	61	0	0	1	0	1	0	1	0	1	0	1	0	1
point_desc	2482	2242	3	3	1	2	0	2	0	3	1	3	1	2	0
point_desc	1295	1171	2	2	1	2	1	2	1	2	1	2	1	2	1
point_desc	729	663	0	0	1	2	0	0	1	0	1	0	1	0	1
point_desc	2049	1845	1	2	0	2	0	2	0	3	0	3	0	2	0
point_desc	555	502	0	2	0	2	0	2	0	0	1	0	1	2	0
point_desc	465	423	3	3	1	3	1	3	1	3	1	3	1	3	1
point_desc	464	423	1	1	1	1	1	1	1	1	1	1	1	1	1
point_desc	201	183	1	1	1	1	1	1	1	1	1	1	1	1	1
point_desc	1900	1715	0	2	0	0	1	1	0	0	1	1	0	2	0
point_desc	924	845	2	2	1	2	1	2	1	2	1	2	1	2	1
point_desc	441	405	1	1	1	1	1	2	0	2	0	2	0	2	0
point_desc	1972	1780	0	1	0	2	0	0	1	3	0	0	1	0	1
point_desc	1409	1276	1	1	1	1	1	3	0	3	0	3	0	1	1
point_desc	1398	1266	1	1	1	1	1	1	1	1	1	1	1	1	1
point_desc	922	844	1	1	1	1	1	0	0	1	1	1	1	1	1
point_desc	1580	1429	0	0	1	0	1	0	1	0	1	0	1	0	1
point_desc	2116	1905	3	3	1	3	1	3	1	3	1	3	1	3	1
point_desc	2542	2299	2	2	1	2	1	2	1	2	1	2	1	2	1
point_desc	523	473	2	2	1	2	1	3	0	2	1	2	1	2	1
point_desc	1249	1130	0	0	1	0	1	2	0	3	0	0	1	0	1
point_desc	2464	2224	3	3	1	3	1	0	0	3	1	3	1	3	1
point_desc	2377	2143	3	3	1	2	0	2	0	2	0	3	1	3	1
point_desc	2365	2131	3	3	1	0	0	3	1	3	1	3	1	3	1
point_desc	1753	1583	0	0	1	0	1	0	1	0	1	0	1	0	1
point_desc	429	394	0	0	1	0	1	3	0	0	1	2	0	0	1
point_desc	2211	1993	2	2	1	0	0	2	1	1	0	1	0	2	1
point_desc	302	281	1	1	1	1	1	1	1	1	1	1	1	1	1
point_desc	2570	2324	0	0	1	0	1	0	1	0	1	0	1	0	1
point_desc	2571	2324	0	0	1	0	1	3	0	0	1	0	1	0	1
point_desc	933	854	1	1	1	1	1	1	1	1	1	1	1	1	1
point_desc	2098	1887	1	1	1	1	1	1	1	1	1	1	1	1	1
point_desc	897	821	3	3	1	3	1	3	1	3	1	3	1	3	1
point_desc	921	843	0	3	0	0	1	0	1	0	1	0	1	3	0
point_desc	2003	1806	0	0	1	0	1	0	1	0	1	0	1	0	1
point_desc	1661	1503	2	2	1	2	1	3	0	2	1	3	0	2	1
point_desc	1170	1062	1	0	0	0	0	3	0	1	1	1	1	0	0
point_desc	258	238	0	0	1	2	0	2	0	2	0	2	0	2	0
point_desc	2304	2078	0	0	1	0	1	0	1	0	1	0	1	0	1
point_desc	910	833	0	0	1	0	1	0	1	0	1	0	1	0	1
point_desc	2047	1843	0	1	0	3	0	3	0	3	0	1	0	1	0
point_desc	122	116	2	2	1	2	1	3	0	2	1	2	1	2	1
point_desc	344	316	3	3	1	3	1	2	0	3	1	3	1	3	1
point_desc	2373	2139	0	0	1	1	0	1	0	0	1	0	1	0	1
point_desc	1488	1350	1	1	1	2	0	3	0	3	0	3	0	1	1
point_desc	1489	1350	3	3	1	1	0	1	0	1	0	1	0	3	1
point_desc	1380	1248	2	2	1	2	1	2	1	2	1	2	1	2	1
point_desc	1984	1789	2	2	1	2	1	2	1	2	1	2	1	2	1
point_desc	1942	1752	0	0	1	0	1	3	0	0	1	0	1	0	1
point_desc	1017	925	3	3	1	1	0	1	0	3	1	3	1	3	1
point_desc	1980	1786	1	1	1	1	1	1	1	1	1	1	1	1	1
point_desc	1992	1796	3	3	1	0	0	3	1	3	1	3	1	3	1
point_desc	1323	1196	0	0	1	1	0	1	0	0	1	0	1	0	1
point_desc	1324	1196	1	2	0	0	0	2	0	0	0	2	0	1	1
point_desc	1022	929	1	1	1	1	1	0	0	1	1	1	1	1	1
point_desc	1209	1096	3	2	0	2	0	2	0	2	0	2	0	2	0
point_desc	1589	1437	3	2	0	0	0	0	0	3	1	2	0	3	1
point_desc	431	396	1	1	1	1	1	1	1	1	1	1	1	1	1
point_desc	794	726	1	1	1	1	1	1	1	1	1	1	1	1	1
point_desc	2421	2183	1	1	1	2	0	1	1	1	1	2	0	2	0
point_desc	1934	1744	0	0	1	0	1	0	1	0	1	0	1	0	1
point_desc	2140	1	1	1	1	1	1	1	1	1	1	1	1	1	1
point_desc	250	230	0	3	0	0	1	3	0	0	1	0	1	0	1
point_desc	1978	1784	2	2	1	0	0	3	0	2	1	2	1	2	1
point_desc	912	835	0	2	0	2	0	2	0	2	0	2	0	2	0
point_desc	2131	1919	0	0	1	0	1	0	1	0	1	0	1	0	1
point_desc	1415	1282	0	0	1	0	1	1	0	0	1	0	1	0	1
point_desc	273	252	2	2	1	2	1	2	1	2	1	2	1	2	1
point_desc	641	582	2	2	1	2	1	2	1	2	1	2	1	2	1
point_desc	405	373	2	1	0	3	0	0	0	1	0	0	0	1	0
point_desc	1809	1634	2	2	1	2	1	2	1	2	1	2	1	2	1
point_desc	301	280	0	0	1	1	0	2	0	1	0	1	0	0	1
point_desc	115	110	2	2	1	2	1	0	0	2	1	2	1	2	1
point_desc	1691	1529	2	2	1	2	1	3	0	2	1	2	1	2	1
point_desc	1476	1340	1	1	1	1	1	0	0	1	1	1	1	1	1
point_desc	1517	1375	1	1	1	1	1	1	1	1	1	1	1	1	1
point_desc	451	414	3	1	0	3	1	3	1	3	1	3	1	1	0
point_desc	125	119	0	1	0	2	0	3	0	3	0	2	0	1	0
point_desc	786	718	3	3	1	3	1	1	0	3	1	3	1	3	1
point_desc	399	368	1	1	1	1	1	1	1	1	1	1	1	1	1
point_desc	400	368	3	3	1	0	0	0	0	0	0	0	0	3	1
point_desc	2459	2219	0	0	1	0	1	3	0	0	1	0	1	0	1
point_desc	183	166	1	1	1	1	1	1	1	1	1	1	1	1	1
point_desc	363	334	2	2	1	1	0	1	0	0	0	2	1	2	1
point_desc	2300	2074	2	2	1	3	0	2	1	3	0	0	0	2	1
point_desc	2138	1926	0	3	0	1	0	3	0	3	0	0	1	3	0
point_desc	2111	1900	2	2	1	2	1	1	0	1	0	2	1	2	1
point_desc	2050	1846	2	2	1	2	1	3	0	2	1	2	1	2	1
point_desc	236	218	3	1	0	2	0	1	0	1	0	1	0	3	1
point_desc	1683	1522	2	3	0	0	0	3	0	0	0	0	0	3	0
point_desc	1132	1027	2	1	0	1	0	1	0	0	0	0	0	1	0
point_desc	2354	2122	3	0	0	3	1	3	1	0	0	3	1	0	0
point_desc	25	26	2	2	1	2	1	2	1	2	1	2	1	2	1
point_desc	2445	2206	3	1	0	3	1	3	1	0	0	1	0	0	0
point_desc	2242	2022	3	3	1	3	1	2	0	3	1	3	1	3	1
point_desc	1502	1362	3	3	1	3	1	3	1	3	1	3	1	3	1
point_desc	313	291	2	1	0	2	1	1	0	2	1	2	1	1	0
point_desc	1329	1201	3	3	1	3	1	3	1	0	0	3	1	3	1
point_desc	293	272	2	3	0	0	0	0	0	0	0	3	0	2	1
point_desc	930	851	3	3	1	3	1	3	1	3	1	3	1	3	1
point_desc	1364	1233	3	3	1	2	0	2	0	2	0	2	0	3	1
point_desc	1448	1313	2	2	1	2	1	0	0	2	1	2	1	2	1
point_desc	1308	1183	0	0	1	2	0	2	0	2	0	2	0	0	1
point_desc	1309	1183	1	1	1	3	0	3	0	3	0	3	0	1	1
point_desc	2292	2067	1	1	1	1	1	1	1	1	1	1	1	1	1
point_desc	1977	1783	0	2	0	2	0	0	1	2	0	0	1	2	0
point_desc	18	19	3	3	1	3	1	1	0	3	1	3	1	1	0
point_desc	2381	2147	3	3	1	3	1	3	1	3	1	3	1	3	1
point_desc	1760	1590	3	3	1	3	1	1	0	3	1	3	1	3	1
point_desc	2351	2119	3	3	1	3	1	3	1	3	1	3	1	3	1
point_desc	772	704	3	3	1	3	1	3	1	3	1	3	1	3	1
point_desc	2338	2108	1	1	1	1	1	1	1	1	1	1	1	1	1
point_desc	461	421	3	3	1	3	1	0	0	3	1	3	1	3	1
point_desc	462	421	3	1	0	1	0	1	0	1	0	1	0	1	0
point_desc	508	458	0	0	1	0	1	0	1	0	1	0	1	0	1
point_desc	507	458	0	0	1	0	1	0	1	0	1	0	1	0	1
point_desc	848	775	3	2	0	2	0	2	0	2	0	2	0	2	0
point_desc	1808	1633	3	3	1	3	1	3	1	3	1	3	1	3	1
point_desc	767	700	3	1	0	1	0	2	0	1	0	1	0	1	0
point_desc	2033	1831	3	3	1	3	1	3	1	3	1	3	1	3	1
point_desc	2032	1831	0	0	1	0	1	3	0	0	1	0	1	0	1
point_desc	849	776	2	2	1	2	1	2	1	2	1	2	1	2	1
point_desc	736	669	0	0	1	0	1	0	1	0	1	0	1	0	1
point_desc	1136	1031	2	2	1	2	1	3	0	2	1	2	1	2	1
point_desc	2004	1807	2	2	1	0	0	2	1	0	0	2	1	2	1
point_desc	2215	1997	2	2	1	2	1	2	1	2	1	2	1	2	1
point_desc	1118	1014	3	3	1	3	1	1	0	3	1	3	1	3	1
point_desc	283	262	3	0	0	0	0	0	0	3	1	0	0	3	1
point_desc	1390	1258	2	2	1	2	1	3	0	3	0	2	1	2	1
point_desc	937	858	1	1	1	1	1	2	0	1	1	0	0	1	1
point_desc	2099	1888	3	2	0	1	0	1	0	1	0	1	0	2	0
point_desc	2388	2154	3	2	0	2	0	3	1	3	1	2	0	3	1
point_desc	158	145	1	1	1	1	1	1	1	1	1	1	1	1	1
point_desc	1646	1489	1	1	1	1	1	1	1	1	1	1	1	1	1
point_desc	1578	1427	1	1	1	0	0	1	1	1	1	1	1	1	1
point_desc	1745	1576	3	3	1	3	1	0	0	3	1	3	1	3	1
point_desc	1705	1541	0	0	1	1	0	1	0	2	0	1	0	1	0
point_desc	1894	1709	2	2	1	2	1	0	0	2	1	2	1	2	1
point_desc	590	533	1	0	0	0	0	0	0	0	0	0	0	0	0
point_desc	1016	924	1	0	0	2	0	1	1	3	0	2	0	0	0
point_desc	2505	2264	1	1	1	2	0	2	0	1	1	1	1	1	1
point_desc	3	5	0	0	1	0	1	1	0	0	1	1	0	0	1
point_desc	91	88	3	3	1	3	1	3	1	3	1	3	1	3	1
point_desc	1940	1750	2	2	1	2	1	2	1	2	1	2	1	2	1
point_desc	2572	2325	0	1	0	1	0	1	0	1	0	1	0	1	0
point_desc	2202	1984	3	3	1	3	1	3	1	3	1	3	1	3	1
point_desc	1350	1220	1	1	1	0	0	1	1	2	0	2	0	1	1
point_desc	2456	2216	2	2	1	2	1	2	1	2	1	2	1	2	1
point_desc	2129	1917	3	3	1	3	1	2	0	3	1	3	1	3	1
point_desc	1320	1193	2	3	0	3	0	3	0	2	1	3	0	3	0
point_desc	1840	1662	1	2	0	2	0	2	0	2	0	2	0	2	0
point_desc	1913	1726	2	2	1	2	1	0	0	0	0	0	0	2	1
point_desc	2522	2280	3	3	1	1	0	2	0	0	0	0	0	2	0
point_desc	1717	1552	2	2	1	0	0	2	1	0	0	0	0	2	1
point_desc	719	654	0	0	1	0	1	0	1	0	1	0	1	0	1
point_desc	1866	1683	2	2	1	2	1	2	1	2	1	2	1	2	1
point_desc	402	370	0	0	1	0	1	0	1	0	1	0	1	0	1
point_desc	2100	1889	3	3	1	2	0	0	0	3	1	0	0	3	1
point_desc	1025	932	0	0	1	0	1	1	0	0	1	0	1	0	1
point_desc	1019	927	0	0	1	0	1	0	1	0	1	0	1	0	1
point_desc	931	852	2	0	0	2	1	0	0	0	0	0	0	0	0
point_desc	1528	1386	0	0	1	0	1	0	1	0	1	0	1	0	1
point_desc	227	209	0	0	1	0	1	0	1	0	1	0	1	0	1
point_desc	2564	2318	2	2	1	2	1	2	1	2	1	2	1	2	1
point_desc	1974	1782	1	1	1	1	1	1	1	1	1	1	1	1	1
point_desc	1976	1782	2	2	1	2	1	2	1	2	1	2	1	2	1
point_desc	1975	1782	2	2	1	2	1	2	1	2	1	2	1	2	1
point_desc	1207	1094	2	2	1	2	1	2	1	2	1	2	1	2	1
point_desc	223	205	1	1	1	1	1	1	1	1	1	1	1	1	1
point_desc	660	601	0	0	1	0	1	3	0	0	1	0	1	0	1
point_desc	2543	2300	3	0	0	0	0	0	0	0	0	0	0	0	0
point_desc	945	866	1	1	1	1	1	3	0	1	1	1	1	1	1
point_desc	415	382	3	3	1	3	1	3	1	3	1	3	1	3	1
point_desc	901	824	2	2	1	2	1	2	1	2	1	2	1	2	1
point_desc	602	545	3	3	1	0	0	0	0	0	0	3	1	3	1
point_desc	1813	1638	1	1	1	1	1	1	1	1	1	1	1	1	1
point_desc	1251	1132	1	1	1	0	0	0	0	0	0	1	1	1	1
point_desc	1267	1145	0	0	1	0	1	0	1	0	1	0	1	0	1
point_desc	771	703	0	0	1	0	1	1	0	2	0	2	0	0	1
point_desc	1891	1706	3	0	0	0	0	1	0	3	1	3	1	0	0
point_desc	806	738	3	3	1	0	0	2	0	0	0	0	0	3	1
point_desc	1648	1491	2	2	1	2	1	2	1	2	1	2	1	2	1
point_desc	1649	1491	1	1	1	1	1	1	1	1	1	1	1	1	1
point_desc	1688	1527	2	0	0	1	0	1	0	1	0	1	0	0	0
point_desc	1305	1181	1	1	1	1	1	0	0	1	1	1	1	1	1
point_desc	692	630	2	2	1	2	1	2	1	2	1	2	1	2	1
point_desc	941	862	1	2	0	3	0	2	0	3	0	1	1	1	1
point_desc	261	241	0	0	1	3	0	2	0	0	1	0	1	0	1
point_desc	1109	1006	0	0	1	0	1	0	1	0	1	0	1	0	1
point_desc	2243	2023	0	3	0	3	0	0	1	0	1	3	0	3	0
point_desc	1722	1556	3	3	1	2	0	2	0	2	0	2	0	3	1
point_desc	2557	2311	0	0	1	0	1	0	1	0	1	0	1	0	1
point_desc	2599	2351	2	2	1	2	1	2	1	2	1	2	1	2	1
point_desc	610	553	2	2	1	2	1	2	1	1	0	1	0	2	1
point_desc	300	279	3	3	1	3	1	1	0	3	1	3	1	3	1
point_desc	245	225	3	0	0	0	0	1	0	0	0	0	0	0	0
point_desc	1505	1365	1	1	1	1	1	1	1	1	1	1	1	1	1
point_desc	1506	1365	1	1	1	1	1	3	0	1	1	1	1	1	1
point_desc	2134	1922	2	2	1	2	1	2	1	2	1	2	1	2	1
point_desc	1667	1509	1	1	1	1	1	3	0	1	1	1	1	1	1
point_desc	1668	1509	0	0	1	0	1	1	0	0	1	0	1	0	1
point_desc	652	593	0	0	1	0	1	2	0	0	1	0	1	0	1
point_desc	2218	2000	2	2	1	1	0	2	1	2	1	2	1	2	1
point_desc	248	228	1	1	1	1	1	1	1	1	1	3	0	1	1
point_desc	206	188	2	2	1	2	1	2	1	2	1	3	0	2	1
point_desc	856	782	2	2	1	2	1	2	1	2	1	2	1	2	1
point_desc	2232	2012	0	0	1	0	1	3	0	0	1	0	1	0	1
point_desc	304	283	1	1	1	0	0	3	0	1	1	1	1	1	1
point_desc	2188	1970	2	2	1	2	1	2	1	2	1	2	1	2	1
point_desc	113	108	1	1	1	0	0	0	0	0	0	0	0	0	0
point_desc	796	728	0	0	1	0	1	0	1	0	1	0	1	0	1
point_desc	499	450	1	1	1	1	1	1	1	1	1	1	1	1	1
point_desc	160	147	2	2	1	2	1	2	1	2	1	2	1	2	1
point_desc	81	80	3	3	1	2	0	1	0	3	1	1	0	3	1
point_desc	82	80	2	1	0	0	0	2	1	2	1	2	1	2	1
point_desc	1307	1182	0	0	1	1	0	2	0	0	1	0	1	0	1
point_desc	401	369	0	0	1	1	0	0	1	0	1	0	1	0	1
point_desc	1066	967	0	0	1	0	1	1	0	1	0	1	0	0	1
point_desc	673	612	0	0	1	0	1	2	0	0	1	0	1	0	1
point_desc	672	612	3	3	1	3	1	0	0	3	1	3	1	3	1
point_desc	1028	935	3	3	1	3	1	3	1	0	0	3	1	3	1
point_desc	1029	935	3	3	1	3	1	1	0	3	1	3	1	3	1
point_desc	1167	1059	0	1	0	2	0	1	0	1	0	1	0	1	0
point_desc	2317	2091	1	1	1	1	1	2	0	1	1	1	1	2	0
point_desc	873	798	1	1	1	1	1	1	1	1	1	1	1	1	1
point_desc	1358	1228	1	1	1	1	1	1	1	1	1	1	1	1	1
point_desc	1359	1228	0	1	0	0	1	2	0	0	1	0	1	1	0
point_desc	1739	1571	0	0	1	0	1	0	1	0	1	0	1	0	1
point_desc	1511	1370	2	2	1	2	1	1	0	1	0	1	0	2	1
point_desc	1804	1629	0	0	1	0	1	0	1	0	1	0	1	0	1
point_desc	2584	2336	2	2	1	2	1	3	0	2	1	2	1	2	1
point_desc	369	340	1	1	1	1	1	1	1	1	1	1	1	1	1
point_desc	1498	1358	3	3	1	1	0	3	1	1	0	2	0	3	1
point_desc	356	328	3	3	1	3	1	3	1	3	1	3	1	3	1
point_desc	818	748	0	0	1	0	1	2	0	0	1	0	1	0	1
point_desc	1806	1631	0	0	1	0	1	0	1	0	1	0	1	0	1
point_desc	1777	1605	3	3	1	0	0	0	0	3	1	0	0	3	1
point_desc	26	27	3	3	1	2	0	0	0	3	1	3	1	3	1
point_desc	1776	1604	3	3	1	3	1	3	1	3	1	3	1	3	1
point_desc	1849	1670	3	3	1	1	0	2	0	2	0	3	1	3	1
point_desc	221	203	1	0	0	0	0	0	0	3	0	0	0	0	0
point_desc	2457	2217	0	0	1	2	0	2	0	0	1	0	1	0	1
point_desc	1210	1097	1	1	1	1	1	1	1	1	1	1	1	1	1
point_desc	1190	1081	3	1	0	1	0	2	0	2	0	2	0	1	0
point_desc	1191	1081	3	3	1	3	1	0	0	3	1	3	1	3	1
point_desc	2367	2133	2	2	1	2	1	2	1	2	1	2	1	2	1
point_desc	888	813	1	0	0	0	0	0	0	0	0	0	0	0	0
point_desc	2155	1938	2	2	1	0	0	0	0	2	1	0	0	2	1
point_desc	234	216	2	3	0	2	1	2	1	3	0	3	0	3	0
point_desc	574	518	0	0	1	0	1	0	1	0	1	0	1	0	1
point_desc	2176	1959	2	2	1	3	0	0	0	0	0	0	0	2	1
point_desc	1716	1551	2	2	1	1	0	3	0	1	0	2	1	3	0
point_desc	865	791	3	3	1	3	1	0	0	3	1	3	1	3	1
point_desc	1715	1551	3	3	1	0	0	2	0	0	0	0	0	3	1
point_desc	622	563	3	3	1	3	1	0	0	3	1	3	1	3	1
point_desc	2227	2007	3	3	1	0	0	0	0	3	1	3	1	3	1
point_desc	2105	1894	0	0	1	0	1	2	0	0	1	0	1	0	1
point_desc	2361	2127	2	2	1	2	1	0	0	2	1	2	1	2	1
point_desc	2360	2127	1	1	1	1	1	1	1	1	1	1	1	1	1
point_desc	1600	1448	3	3	1	3	1	3	1	3	1	3	1	3	1
point_desc	2231	2011	1	1	1	1	1	2	0	1	1	1	1	1	1
point_desc	904	827	1	1	1	1	1	2	0	1	1	1	1	1	1
point_desc	2379	2145	3	3	1	3	1	3	1	3	1	3	1	3	1
point_desc	775	707	2	2	1	2	1	2	1	2	1	2	1	2	1
point_desc	385	355	0	0	1	0	1	3	0	0	1	0	1	0	1
point_desc	1700	1536	3	3	1	3	1	3	1	3	1	3	1	3	1
point_desc	986	898	3	3	1	3	1	3	1	3	1	3	1	3	1
point_desc	1821	1645	0	0	1	0	1	0	1	0	1	0	1	0	1
point_desc	874	799	2	2	1	2	1	2	1	2	1	2	1	2	1
point_desc	825	755	1	3	0	3	0	3	0	0	0	0	0	2	0
point_desc	540	489	2	1	0	1	0	1	0	1	0	1	0	1	0
point_desc	1612	1459	3	3	1	3	1	2	0	3	1	3	1	3	1
point_desc	803	735	1	1	1	1	1	1	1	1	1	1	1	1	1
point_desc	1593	1441	3	3	1	3	1	0	0	3	1	3	1	3	1
point_desc	2492	2252	3	3	1	3	1	0	0	3	1	3	1	3	1
point_desc	1823	1647	0	0	1	0	1	0	1	0	1	0	1	0	1
point_desc	1421	1288	0	2	0	0	1	0	1	0	1	0	1	0	1
point_desc	713	650	2	2	1	2	1	2	1	2	1	2	1	2	1
point_desc	1928	1738	0	0	1	3	0	1	0	0	1	0	1	0	1
point_desc	1388	1256	1	2	0	2	0	0	0	3	0	2	0	2	0
point_desc	1709	1545	2	2	1	2	1	2	1	2	1	2	1	2	1
point_desc	2434	2196	3	3	1	0	0	1	0	2	0	0	0	3	1
point_desc	784	716	0	0	1	0	1	0	1	0	1	0	1	0	1
point_desc	546	494	0	0	1	0	1	1	0	0	1	0	1	0	1
point_desc	420	386	3	0	0	1	0	1	0	1	0	2	0	0	0
point_desc	1250	1131	3	3	1	0	0	0	0	0	0	0	0	3	1
point_desc	1620	1466	3	3	1	3	1	3	1	3	1	3	1	3	1
point_desc	285	264	2	2	1	2	1	2	1	2	1	0	0	2	1
point_desc	21	22	1	3	0	3	0	1	1	3	0	3	0	3	0
point_desc	29	29	2	2	1	2	1	2	1	2	1	2	1	2	1
point_desc	317	295	0	3	0	0	1	1	0	0	1	0	1	3	0
point_desc	2518	2276	1	1	1	1	1	1	1	3	0	1	1	1	1
point_desc	2053	1848	2	2	1	2	1	2	1	2	1	2	1	2	1
point_desc	815	746	3	3	1	3	1	3	1	3	1	3	1	3	1
point_desc	2473	2233	2	2	1	0	0	1	0	1	0	2	1	2	1
point_desc	2289	2064	1	1	1	1	1	3	0	0	0	1	1	1	1
point_desc	53	52	0	0	1	1	0	0	1	0	1	1	0	0	1
point_desc	1780	1608	3	3	1	3	1	3	1	3	1	3	1	2	0
point_desc	1781	1608	2	2	1	2	1	2	1	2	1	2	1	2	1
point_desc	2409	2173	0	0	1	0	1	2	0	0	1	3	0	0	1
point_desc	321	298	0	0	1	0	1	1	0	0	1	1	0	0	1
point_desc	320	298	3	3	1	1	0	3	1	1	0	1	0	3	1
point_desc	2278	2054	0	0	1	2	0	2	0	2	0	2	0	0	1
point_desc	1795	1620	0	3	0	3	0	1	0	3	0	3	0	3	0
point_desc	559	505	1	1	1	0	0	2	0	2	0	2	0	1	1
point_desc	2534	2291	2	1	0	2	1	2	1	2	1	2	1	1	0
point_desc	525	475	1	1	1	1	1	1	1	1	1	1	1	1	1
point_desc	505	456	0	0	1	2	0	0	1	2	0	0	1	0	1
point_desc	1238	1121	1	1	1	1	1	1	1	1	1	0	0	1	1
point_desc	1327	1199	2	2	1	2	1	2	1	2	1	2	1	2	1
point_desc	10	11	2	2	1	2	1	2	1	2	1	2	1	2	1
point_desc	9	11	0	0	1	0	1	0	1	0	1	0	1	0	1
point_desc	2343	2112	0	3	0	3	0	3	0	3	0	3	0	3	0
point_desc	2628	2379	1	1	1	0	0	0	0	1	1	2	0	1	1
point_desc	1427	1293	3	3	1	2	0	0	0	2	0	2	0	2	0
point_desc	488	442	3	3	1	3	1	3	1	3	1	3	1	3	1
point_desc	1682	1521	0	2	0	2	0	1	0	2	0	2	0	2	0
point_desc	1681	1521	2	2	1	3	0	3	0	3	0	3	0	2	1
point_desc	991	903	3	3	1	0	0	2	0	0	0	0	0	3	1
point_desc	996	907	2	2	1	0	0	1	0	2	1	2	1	2	1
point_desc	918	841	0	0	1	0	1	0	1	0	1	0	1	0	1
point_desc	1451	1316	3	3	1	1	0	1	0	3	1	3	1	3	1
point_desc	1800	1625	2	2	1	2	1	2	1	2	1	2	1	2	1
point_desc	2647	2394	3	3	1	2	0	1	0	3	1	3	1	3	1
point_desc	739	672	2	1	0	1	0	0	0	1	0	0	0	1	0
point_desc	1835	1657	1	1	1	1	1	1	1	1	1	1	1	1	1
point_desc	253	233	3	3	1	0	0	1	0	0	0	3	1	3	1
point_desc	2219	2001	1	3	0	3	0	3	0	3	0	1	1	3	0
point_desc	2446	2207	0	0	1	0	1	0	1	0	1	0	1	0	1
point_desc	614	556	0	0	1	0	1	2	0	0	1	0	1	0	1
point_desc	1493	1354	1	1	1	1	1	1	1	1	1	1	1	1	1
point_desc	1744	1575	3	3	1	0	0	1	0	3	1	3	1	3	1
point_desc	289	268	3	3	1	3	1	2	0	3	1	3	1	3	1
point_desc	216	198	1	1	1	1	1	0	0	1	1	1	1	1	1
point_desc	1026	933	0	0	1	0	1	0	1	0	1	0	1	0	1
point_desc	422	388	0	0	1	0	1	0	1	0	1	0	1	0	1
point_desc	1449	1314	3	1	0	0	0	0	0	2	0	1	0	1	0
point_desc	413	380	1	1	1	1	1	1	1	1	1	1	1	1	1
point_desc	1572	1422	3	3	1	2	0	2	0	2	0	2	0	2	0
point_desc	1223	1109	2	2	1	2	1	2	1	2	1	2	1	2	1
point_desc	370	341	0	0	1	0	1	0	1	3	0	0	1	0	1
point_desc	1599	1447	1	1	1	1	1	1	1	1	1	1	1	1	1
point_desc	1008	919	3	3	1	2	0	2	0	1	0	2	0	1	0
point_desc	978	891	1	1	1	1	1	1	1	1	1	1	1	1	1
point_desc	1313	1186	1	1	1	1	1	1	1	1	1	1	1	1	1
point_desc	2108	1897	3	3	1	3	1	3	1	1	0	3	1	3	1
point_desc	522	472	1	1	1	1	1	2	0	1	1	1	1	1	1
point_desc	1854	1674	0	1	0	1	0	0	1	1	0	0	1	0	1
point_desc	2161	1944	1	1	1	1	1	2	0	1	1	1	1	1	1
point_desc	1503	1363	0	0	1	0	1	0	1	0	1	0	1	0	1
point_desc	1704	1540	1	1	1	1	1	3	0	1	1	1	1	1	1
point_desc	1410	1277	1	1	1	1	1	1	1	1	1	1	1	1	1
point_desc	1027	934	2	2	1	2	1	2	1	2	1	2	1	2	1
point_desc	1232	1116	3	3	1	3	1	3	1	3	1	3	1	3	1
point_desc	1231	1116	2	2	1	2	1	2	1	2	1	2	1	2	1
point_desc	136	127	3	3	1	1	0	1	0	3	1	3	1	3	1
point_desc	536	486	3	3	1	2	0	1	0	3	1	2	0	3	1
point_desc	655	596	0	0	1	0	1	2	0	0	1	0	1	0	1
point_desc	626	567	2	2	1	0	0	0	0	0	0	0	0	2	1
point_desc	6	8	0	1	0	1	0	1	0	1	0	1	0	1	0
point_desc	463	422	1	1	1	1	1	1	1	1	1	1	1	1	1
point_desc	2593	2345	3	3	1	3	1	3	1	3	1	3	1	3	1
point_desc	1896	1711	2	2	1	2	1	3	0	2	1	2	1	2	1
point_desc	1292	1168	0	3	0	2	0	3	0	0	1	0	1	0	1
point_desc	1173	1065	3	3	1	2	0	1	0	3	1	0	0	3	1
point_desc	2387	2153	2	2	1	3	0	1	0	1	0	1	0	2	1
point_desc	648	589	3	3	1	3	1	3	1	3	1	3	1	3	1
point_desc	172	156	1	1	1	1	1	0	0	0	0	1	1	1	1
point_desc	1010	921	3	1	0	0	0	0	0	0	0	0	0	1	0
point_desc	2103	1892	3	2	0	2	0	1	0	1	0	1	0	2	0
point_desc	1723	1557	2	0	0	2	1	0	0	0	0	0	0	2	1
point_desc	2302	2076	2	2	1	2	1	1	0	2	1	2	1	2	1
point_desc	274	253	2	2	1	1	0	2	1	2	1	2	1	2	1
point_desc	255	235	3	3	1	2	0	2	0	3	1	2	0	3	1
point_desc	2110	1899	0	0	1	0	1	0	1	0	1	0	1	0	1
point_desc	2303	2077	3	0	0	0	0	2	0	0	0	0	0	0	0
point_desc	2633	2383	2	2	1	2	1	1	0	2	1	2	1	2	1
point_desc	1130	1025	0	0	1	0	1	3	0	0	1	0	1	0	1
point_desc	1462	1327	3	3	1	3	1	3	1	3	1	3	1	3	1
point_desc	2245	2025	0	0	1	0	1	0	1	0	1	0	1	0	1
point_desc	882	807	2	2	1	2	1	2	1	2	1	2	1	2	1
point_desc	1932	1742	3	3	1	0	0	2	0	0	0	0	0	0	0
point_desc	1697	1534	3	3	1	0	0	1	0	1	0	1	0	3	1
point_desc	1147	1041	3	3	1	1	0	1	0	3	1	3	1	3	1
point_desc	693	631	2	0	0	0	0	0	0	0	0	0	0	0	0
point_desc	1741	1572	1	1	1	1	1	1	1	1	1	2	0	1	1
point_desc	1243	1124	1	1	1	2	0	2	0	0	0	0	0	0	0
point_desc	1740	1572	0	2	0	2	0	2	0	2	0	2	0	2	0
point_desc	804	736	3	1	0	1	0	2	0	1	0	1	0	1	0
point_desc	1527	1385	2	2	1	0	0	2	1	2	1	2	1	2	1
point_desc	889	814	1	1	1	1	1	1	1	1	1	1	1	1	1
point_desc	1766	1595	3	3	1	3	1	3	1	3	1	3	1	3	1
point_desc	2112	1901	1	0	0	0	0	0	0	0	0	0	0	0	0
point_desc	1111	1008	3	3	1	3	1	3	1	3	1	3	1	3	1
point_desc	1370	1239	2	1	0	1	0	2	1	2	1	2	1	1	0
point_desc	1507	1366	3	0	0	2	0	0	0	2	0	0	0	0	0
point_desc	2197	1979	3	3	1	3	1	0	0	3	1	3	1	3	1
point_desc	1746	1577	1	1	1	1	1	2	0	1	1	1	1	1	1
point_desc	988	900	2	2	1	2	1	2	1	2	1	2	1	2	1
point_desc	1089	988	2	2	1	2	1	2	1	2	1	2	1	2	1
point_desc	1088	988	1	1	1	0	0	1	1	1	1	3	0	2	0
point_desc	585	528	2	1	0	2	1	2	1	0	0	1	0	1	0
point_desc	1679	1519	2	2	1	2	1	2	1	2	1	2	1	2	1
point_desc	350	322	3	3	1	3	1	3	1	3	1	3	1	3	1
point_desc	2375	2141	3	3	1	0	0	0	0	0	0	0	0	3	1
point_desc	678	617	3	3	1	0	0	0	0	0	0	0	0	0	0
point_desc	1542	1398	1	3	0	1	1	1	1	0	0	3	0	3	0
point_desc	682	621	2	2	1	2	1	2	1	2	1	2	1	2	1
point_desc	2420	2182	2	3	0	3	0	0	0	0	0	2	1	3	0
point_desc	744	677	3	3	1	3	1	0	0	1	0	1	0	3	1
point_desc	2186	1968	1	0	0	0	0	1	1	1	1	0	0	1	1
point_desc	1131	1026	0	0	1	0	1	0	1	0	1	0	1	0	1
point_desc	2212	1994	3	3	1	3	1	3	1	3	1	3	1	3	1
point_desc	644	585	0	0	1	0	1	0	1	0	1	0	1	0	1
point_desc	1481	1344	0	0	1	0	1	0	1	0	1	0	1	0	1
point_desc	788	720	3	3	1	0	0	3	1	3	1	3	1	3	1
point_desc	1802	1627	2	1	0	2	1	2	1	1	0	1	0	1	0
point_desc	175	159	3	0	0	1	0	0	0	0	0	0	0	0	0
point_desc	2076	1867	1	1	1	1	1	1	1	0	0	0	0	1	1
point_desc	1710	1546	3	3	1	3	1	3	1	1	0	3	1	3	1
point_desc	2592	2344	2	2	1	2	1	2	1	2	1	2	1	2	1
point_desc	2489	2249	2	2	1	2	1	2	1	2	1	2	1	2	1
point_desc	2525	2282	2	2	1	0	0	2	1	3	0	0	0	2	1
point_desc	2565	2319	2	2	1	2	1	2	1	2	1	2	1	2	1
point_desc	2517	2275	2	2	1	2	1	2	1	2	1	2	1	2	1
point_desc	606	549	3	3	1	1	0	1	0	2	0	2	0	3	1
point_desc	73	72	2	2	1	0	0	3	0	1	0	2	1	2	1
point_desc	1085	985	0	0	1	3	0	3	0	0	1	0	1	0	1
point_desc	2545	2302	2	2	1	3	0	0	0	2	1	2	1	2	1
point_desc	823	753	0	0	1	0	1	0	1	0	1	0	1	0	1
point_desc	645	586	1	1	1	0	0	1	1	0	0	0	0	1	1
point_desc	1632	1477	2	2	1	2	1	2	1	2	1	2	1	2	1
point_desc	2261	2038	2	2	1	2	1	1	0	2	1	2	1	2	1
point_desc	2535	2292	1	1	1	1	1	1	1	1	1	1	1	1	1
point_desc	1494	1355	1	1	1	1	1	1	1	1	1	1	1	1	1
point_desc	212	194	2	2	1	2	1	0	0	2	1	2	1	2	1
point_desc	746	679	2	2	1	2	1	2	1	2	1	2	1	2	1
point_desc	2401	2166	1	2	0	1	1	1	1	1	1	1	1	1	1
point_desc	2310	2084	0	0	1	0	1	0	1	0	1	0	1	0	1
point_desc	1431	1297	2	2	1	1	0	1	0	1	0	1	0	2	1
point_desc	1459	1324	0	0	1	0	1	2	0	0	1	0	1	0	1
point_desc	2356	2124	1	1	1	1	1	1	1	1	1	1	1	1	1
point_desc	730	664	1	1	1	1	1	2	0	1	1	1	1	1	1
point_desc	2357	2124	0	0	1	0	1	0	1	0	1	0	1	0	1
point_desc	1274	1152	0	0	1	0	1	1	0	0	1	0	1	1	0
point_desc	80	79	0	0	1	0	1	3	0	3	0	3	0	0	1
point_desc	1755	1585	0	2	0	2	0	2	0	2	0	0	1	2	0
point_desc	102	97	3	3	1	3	1	2	0	3	1	3	1	0	0
point_desc	2345	2114	0	0	1	0	1	0	1	0	1	0	1	1	0
point_desc	997	908	0	0	1	2	0	2	0	2	0	0	1	0	1
point_desc	1627	1472	2	2	1	2	1	2	1	2	1	2	1	2	1
point_desc	1863	1682	0	0	1	1	0	1	0	1	0	0	1	0	1
point_desc	1208	1095	2	2	1	2	1	2	1	2	1	2	1	2	1
point_desc	2589	2341	1	2	0	2	0	3	0	2	0	2	0	2	0
point_desc	1078	979	1	1	1	3	0	1	1	2	0	2	0	1	1
point_desc	1703	1539	0	0	1	0	1	1	0	0	1	0	1	0	1
point_desc	1952	1761	3	3	1	3	1	3	1	3	1	3	1	3	1
point_desc	2136	1924	1	1	1	1	1	3	0	1	1	1	1	1	1
point_desc	2246	2026	0	0	1	0	1	0	1	0	1	0	1	0	1
point_desc	1225	1111	1	1	1	1	1	1	1	1	1	1	1	1	1
point_desc	2609	2361	2	2	1	1	0	1	0	1	0	2	1	1	0
point_desc	1526	1384	2	0	0	0	0	1	0	0	0	0	0	0	0
point_desc	2180	1963	2	2	1	2	1	1	0	2	1	2	1	2	1
point_desc	208	190	3	3	1	3	1	3	1	3	1	3	1	3	1
point_desc	1193	1083	2	2	1	2	1	2	1	2	1	2	1	2	1
point_desc	896	820	2	2	1	3	0	3	0	2	1	2	1	2	1
point_desc	572	516	2	2	1	3	0	2	1	2	1	2	1	2	1
point_desc	571	516	1	1	1	1	1	2	0	1	1	1	1	1	1
point_desc	500	451	3	3	1	3	1	3	1	3	1	3	1	3	1
point_desc	209	191	1	1	1	1	1	1	1	1	1	1	1	1	1
point_desc	1239	1122	3	0	0	1	0	3	1	1	0	0	0	0	0
point_desc	1240	1122	3	3	1	3	1	0	0	3	1	3	1	3	1
point_desc	352	324	3	3	1	3	1	3	1	3	1	3	1	3	1
point_desc	1680	1520	3	3	1	3	1	2	0	3	1	3	1	3	1
point_desc	1056	958	1	1	1	1	1	1	1	1	1	1	1	1	1
point_desc	1456	1321	1	1	1	3	0	3	0	1	1	1	1	1	1
point_desc	483	438	0	0	1	0	1	3	0	0	1	0	1	0	1
point_desc	244	224	0	3	0	1	0	1	0	1	0	1	0	3	0
point_desc	548	496	1	1	1	1	1	1	1	3	0	1	1	1	1
point_desc	1669	1510	2	2	1	2	1	2	1	2	1	2	1	2	1
point_desc	2170	1953	2	0	0	0	0	2	1	0	0	0	0	0	0
point_desc	1583	1432	2	2	1	2	1	2	1	2	1	2	1	2	1
point_desc	1905	1719	3	3	1	3	1	1	0	3	1	3	1	3	1
point_desc	1544	1400	2	2	1	2	1	2	1	2	1	2	1	2	1
point_desc	1843	1664	2	2	1	2	1	2	1	2	1	2	1	2	1
point_desc	1471	1335	0	0	1	0	1	0	1	0	1	0	1	0	1
point_desc	2390	2156	2	2	1	1	0	1	0	1	0	2	1	2	1
point_desc	1135	1030	1	1	1	1	1	2	0	2	0	1	1	1	1
point_desc	1953	1762	0	1	0	1	0	1	0	1	0	1	0	1	0
point_desc	1387	1255	2	2	1	2	1	3	0	2	1	2	1	2	1
point_desc	759	692	0	1	0	0	1	1	0	1	0	1	0	1	0
point_desc	637	578	0	3	0	0	1	0	1	0	1	1	0	3	0
point_desc	871	796	1	2	0	2	0	3	0	2	0	2	0	2	0
point_desc	139	130	1	1	1	3	0	1	1	1	1	1	1	1	1
point_desc	224	206	0	0	1	1	0	0	1	0	1	2	0	0	1
point_desc	1287	1163	0	0	1	0	1	2	0	0	1	0	1	0	1
point_desc	686	625	0	0	1	0	1	0	1	0	1	0	1	0	1
point_desc	339	311	3	3	1	3	1	3	1	3	1	3	1	3	1
point_desc	478	433	3	1	0	1	0	1	0	3	1	1	0	3	1
point_desc	1826	1650	3	3	1	1	0	1	0	1	0	3	1	3	1
point_desc	879	804	0	0	1	1	0	0	1	0	1	0	1	0	1
point_desc	630	571	0	0	1	0	1	2	0	0	1	0	1	0	1
point_desc	1068	969	0	0	1	0	1	2	0	2	0	2	0	0	1
point_desc	31	31	3	3	1	3	1	3	1	3	1	3	1	3	1
point_desc	547	495	3	3	1	2	0	3	1	2	0	0	0	3	1
point_desc	1830	1654	1	1	1	1	1	1	1	1	1	1	1	1	1
point_desc	2398	2163	2	2	1	2	1	2	1	2	1	2	1	2	1
point_desc	1651	1493	3	3	1	3	1	3	1	3	1	3	1	3	1
point_desc	1483	1346	1	0	0	0	0	0	0	0	0	0	0	0	0
point_desc	1484	1346	3	3	1	1	0	1	0	3	1	3	1	3	1
point_desc	1772	1601	0	0	1	0	1	2	0	0	1	0	1	0	1
point_desc	698	635	3	3	1	3	1	3	1	3	1	3	1	3	1
point_desc	2549	2306	1	0	0	1	1	1	1	0	0	0	0	0	0
point_desc	1289	1165	3	0	0	1	0	1	0	3	1	3	1	0	0
point_desc	1773	1602	1	1	1	1	1	2	0	1	1	1	1	1	1
point_desc	2504	2263	1	3	0	1	1	2	0	2	0	3	0	3	0
point_desc	2578	2330	0	0	1	0	1	0	1	0	1	0	1	0	1
point_desc	506	457	0	1	0	0	1	0	1	2	0	2	0	0	1
point_desc	1678	1518	1	1	1	1	1	0	0	1	1	1	1	1	1
point_desc	837	764	2	2	1	2	1	2	1	2	1	1	0	2	1
point_desc	1659	1501	0	0	1	0	1	0	1	0	1	0	1	0	1
point_desc	2220	2002	1	1	1	1	1	2	0	0	0	1	1	1	1
point_desc	763	696	3	3	1	3	1	3	1	3	1	1	0	3	1
point_desc	1126	1021	2	2	1	1	0	3	0	1	0	3	0	2	1
point_desc	185	168	3	3	1	2	0	1	0	3	1	3	1	3	1
point_desc	186	168	0	0	1	0	1	0	1	0	1	0	1	0	1
point_desc	1203	1092	0	0	1	0	1	0	1	1	0	0	1	1	0
point_desc	1635	1480	3	3	1	3	1	3	1	3	1	3	1	3	1
point_desc	2332	2104	3	3	1	3	1	3	1	3	1	2	0	3	1
point_desc	106	101	1	1	1	0	0	2	0	2	0	0	0	1	1
point_desc	1046	949	2	2	1	2	1	2	1	2	1	2	1	3	0
point_desc	48	48	3	3	1	3	1	3	1	3	1	3	1	3	1
point_desc	2393	2159	1	1	1	1	1	1	1	1	1	1	1	1	1
point_desc	442	406	0	0	1	0	1	1	0	0	1	0	1	0	1
point_desc	191	173	3	3	1	3	1	3	1	3	1	3	1	3	1
point_desc	164	150	0	0	1	1	0	0	1	1	0	1	0	0	1
point_desc	808	739	0	0	1	2	0	0	1	2	0	2	0	0	1
point_desc	1770	1599	0	0	1	0	1	0	1	0	1	0	1	0	1
point_desc	1115	1012	0	0	1	0	1	0	1	0	1	0	1	0	1
point_desc	1944	1754	3	3	1	3	1	0	0	3	1	3	1	3	1
point_desc	1286	1162	0	0	1	0	1	0	1	0	1	0	1	0	1
point_desc	1869	1686	2	1	0	1	0	1	0	1	0	1	0	1	0
point_desc	1023	930	2	2	1	2	1	2	1	2	1	2	1	2	1
point_desc	712	649	0	0	1	2	0	0	1	0	1	2	0	2	0
point_desc	2624	2376	2	2	1	0	0	0	0	0	0	2	1	2	1
point_desc	1548	1404	0	0	1	1	0	3	0	1	0	0	1	0	1
point_desc	2046	1842	0	0	1	0	1	0	1	0	1	0	1	0	1
point_desc	2042	1839	0	3	0	3	0	0	1	3	0	3	0	3	0
point_desc	251	231	2	2	1	2	1	2	1	2	1	2	1	2	1
point_desc	150	138	2	2	1	3	0	2	1	3	0	3	0	2	1
point_desc	757	690	1	2	0	0	0	0	0	0	0	1	1	2	0
point_desc	2315	2089	2	1	0	0	0	2	1	0	0	0	0	1	0
point_desc	1161	1053	0	3	0	3	0	3	0	3	0	3	0	3	0
point_desc	47	47	1	1	1	1	1	1	1	1	1	1	1	1	1
point_desc	2118	1907	0	0	1	0	1	0	1	0	1	0	1	0	1
point_desc	740	673	2	2	1	1	0	0	0	2	1	2	1	2	1
point_desc	2293	2068	3	3	1	0	0	3	1	3	1	3	1	3	1
point_desc	1332	1204	3	3	1	1	0	2	0	3	1	3	1	3	1
point_desc	928	849	2	2	1	2	1	2	1	2	1	2	1	2	1
point_desc	1870	1687	0	0	1	0	1	3	0	0	1	0	1	0	1
point_desc	295	274	3	3	1	3	1	3	1	3	1	3	1	3	1
point_desc	2531	2288	3	3	1	3	1	3	1	3	1	3	1	3	1
point_desc	1059	960	3	2	0	3	1	3	1	3	1	2	0	2	0
point_desc	1997	1801	0	0	1	0	1	0	1	0	1	0	1	0	1
point_desc	1576	1425	0	0	1	0	1	0	1	0	1	0	1	0	1
point_desc	474	430	2	2	1	1	0	2	1	2	1	1	0	2	1
point_desc	1962	1770	0	0	1	0	1	2	0	2	0	0	1	0	1
point_desc	1071	972	0	0	1	3	0	2	0	3	0	3	0	0	1
point_desc	2532	2289	1	1	1	1	1	2	0	3	0	1	1	1	1
point_desc	2404	2168	0	0	1	0	1	2	0	0	1	0	1	0	1
point_desc	1595	1443	2	2	1	2	1	3	0	2	1	2	1	2	1
point_desc	2268	2044	1	1	1	1	1	1	1	1	1	1	1	1	1
point_desc	1879	1696	1	1	1	0	0	2	0	1	1	1	1	1	1
point_desc	1178	1070	0	0	1	1	0	2	0	2	0	2	0	0	1
point_desc	1412	1279	3	3	1	3	1	0	0	3	1	2	0	3	1
point_desc	1346	1216	1	3	0	1	1	1	1	1	1	3	0	1	1
point_desc	511	461	3	3	1	3	1	3	1	3	1	3	1	3	1
point_desc	1006	917	1	0	0	0	0	0	0	0	0	0	0	2	0
point_desc	1197	1086	3	3	1	3	1	3	1	3	1	3	1	3	1
point_desc	2275	2051	3	3	1	3	1	3	1	3	1	3	1	3	1
point_desc	2205	1987	0	0	1	1	0	0	1	0	1	0	1	0	1
point_desc	1768	1597	1	1	1	3	0	2	0	1	1	3	0	1	1
point_desc	578	522	2	2	1	2	1	2	1	2	1	2	1	2	1
point_desc	1606	1454	0	0	1	0	1	0	1	0	1	0	1	0	1
point_desc	2648	2395	0	0	1	1	0	0	1	3	0	3	0	0	1
point_desc	2120	1909	2	2	1	2	1	2	1	2	1	2	1	2	1
point_desc	1262	1140	0	0	1	0	1	0	1	0	1	0	1	0	1
point_desc	1261	1140	2	2	1	2	1	0	0	0	0	0	0	2	1
point_desc	241	222	3	0	0	2	0	3	1	0	0	0	0	0	0
point_desc	358	329	2	2	1	1	0	1	0	3	0	2	1	2	1
point_desc	357	329	2	2	1	2	1	3	0	2	1	2	1	2	1
point_desc	635	576	2	2	1	0	0	1	0	2	1	2	1	2	1
point_desc	526	476	1	1	1	3	0	3	0	1	1	1	1	1	1
point_desc	74	73	0	0	1	0	1	0	1	0	1	0	1	0	1
point_desc	476	432	2	2	1	2	1	2	1	2	1	2	1	2	1
point_desc	98	95	1	1	1	1	1	1	1	1	1	1	1	1	1
point_desc	2287	2062	2	2	1	2	1	2	1	2	1	2	1	2	1
point_desc	2428	2190	1	1	1	0	0	0	0	0	0	0	0	0	0
point_desc	316	294	3	3	1	1	0	3	1	3	1	3	1	3	1
point_desc	2229	2009	1	3	0	0	0	0	0	3	0	0	0	0	0
point_desc	2569	2323	3	3	1	0	0	2	0	0	0	0	0	2	0
point_desc	1038	943	3	3	1	1	0	0	0	1	0	0	0	3	1
point_desc	1957	1766	1	1	1	2	0	0	0	2	0	0	0	1	1
point_desc	2430	2192	1	3	0	2	0	2	0	2	0	3	0	2	0
point_desc	1551	1407	2	2	1	2	1	0	0	3	0	2	1	2	1
point_desc	472	429	1	1	1	2	0	2	0	1	1	2	0	1	1
point_desc	473	429	0	3	0	0	1	2	0	3	0	3	0	3	0
point_desc	2447	2208	0	0	1	0	1	1	0	0	1	0	1	0	1
point_desc	2195	1977	1	0	0	0	0	0	0	0	0	0	0	0	0
point_desc	491	445	1	1	1	1	1	1	1	1	1	1	1	1	1
point_desc	1594	1442	0	0	1	3	0	3	0	3	0	3	0	0	1
point_desc	7	9	3	3	1	3	1	3	1	3	1	3	1	3	1
point_desc	42	42	0	0	1	1	0	1	0	1	0	1	0	0	1
point_desc	593	536	0	0	1	0	1	0	1	1	0	1	0	0	1
point_desc	2101	1890	1	1	1	1	1	1	1	1	1	1	1	1	1
point_desc	346	318	3	1	0	1	0	1	0	1	0	1	0	1	0
point_desc	1603	1451	3	2	0	2	0	2	0	2	0	2	0	2	0
point_desc	2619	2371	0	3	0	3	0	3	0	3	0	3	0	0	1
point_desc	1083	983	2	2	1	3	0	3	0	3	0	3	0	2	1
point_desc	1692	1530	0	0	1	0	1	0	1	0	1	0	1	0	1
point_desc	52	51	0	2	0	1	0	1	0	2	0	2	0	2	0
point_desc	1801	1626	3	3	1	3	1	1	0	3	1	3	1	3	1
point_desc	533	483	2	2	1	2	1	0	0	2	1	2	1	2	1
point_desc	845	772	2	1	0	3	0	2	1	3	0	2	1	1	0
point_desc	674	613	1	1	1	1	1	1	1	1	1	1	1	1	1
point_desc	582	525	1	1	1	1	1	1	1	1	1	1	1	1	1
point_desc	1125	1020	0	0	1	0	1	2	0	2	0	0	1	0	1
point_desc	393	362	1	1	1	1	1	2	0	1	1	2	0	1	1
point_desc	1480	1343	1	0	0	0	0	0	0	0	0	0	0	0	0
point_desc	1690	1528	1	1	1	1	1	0	0	1	1	1	1	1	1
point_desc	1689	1528	0	0	1	3	0	2	0	0	1	0	1	0	1
point_desc	377	347	3	1	0	0	0	2	0	0	0	1	0	2	0
point_desc	252	232	1	1	1	1	1	1	1	1	1	1	1	1	1
point_desc	1708	1544	1	1	1	1	1	1	1	1	1	1	1	1	1
point_desc	701	638	0	1	0	0	1	1	0	1	0	1	0	1	0
point_desc	836	763	2	2	1	2	1	2	1	2	1	2	1	2	1
point_desc	563	509	0	0	1	1	0	1	0	1	0	0	1	1	0
point_desc	2	4	0	2	0	0	1	0	1	2	0	2	0	2	0
point_desc	785	717	1	1	1	1	1	1	1	1	1	1	1	1	1
point_desc	1968	1776	1	1	1	0	0	0	0	0	0	0	0	1	1
point_desc	1584	1433	3	3	1	3	1	3	1	3	1	3	1	3	1
point_desc	1924	1735	2	2	1	2	1	1	0	2	1	2	1	2	1
point_desc	2494	2254	3	3	1	3	1	2	0	3	1	3	1	3	1
point_desc	204	186	0	0	1	0	1	0	1	0	1	0	1	0	1
point_desc	2241	2021	0	3	0	0	1	0	1	0	1	0	1	3	0
point_desc	544	492	1	1	1	3	0	2	0	1	1	1	1	1	1
point_desc	1673	1514	3	3	1	3	1	0	0	3	1	3	1	3	1
point_desc	2013	1814	1	1	1	1	1	1	1	1	1	1	1	1	1
point_desc	2059	1853	3	3	1	0	0	3	1	3	1	3	1	3	1
point_desc	691	629	3	3	1	3	1	0	0	0	0	3	1	3	1
point_desc	1810	1635	2	0	0	2	1	0	0	2	1	2	1	2	1
point_desc	2472	2232	2	2	1	3	0	2	1	2	1	2	1	2	1
point_desc	881	806	2	2	1	3	0	3	0	3	0	2	1	2	1
point_desc	1095	993	3	3	1	3	1	0	0	0	0	0	0	3	1
point_desc	2352	2120	1	3	0	3	0	1	1	3	0	3	0	3	0
point_desc	1695	1532	1	1	1	1	1	3	0	1	1	1	1	1	1
point_desc	2386	2152	3	3	1	3	1	3	1	3	1	3	1	3	1
point_desc	1510	1369	2	0	0	2	1	2	1	2	1	2	1	0	0
point_desc	1363	1232	1	1	1	1	1	1	1	1	1	1	1	1	1
point_desc	1881	1698	0	0	1	0	1	0	1	0	1	0	1	0	1
point_desc	2201	1983	3	3	1	3	1	3	1	3	1	3	1	3	1
point_desc	112	107	1	1	1	1	1	1	1	1	1	1	1	1	1
point_desc	2113	1902	0	2	0	2	0	2	0	3	0	0	1	2	0
point_desc	453	416	3	3	1	2	0	2	0	3	1	3	1	3	1
point_desc	43	43	3	3	1	3	1	2	0	3	1	2	0	3	1
point_desc	232	214	0	0	1	0	1	1	0	0	1	0	1	0	1
point_desc	1622	1468	3	3	1	0	0	0	0	0	0	0	0	3	1
point_desc	538	487	3	3	1	3	1	2	0	3	1	3	1	3	1
point_desc	847	774	3	3	1	2	0	2	0	3	1	3	1	3	1
point_desc	2560	2314	3	3	1	3	1	3	1	0	0	3	1	3	1
point_desc	1986	1791	1	1	1	1	1	1	1	1	1	1	1	1	1
point_desc	1752	1582	3	3	1	1	0	3	1	3	1	3	1	3	1
point_desc	1751	1582	0	3	0	0	1	3	0	3	0	0	1	3	0
point_desc	612	555	1	1	1	1	1	1	1	1	1	3	0	1	1
point_desc	1214	1101	1	1	1	1	1	1	1	1	1	1	1	1	1
point_desc	280	259	1	2	0	2	0	0	0	2	0	2	0	2	0
point_desc	178	162	0	0	1	0	1	0	1	0	1	0	1	0	1
point_desc	502	453	1	1	1	2	0	1	1	1	1	1	1	1	1
point_desc	2262	2039	1	1	1	1	1	1	1	1	1	3	0	1	1
point_desc	2424	2186	3	3	1	3	1	3	1	3	1	3	1	3	1
point_desc	202	184	1	1	1	1	1	1	1	1	1	1	1	1	1
point_desc	154	141	1	1	1	2	0	2	0	2	0	2	0	1	1
point_desc	1465	1330	3	3	1	3	1	3	1	3	1	3	1	3	1
point_desc	2263	2040	3	3	1	3	1	2	0	0	0	3	1	3	1
point_desc	167	152	3	3	1	3	1	3	1	3	1	3	1	1	0
point_desc	1943	1753	3	3	1	3	1	3	1	3	1	3	1	3	1
point_desc	1176	1068	1	1	1	0	0	0	0	1	1	1	1	1	1
point_desc	2617	2369	0	0	1	0	1	0	1	0	1	0	1	0	1
point_desc	1198	1087	1	1	1	1	1	2	0	1	1	1	1	1	1
point_desc	118	113	2	2	1	1	0	2	1	2	1	2	1	0	0
point_desc	830	759	2	2	1	2	1	1	0	2	1	2	1	2	1
point_desc	88	85	3	3	1	3	1	3	1	3	1	3	1	3	1
point_desc	619	560	2	3	0	3	0	3	0	3	0	3	0	3	0
point_desc	1908	1722	3	3	1	3	1	0	0	0	0	3	1	0	0
point_desc	1656	1498	1	3	0	3	0	1	1	3	0	3	0	3	0
point_desc	498	449	2	2	1	2	1	2	1	2	1	2	1	2	1
point_desc	1890	1705	1	2	0	1	1	1	1	1	1	2	0	2	0
point_desc	1889	1705	1	1	1	2	0	1	1	2	0	2	0	0	0
point_desc	1783	1610	2	2	1	0	0	0	0	2	1	2	1	2	1
point_desc	1076	977	0	0	1	0	1	0	1	0	1	0	1	0	1
point_desc	434	399	0	3	0	3	0	1	0	3	0	3	0	3	0
point_desc	1558	1412	0	0	1	3	0	3	0	3	0	3	0	0	1
point_desc	953	872	2	2	1	2	1	2	1	3	0	3	0	2	1
point_desc	955	872	1	1	1	1	1	1	1	1	1	1	1	1	1
point_desc	1654	1496	0	0	1	0	1	0	1	0	1	0	1	0	1
point_desc	121	115	3	3	1	0	0	3	1	3	1	3	1	1	0
point_desc	1885	1702	1	0	0	0	0	1	1	0	0	1	1	1	1
point_desc	851	778	3	3	1	2	0	2	0	3	1	3	1	3	1
point_desc	951	870	0	3	0	1	0	0	1	3	0	3	0	3	0
point_desc	1743	1574	0	0	1	1	0	1	0	1	0	1	0	0	1
point_desc	40	40	2	2	1	2	1	2	1	2	1	2	1	2	1
point_desc	1051	953	1	1	1	1	1	1	1	1	1	1	1	1	1
point_desc	353	325	2	2	1	1	0	1	0	1	0	1	0	2	1
point_desc	1047	950	2	2	1	2	1	0	0	1	0	2	1	2	1
point_desc	661	602	0	0	1	0	1	0	1	0	1	0	1	0	1
point_desc	92	89	3	1	0	3	1	0	0	3	1	3	1	1	0
point_desc	2200	1982	3	3	1	1	0	1	0	1	0	1	0	1	0
point_desc	1925	1736	0	0	1	0	1	2	0	0	1	0	1	0	1
point_desc	805	737	3	3	1	0	0	0	0	3	1	3	1	3	1
point_desc	1547	1403	1	0	0	1	1	0	0	0	0	0	0	1	1
point_desc	2252	2031	3	3	1	3	1	3	1	3	1	3	1	3	1
point_desc	2253	2031	0	0	1	0	1	0	1	0	1	0	1	0	1
point_desc	646	587	2	2	1	3	0	0	0	2	1	2	1	2	1
point_desc	1116	1013	3	3	1	3	1	3	1	3	1	3	1	3	1
point_desc	1117	1013	1	1	1	1	1	1	1	1	1	1	1	1	1
point_desc	1585	1434	3	0	0	0	0	0	0	0	0	0	0	0	0
point_desc	2083	1874	2	2	1	2	1	2	1	2	1	2	1	2	1
point_desc	877	802	3	3	1	3	1	0	0	0	0	3	1	3	1
point_desc	1793	1618	1	1	1	2	0	2	0	2	0	1	1	1	1
point_desc	211	193	1	1	1	0	0	3	0	0	0	0	0	3	0
point_desc	362	333	0	0	1	0	1	2	0	2	0	0	1	0	1
point_desc	995	906	2	2	1	2	1	2	1	3	0	1	0	2	1
point_desc	621	562	3	3	1	3	1	3	1	3	1	3	1	3	1
point_desc	2335	2106	1	1	1	1	1	3	0	1	1	1	1	1	1
point_desc	1910	1724	2	2	1	2	1	3	0	2	1	2	1	2	1
point_desc	1911	1724	1	1	1	0	0	1	1	1	1	0	0	1	1
point_desc	407	375	0	0	1	0	1	0	1	0	1	0	1	0	1
point_desc	826	756	3	0	0	2	0	2	0	0	0	0	0	0	0
point_desc	760	693	1	1	1	0	0	2	0	0	0	1	1	1	1
point_desc	1626	1471	0	3	0	3	0	0	1	3	0	3	0	3	0
point_desc	1811	1636	0	2	0	1	0	1	0	2	0	2	0	2	0
point_desc	1874	1691	3	3	1	3	1	0	0	0	0	0	0	3	1
point_desc	114	109	0	0	1	0	1	0	1	0	1	0	1	0	1
point_desc	1604	1452	1	1	1	1	1	1	1	1	1	1	1	1	1
point_desc	2175	1958	2	2	1	2	1	2	1	2	1	2	1	2	1
point_desc	2652	2399	2	2	1	1	0	1	0	2	1	1	0	2	1
point_desc	2228	2008	1	1	1	1	1	0	0	1	1	1	1	1	1
point_desc	717	653	3	3	1	0	0	1	0	3	1	2	0	1	0
point_desc	568	513	2	2	1	2	1	2	1	2	1	2	1	2	1
point_desc	307	286	2	2	1	2	1	1	0	2	1	2	1	2	1
point_desc	308	286	3	3	1	3	1	3	1	3	1	3	1	3	1
point_desc	1181	1073	0	0	1	0	1	0	1	0	1	3	0	3	0
point_desc	1555	1409	1	2	0	2	0	2	0	2	0	2	0	2	0
point_desc	1252	1133	0	0	1	0	1	0	1	0	1	2	0	0	1
point_desc	310	288	3	3	1	3	1	2	0	3	1	3	1	3	1
point_desc	2339	2109	1	0	0	1	1	1	1	1	1	1	1	1	1
point_desc	1389	1257	3	3	1	3	1	3	1	3	1	3	1	3	1
point_desc	797	729	3	3	1	2	0	2	0	1	0	3	1	3	1
point_desc	2562	2316	3	1	0	0	0	0	0	1	0	1	0	1	0
point_desc	1734	1567	1	3	0	1	1	1	1	1	1	3	0	3	0
point_desc	824	754	0	1	0	1	0	1	0	1	0	1	0	1	0
point_desc	1418	1285	0	0	1	0	1	0	1	0	1	0	1	0	1
point_desc	104	99	0	0	1	0	1	3	0	0	1	0	1	0	1
point_desc	2078	1869	3	0	0	0	0	0	0	0	0	0	0	0	0
point_desc	1963	1771	2	2	1	2	1	2	1	2	1	2	1	2	1
point_desc	1532	1390	1	1	1	1	1	1	1	1	1	1	1	1	1
point_desc	1899	1714	2	2	1	2	1	1	0	2	1	2	1	2	1
point_desc	375	345	1	1	1	1	1	1	1	1	1	1	1	1	1
point_desc	1754	1584	2	2	1	3	0	1	0	2	1	2	1	2	1
point_desc	1916	1727	0	0	1	0	1	0	1	0	1	0	1	0	1
point_desc	1550	1406	1	1	1	1	1	1	1	1	1	1	1	1	1
point_desc	342	314	3	1	0	3	1	3	1	3	1	3	1	0	0
point_desc	156	143	2	2	1	2	1	2	1	2	1	2	1	2	1
point_desc	916	839	1	1	1	1	1	1	1	1	1	1	1	1	1
point_desc	2507	2266	2	2	1	2	1	2	1	2	1	2	1	2	1
point_desc	2460	2220	0	0	1	0	1	0	1	0	1	0	1	0	1
point_desc	1180	1072	0	2	0	0	1	0	1	0	1	0	1	2	0
point_desc	566	512	3	3	1	1	0	0	0	3	1	1	0	3	1
point_desc	1396	1264	1	1	1	1	1	1	1	1	1	1	1	1	1
point_desc	1726	1560	3	3	1	3	1	3	1	3	1	3	1	3	1
point_desc	1993	1797	2	2	1	2	1	2	1	2	1	2	1	3	0
point_desc	1614	1461	2	3	0	0	0	3	0	3	0	3	0	3	0
point_desc	430	395	1	1	1	2	0	2	0	2	0	1	1	1	1
point_desc	2034	1832	0	0	1	0	1	0	1	0	1	0	1	0	1
point_desc	2075	1866	0	2	0	0	1	2	0	0	1	0	1	2	0
point_desc	519	469	3	3	1	3	1	3	1	3	1	3	1	0	0
point_desc	1218	1105	1	1	1	1	1	1	1	1	1	1	1	1	1
point_desc	2425	2187	1	1	1	0	0	3	0	0	0	2	0	1	1
point_desc	653	594	0	0	1	0	1	3	0	1	0	0	1	0	1
point_desc	705	642	0	0	1	0	1	0	1	0	1	0	1	0	1
point_desc	2540	2297	2	2	1	2	1	2	1	2	1	2	1	2	1
point_desc	1586	1435	1	1	1	3	0	3	0	1	1	1	1	1	1
point_desc	1587	1435	1	1	1	1	1	1	1	1	1	1	1	1	1
point_desc	2298	2072	1	2	0	1	1	1	1	3	0	2	0	2	0
point_desc	1429	1295	2	2	1	2	1	2	1	2	1	2	1	2	1
point_desc	444	408	0	0	1	0	1	0	1	0	1	0	1	0	1
point_desc	2010	1811	1	1	1	1	1	1	1	1	1	1	1	1	1
point_desc	2009	1811	2	2	1	2	1	2	1	2	1	2	1	2	1
point_desc	864	790	1	1	1	1	1	1	1	1	1	1	1	1	1
point_desc	433	398	1	1	1	2	0	2	0	2	0	2	0	1	1
point_desc	1538	1395	1	1	1	1	1	1	1	1	1	1	1	1	1
point_desc	1438	1303	3	3	1	3	1	3	1	0	0	0	0	3	1
point_desc	2399	2164	2	3	0	0	0	3	0	0	0	3	0	3	0
point_desc	659	600	2	2	1	2	1	0	0	2	1	2	1	2	1
point_desc	2591	2343	2	2	1	2	1	2	1	2	1	2	1	2	1
point_desc	1445	1310	2	2	1	2	1	2	1	2	1	2	1	2	1
point_desc	1954	1763	3	1	0	3	1	1	0	3	1	3	1	1	0
point_desc	735	668	3	3	1	0	0	3	1	3	1	3	1	3	1
point_desc	734	668	3	3	1	1	0	3	1	3	1	3	1	3	1
point_desc	93	90	3	3	1	1	0	2	0	1	0	1	0	3	1
point_desc	257	237	2	2	1	2	1	2	1	2	1	2	1	2	1
point_desc	2611	2363	1	1	1	1	1	3	0	1	1	1	1	1	1
point_desc	2583	2335	0	0	1	0	1	2	0	0	1	1	0	0	1
point_desc	466	424	2	2	1	2	1	2	1	2	1	2	1	2	1
point_desc	2324	2097	3	3	1	3	1	3	1	3	1	3	1	3	1
point_desc	1927	1737	0	0	1	0	1	0	1	0	1	0	1	0	1
point_desc	1341	1212	2	2	1	3	0	3	0	2	1	3	0	2	1
point_desc	1064	965	0	2	0	3	0	2	0	2	0	2	0	2	0
point_desc	657	598	2	2	1	0	0	3	0	0	0	2	1	2	1
point_desc	2574	2327	3	2	0	2	0	2	0	2	0	2	0	2	0
point_desc	1971	1779	0	0	1	0	1	0	1	0	1	0	1	0	1
point_desc	831	760	3	3	1	3	1	3	1	3	1	3	1	3	1
point_desc	832	760	3	3	1	3	1	2	0	2	0	2	0	3	1
point_desc	269	248	1	1	1	1	1	1	1	1	1	1	1	1	1
point_desc	893	818	3	3	1	3	1	3	1	3	1	3	1	3	1
point_desc	449	412	3	3	1	0	0	1	0	3	1	3	1	3	1
point_desc	764	697	3	3	1	3	1	3	1	3	1	3	1	3	1
point_desc	963	878	2	2	1	2	1	2	1	2	1	2	1	2	1
point_desc	531	481	2	0	0	2	1	3	0	0	0	0	0	0	0
point_desc	774	706	0	0	1	0	1	2	0	0	1	0	1	0	1
point_desc	2019	1820	3	1	0	1	0	3	1	1	0	1	0	3	1
point_desc	1229	1114	3	3	1	0	0	2	0	3	1	0	0	3	1
point_desc	1316	1189	2	2	1	2	1	2	1	2	1	2	1	2	1
point_desc	2514	2272	0	1	0	1	0	0	1	1	0	0	1	0	1
point_desc	35	35	2	2	1	2	1	1	0	2	1	2	1	2	1
point_desc	1938	1748	0	3	0	3	0	3	0	3	0	3	0	3	0
point_desc	829	758	1	1	1	1	1	1	1	3	0	1	1	1	1
point_desc	828	758	1	1	1	1	1	1	1	1	1	1	1	1	1
point_desc	105	100	1	0	0	2	0	1	1	0	0	0	0	0	0
point_desc	638	579	2	2	1	2	1	2	1	2	1	2	1	0	0
point_desc	974	887	1	1	1	0	0	0	0	0	0	1	1	1	1
point_desc	1973	1781	1	1	1	1	1	1	1	1	1	1	1	1	1
point_desc	2127	1915	2	2	1	2	1	2	1	2	1	2	1	2	1
point_desc	137	128	1	1	1	2	0	0	0	0	0	1	1	1	1
point_desc	1787	1613	1	1	1	1	1	1	1	1	1	1	1	1	1
point_desc	1786	1613	0	2	0	2	0	2	0	2	0	2	0	2	0
point_desc	1871	1688	1	1	1	1	1	1	1	1	1	1	1	1	1
point_desc	328	303	0	0	1	0	1	0	1	0	1	2	0	0	1
point_desc	329	303	1	1	1	2	0	3	0	2	0	3	0	1	1
point_desc	905	828	2	0	0	0	0	2	1	0	0	0	0	0	0
point_desc	1281	1158	3	3	1	3	1	3	1	3	1	2	0	3	1
point_desc	844	771	3	3	1	3	1	3	1	3	1	3	1	3	1
point_desc	192	174	3	3	1	3	1	0	0	0	0	0	0	3	1
point_desc	570	515	3	3	1	2	0	2	0	3	1	2	0	3	1
point_desc	1428	1294	3	3	1	3	1	3	1	3	1	3	1	3	1
point_desc	2073	1864	3	3	1	1	0	2	0	1	0	2	0	3	1
point_desc	762	695	0	0	1	1	0	1	0	1	0	1	0	0	1
point_desc	1230	1115	1	3	0	1	1	1	1	3	0	3	0	3	0
point_desc	1611	1458	3	3	1	3	1	0	0	3	1	3	1	3	1
point_desc	1282	1159	3	3	1	0	0	0	0	0	0	0	0	3	1
point_desc	747	680	1	2	0	2	0	2	0	2	0	2	0	2	0
point_desc	2168	1951	0	0	1	3	0	0	1	0	1	0	1	0	1
point_desc	1164	1056	2	2	1	2	1	2	1	2	1	2	1	2	1
point_desc	1859	1679	3	3	1	0	0	0	0	0	0	0	0	0	0
point_desc	1420	1287	1	1	1	1	1	0	0	1	1	1	1	1	1
point_desc	1637	1481	1	3	0	3	0	2	0	3	0	2	0	3	0
point_desc	1636	1481	0	0	1	0	1	0	1	0	1	0	1	0	1
point_desc	1215	1102	1	1	1	1	1	1	1	1	1	1	1	1	1
point_desc	1597	1445	1	1	1	1	1	0	0	1	1	1	1	1	1
point_desc	2071	1862	0	0	1	0	1	0	1	0	1	0	1	0	1
point_desc	810	741	3	0	0	0	0	0	0	0	0	0	0	0	0
point_desc	1058	959	1	1	1	1	1	1	1	1	1	1	1	1	1
point_desc	1696	1533	0	0	1	2	0	2	0	2	0	0	1	0	1
point_desc	2179	1962	0	0	1	0	1	0	1	0	1	0	1	0	1
point_desc	57	56	0	0	1	0	1	0	1	0	1	0	1	0	1
point_desc	1602	1450	3	1	0	1	0	1	0	1	0	1	0	0	0
point_desc	1221	1107	3	3	1	2	0	2	0	2	0	2	0	3	1
point_desc	1556	1410	1	1	1	1	1	1	1	1	1	1	1	1	1
point_desc	195	177	3	1	0	3	1	3	1	1	0	1	0	3	1
point_desc	428	393	0	0	1	0	1	0	1	0	1	0	1	0	1
point_desc	1009	920	2	2	1	1	0	1	0	2	1	3	0	2	1
point_desc	490	444	3	3	1	3	1	0	0	3	1	0	0	3	1
point_desc	161	148	0	0	1	0	1	0	1	0	1	0	1	0	1
point_desc	1545	1401	0	0	1	0	1	0	1	0	1	0	1	0	1
point_desc	165	151	0	0	1	0	1	0	1	0	1	0	1	0	1
point_desc	386	356	3	3	1	3	1	0	0	0	0	2	0	3	1
point_desc	609	552	0	1	0	1	0	1	0	1	0	1	0	1	0
point_desc	587	530	0	0	1	0	1	0	1	0	1	0	1	3	0
point_desc	940	861	3	3	1	0	0	0	0	0	0	0	0	3	1
point_desc	1672	1513	0	2	0	2	0	2	0	2	0	2	0	0	1
point_desc	2374	2140	0	0	1	0	1	0	1	2	0	2	0	0	1
point_desc	501	452	1	1	1	1	1	1	1	1	1	1	1	1	1
point_desc	575	519	3	3	1	2	0	2	0	2	0	2	0	3	1
point_desc	1155	1049	1	1	1	1	1	1	1	1	1	1	1	1	1
point_desc	2239	2019	3	0	0	0	0	0	0	0	0	0	0	0	0
point_desc	2444	2205	3	3	1	3	1	3	1	3	1	3	1	3	1
point_desc	1966	1774	1	0	0	3	0	3	0	3	0	3	0	3	0
point_desc	868	794	2	2	1	2	1	2	1	2	1	2	1	2	1
point_desc	869	794	0	0	1	0	1	0	1	0	1	0	1	0	1
point_desc	2163	1946	0	0	1	0	1	3	0	0	1	0	1	0	1
point_desc	876	801	1	1	1	0	0	0	0	3	0	1	1	1	1
point_desc	2490	2250	1	1	1	1	1	2	0	1	1	1	1	1	1
point_desc	1613	1460	2	1	0	1	0	1	0	1	0	1	0	2	1
point_desc	2440	2201	0	0	1	0	1	0	1	0	1	0	1	0	1
point_desc	2021	1822	0	0	1	1	0	2	0	1	0	1	0	2	0
point_desc	1644	1487	1	3	0	0	0	3	0	3	0	3	0	3	0
point_desc	2544	2301	0	0	1	3	0	3	0	3	0	0	1	0	1
point_desc	2646	2393	0	3	0	3	0	2	0	1	0	3	0	3	0
point_desc	1855	1675	1	1	1	1	1	1	1	0	0	3	0	1	1
point_desc	107	102	0	0	1	0	1	0	1	0	1	0	1	0	1
point_desc	1676	1516	2	2	1	2	1	2	1	0	0	0	0	2	1
point_desc	1639	1483	2	2	1	2	1	2	1	2	1	2	1	2	1
point_desc	598	541	2	2	1	2	1	1	0	2	1	2	1	2	1
point_desc	2139	1927	2	2	1	2	1	2	1	2	1	2	1	2	1
point_desc	2063	1856	0	0	1	0	1	0	1	0	1	0	1	0	1
point_desc	939	860	1	1	1	2	0	2	0	1	1	1	1	1	1
point_desc	1162	1054	1	1	1	3	0	0	0	0	0	1	1	1	1
point_desc	1145	1039	0	0	1	0	1	0	1	0	1	0	1	0	1
point_desc	914	837	1	1	1	1	1	1	1	1	1	1	1	1	1
point_desc	1844	1665	3	3	1	2	0	0	0	3	1	3	1	3	1
point_desc	982	894	1	1	1	3	0	3	0	1	1	1	1	1	1
point_desc	981	894	1	1	1	2	0	0	0	2	0	2	0	1	1
point_desc	1224	1110	1	1	1	1	1	1	1	1	1	1	1	1	1
point_desc	1205	1093	3	2	0	2	0	2	0	2	0	3	1	2	0
point_desc	1206	1093	0	0	1	0	1	3	0	0	1	0	1	0	1
point_desc	2074	1865	3	3	1	3	1	3	1	3	1	3	1	3	1
point_desc	1816	1641	3	1	0	1	0	1	0	1	0	1	0	1	0
point_desc	1919	1730	3	2	0	2	0	3	1	3	1	3	1	3	1
point_desc	1414	1281	0	0	1	0	1	0	1	0	1	0	1	0	1
point_desc	696	633	3	3	1	3	1	3	1	3	1	3	1	3	1
point_desc	2416	2178	0	0	1	1	0	1	0	0	1	1	0	0	1
point_desc	2172	1955	3	3	1	3	1	2	0	3	1	3	1	3	1
point_desc	1436	1301	0	0	1	0	1	0	1	0	1	0	1	0	1
point_desc	707	644	0	1	0	1	0	1	0	1	0	1	0	0	1
point_desc	813	744	2	2	1	3	0	0	0	0	0	0	0	2	1
point_desc	1757	1587	2	2	1	1	0	1	0	1	0	1	0	2	1
point_desc	1566	1417	3	0	0	0	0	3	1	0	0	0	0	0	0
point_desc	1097	995	3	3	1	3	1	3	1	3	1	2	0	3	1
point_desc	1098	995	3	3	1	1	0	0	0	3	1	3	1	3	1
point_desc	2325	2098	3	3	1	3	1	3	1	3	1	3	1	3	1
point_desc	1771	1600	0	0	1	0	1	0	1	0	1	0	1	0	1
point_desc	1601	1449	0	0	1	0	1	0	1	0	1	0	1	0	1
point_desc	2095	1884	0	0	1	0	1	1	0	0	1	0	1	0	1
point_desc	1922	1733	0	0	1	0	1	2	0	0	1	0	1	0	1
point_desc	2394	2160	3	3	1	3	1	3	1	3	1	3	1	3	1
point_desc	1005	916	0	0	1	0	1	0	1	0	1	0	1	0	1
point_desc	270	249	1	1	1	1	1	0	0	1	1	1	1	1	1
point_desc	1769	1598	2	2	1	2	1	2	1	0	0	2	1	2	1
point_desc	1241	1123	2	2	1	2	1	2	1	2	1	2	1	2	1
point_desc	560	506	0	0	1	0	1	0	1	0	1	0	1	0	1
point_desc	671	611	2	2	1	1	0	1	0	1	0	1	0	2	1
point_desc	1376	1245	0	0	1	2	0	0	1	2	0	2	0	1	0
point_desc	2486	2246	0	0	1	0	1	0	1	0	1	1	0	0	1
point_desc	1499	1359	0	0	1	0	1	2	0	2	0	2	0	0	1
point_desc	1917	1728	0	3	0	1	0	1	0	1	0	3	0	0	1
point_desc	2470	2230	3	3	1	3	1	1	0	0	0	3	1	3	1
point_desc	145	134	3	3	1	3	1	2	0	3	1	3	1	3	1
point_desc	1073	974	2	2	1	2	1	2	1	2	1	2	1	2	1
point_desc	2203	1985	3	3	1	3	1	3	1	3	1	3	1	3	1
point_desc	2353	2121	1	1	1	1	1	1	1	1	1	1	1	1	1
point_desc	863	789	2	2	1	0	0	0	0	2	1	2	1	2	1
point_desc	1657	1499	2	2	1	0	0	0	0	2	1	2	1	2	1
point_desc	147	136	1	1	1	1	1	1	1	1	1	1	1	1	1
point_desc	558	504	2	2	1	2	1	1	0	2	1	2	1	2	1
point_desc	557	504	3	3	1	0	0	2	0	0	0	0	0	3	1
point_desc	2308	2082	3	3	1	0	0	2	0	0	0	0	0	0	0
point_desc	959	875	3	1	0	1	0	3	1	1	0	1	0	1	0
point_desc	1152	1046	0	0	1	0	1	1	0	0	1	0	1	0	1
point_desc	44	44	3	3	1	3	1	1	0	0	0	3	1	3	1
point_desc	1165	1057	3	3	1	2	0	2	0	3	1	3	1	3	1
point_desc	1034	940	0	0	1	3	0	1	0	0	1	0	1	0	1
point_desc	1264	1142	1	3	0	3	0	2	0	3	0	3	0	3	0
point_desc	1930	1740	3	3	1	0	0	3	1	3	1	0	0	3	1
point_desc	1312	1185	0	0	1	0	1	0	1	0	1	0	1	0	1
point_desc	1929	1739	0	3	0	2	0	0	1	3	0	0	1	0	1
point_desc	2392	2158	3	0	0	1	0	3	1	3	1	3	1	3	1
point_desc	1121	1016	3	3	1	3	1	3	1	3	1	3	1	3	1
point_desc	1374	1243	1	2	0	2	0	3	0	2	0	2	0	2	0
point_desc	1213	1100	0	3	0	2	0	2	0	3	0	2	0	3	0
point_desc	1807	1632	0	0	1	0	1	0	1	0	1	0	1	0	1
point_desc	2169	1952	1	3	0	3	0	1	1	3	0	0	0	3	0
point_desc	781	713	3	0	0	0	0	0	0	3	1	3	1	0	0
point_desc	489	443	1	0	0	0	0	0	0	1	1	0	0	0	0
point_desc	749	682	3	3	1	3	1	2	0	3	1	3	1	3	1
point_desc	117	112	3	3	1	3	1	3	1	3	1	3	1	3	1
point_desc	2137	1925	3	3	1	3	1	3	1	3	1	3	1	3	1
point_desc	584	527	0	0	1	0	1	0	1	0	1	2	0	0	1
point_desc	1565	1416	2	2	1	2	1	3	0	0	0	2	1	2	1
point_desc	199	181	0	0	1	1	0	1	0	0	1	0	1	0	1
point_desc	2645	2392	1	1	1	1	1	1	1	2	0	1	1	1	1
point_desc	291	270	0	2	0	2	0	2	0	2	0	2	0	2	0
point_desc	1413	1280	2	2	1	2	1	3	0	2	1	2	1	2	1
point_desc	1317	1190	3	3	1	3	1	3	1	3	1	3	1	3	1
point_desc	608	551	3	3	1	3	1	2	0	3	1	3	1	3	1
point_desc	1965	1773	1	2	0	1	1	1	1	0	0	0	0	2	0
point_desc	2342	2111	1	1	1	1	1	0	0	1	1	1	1	1	1
point_desc	1404	1271	2	2	1	2	1	2	1	2	1	2	1	2	1
point_desc	264	244	1	1	1	1	1	1	1	1	1	0	0	1	1
point_desc	2487	2247	1	3	0	3	0	3	0	3	0	3	0	1	1
point_desc	841	768	0	0	1	0	1	2	0	0	1	0	1	0	1
point_desc	11	12	1	1	1	0	0	2	0	1	1	1	1	1	1
point_desc	1060	961	1	1	1	3	0	3	0	1	1	1	1	1	1
point_desc	1007	918	3	3	1	3	1	3	1	3	1	3	1	3	1
point_desc	475	431	3	3	1	3	1	3	1	3	1	3	1	3	1
point_desc	2601	2353	0	0	1	0	1	3	0	0	1	0	1	0	1
point_desc	1137	1032	3	3	1	0	0	0	0	1	0	0	0	1	0
point_desc	1234	1118	2	2	1	2	1	0	0	2	1	2	1	2	1
point_desc	1724	1558	0	0	1	0	1	0	1	0	1	0	1	0	1
point_desc	565	511	2	1	0	1	0	2	1	1	0	1	0	1	0
point_desc	207	189	2	2	1	2	1	2	1	2	1	2	1	2	1
point_desc	2026	1825	3	3	1	3	1	3	1	3	1	3	1	3	1
point_desc	2588	2340	0	0	1	0	1	0	1	0	1	0	1	0	1
point_desc	779	711	0	0	1	0	1	0	1	0	1	0	1	0	1
point_desc	898	822	2	2	1	2	1	2	1	2	1	2	1	2	1
point_desc	899	822	2	2	1	2	1	2	1	2	1	2	1	2	1
point_desc	601	544	2	3	0	3	0	3	0	3	0	3	0	3	0
point_desc	1967	1775	1	1	1	1	1	1	1	1	1	1	1	1	1
point_desc	1609	1457	2	2	1	2	1	2	1	2	1	2	1	2	1
point_desc	419	385	3	3	1	3	1	0	0	3	1	3	1	3	1
point_desc	938	859	2	2	1	2	1	0	0	3	0	2	1	2	1
point_desc	2297	2071	0	2	0	3	0	2	0	2	0	2	0	2	0
point_desc	2117	1906	1	1	1	3	0	3	0	1	1	1	1	1	1
point_desc	2035	1833	1	1	1	1	1	1	1	1	1	1	1	1	1
point_desc	520	470	1	1	1	1	1	1	1	1	1	1	1	1	1
point_desc	2509	2268	2	2	1	2	1	2	1	2	1	2	1	2	1
point_desc	2030	1829	1	0	0	0	0	0	0	0	0	0	0	0	0
point_desc	970	883	0	0	1	0	1	0	1	0	1	0	1	0	1
point_desc	1559	1413	2	2	1	2	1	2	1	2	1	2	1	2	1
point_desc	1039	944	0	0	1	0	1	0	1	0	1	0	1	0	1
point_desc	131	124	2	2	1	2	1	2	1	3	0	3	0	2	1
point_desc	494	447	2	2	1	2	1	1	0	2	1	2	1	2	1
point_desc	1758	1588	2	0	0	3	0	2	1	0	0	2	1	0	0
point_desc	34	34	1	1	1	1	1	1	1	1	1	1	1	1	1
point_desc	1186	1078	2	2	1	2	1	3	0	2	1	2	1	2	1
point_desc	2012	1813	3	2	0	2	0	2	0	2	0	2	0	2	0
point_desc	634	575	0	0	1	0	1	2	0	0	1	0	1	0	1
point_desc	423	389	1	1	1	1	1	2	0	2	0	2	0	1	1
point_desc	1139	1034	2	2	1	1	0	3	0	2	1	2	1	0	0
point_desc	229	211	0	0	1	0	1	0	1	0	1	0	1	0	1
point_desc	1437	1302	0	2	0	2	0	2	0	2	0	2	0	2	0
point_desc	1951	1760	3	3	1	3	1	3	1	3	1	3	1	3	1
point_desc	2479	2239	3	3	1	3	1	0	0	3	1	3	1	3	1
point_desc	12	13	2	2	1	1	0	2	1	1	0	1	0	2	1
point_desc	2182	1964	1	1	1	1	1	1	1	1	1	1	1	1	1
point_desc	983	895	1	1	1	1	1	2	0	0	0	0	0	1	1
point_desc	1106	1003	2	0	0	0	0	0	0	0	0	0	0	0	0
point_desc	27	28	3	3	1	0	0	0	0	0	0	3	1	3	1
point_desc	28	28	2	2	1	0	0	1	0	2	1	2	1	2	1
point_desc	452	415	3	1	0	1	0	1	0	2	0	3	1	3	1
point_desc	1297	1173	0	0	1	0	1	0	1	0	1	0	1	0	1
point_desc	1236	1119	1	0	0	0	0	0	0	0	0	0	0	1	1
point_desc	1447	1312	0	0	1	3	0	3	0	0	1	0	1	0	1
point_desc	1049	952	0	0	1	0	1	3	0	0	1	0	1	0	1
point_desc	281	260	1	1	1	1	1	1	1	1	1	1	1	1	1
point_desc	2537	2294	0	0	1	0	1	2	0	0	1	0	1	0	1
point_desc	2397	2162	3	3	1	3	1	3	1	3	1	3	1	3	1
point_desc	857	783	3	0	0	1	0	1	0	1	0	0	0	0	0
point_desc	1621	1467	3	0	0	0	0	2	0	0	0	0	0	0	0
point_desc	2062	1855	3	3	1	3	1	3	1	3	1	3	1	3	1
point_desc	2233	2013	3	3	1	3	1	2	0	3	1	3	1	3	1
point_desc	1192	1082	1	1	1	1	1	3	0	3	0	1	1	1	1
point_desc	78	77	0	0	1	0	1	3	0	0	1	0	1	0	1
point_desc	1588	1436	2	2	1	2	1	2	1	2	1	2	1	2	1
point_desc	142	132	1	1	1	1	1	3	0	1	1	1	1	1	1
point_desc	2498	2257	1	0	0	0	0	0	0	0	0	0	0	0	0
point_desc	2497	2257	0	0	1	3	0	0	1	3	0	3	0	0	1
point_desc	1055	957	2	2	1	2	1	2	1	2	1	2	1	2	1
point_desc	926	847	1	1	1	1	1	0	0	1	1	1	1	1	1
point_desc	414	381	2	2	1	2	1	2	1	2	1	2	1	2	1
point_desc	1630	1475	1	1	1	1	1	1	1	1	1	1	1	1	1
point_desc	2587	2339	0	0	1	0	1	2	0	0	1	0	1	0	1
point_desc	2602	2354	0	0	1	0	1	1	0	0	1	1	0	0	1
point_desc	292	271	2	2	1	1	0	1	0	1	0	1	0	2	1
point_desc	989	901	1	1	1	3	0	3	0	1	1	1	1	1	1
point_desc	2142	1929	2	2	1	2	1	3	0	2	1	2	1	2	1
point_desc	2448	2209	0	0	1	3	0	3	0	0	1	0	1	0	1
point_desc	1492	1353	2	2	1	2	1	2	1	2	1	2	1	2	1
point_desc	454	417	1	1	1	2	0	1	1	2	0	1	1	1	1
point_desc	1441	1306	0	0	1	0	1	0	1	0	1	0	1	0	1
point_desc	2226	2006	2	2	1	2	1	2	1	2	1	2	1	2	1
point_desc	886	811	1	1	1	0	0	1	1	1	1	0	0	1	1
point_desc	1318	1191	1	1	1	2	0	1	1	1	1	1	1	1	1
point_desc	1947	1756	3	3	1	1	0	2	0	1	0	3	1	3	1
point_desc	1133	1028	3	3	1	3	1	0	0	3	1	3	1	3	1
point_desc	1546	1402	0	1	0	1	0	2	0	1	0	1	0	1	0
point_desc	1357	1227	0	0	1	0	1	0	1	0	1	0	1	0	1
point_desc	2008	1810	0	0	1	0	1	2	0	0	1	0	1	0	1
point_desc	911	834	3	1	0	0	0	1	0	0	0	0	0	1	0
point_desc	2613	2365	2	2	1	2	1	3	0	3	0	2	1	2	1
point_desc	1365	1234	3	3	1	3	1	1	0	3	1	3	1	3	1
point_desc	529	479	1	1	1	1	1	1	1	1	1	1	1	1	1
point_desc	1686	1525	1	1	1	0	0	1	1	2	0	2	0	1	1
point_desc	1969	1777	3	1	0	1	0	3	1	1	0	3	1	3	1
point_desc	2089	1880	0	0	1	0	1	2	0	0	1	0	1	0	1
point_desc	2372	2138	2	2	1	3	0	3	0	2	1	2	1	2	1
point_desc	2223	2003	1	1	1	0	0	0	0	0	0	0	0	1	1
point_desc	2222	2003	2	2	1	1	0	1	0	2	1	2	1	2	1
point_desc	416	383	1	1	1	3	0	2	0	1	1	3	0	1	1
point_desc	1535	1393	0	1	0	2	0	1	0	1	0	2	0	0	1
point_desc	820	750	3	3	1	3	1	3	1	3	1	3	1	3	1
point_desc	902	825	0	1	0	0	1	2	0	1	0	1	0	1	0
point_desc	2431	2193	0	0	1	0	1	0	1	0	1	0	1	0	1
point_desc	1761	1591	1	1	1	1	1	1	1	1	1	1	1	1	1
point_desc	748	681	3	3	1	0	0	1	0	3	1	3	1	3	1
point_desc	2594	2346	0	0	1	0	1	0	1	0	1	0	1	0	1
point_desc	600	543	0	0	1	0	1	0	1	0	1	0	1	0	1
point_desc	999	910	0	2	0	2	0	2	0	2	0	2	0	1	0
point_desc	599	542	3	3	1	3	1	3	1	3	1	3	1	3	1
point_desc	554	501	3	3	1	3	1	3	1	3	1	3	1	3	1
point_desc	2328	2100	2	2	1	0	0	1	0	3	0	1	0	3	0
point_desc	1458	1323	0	0	1	0	1	0	1	0	1	0	1	0	1
point_desc	1818	1642	2	2	1	2	1	1	0	2	1	2	1	2	1
point_desc	1610	1458	0	0	1	0	1	0	1	0	1	0	1	0	1
point_desc	1658	1500	1	1	1	1	1	1	1	1	1	1	1	1	1
point_desc	962	877	0	0	1	0	1	0	1	0	1	3	0	0	1
point_desc	961	877	0	0	1	0	1	0	1	0	1	0	1	0	1
point_desc	528	478	1	1	1	1	1	1	1	1	1	1	1	1	1
point_desc	1326	1198	0	0	1	0	1	0	1	2	0	0	1	0	1
point_desc	140	130	0	0	1	0	1	0	1	0	1	0	1	0	1
point_desc	1463	1328	3	3	1	3	1	1	0	3	1	3	1	3	1
point_desc	567	513	2	2	1	2	1	2	1	2	1	2	1	2	1
point_desc	1045	948	2	2	1	2	1	0	0	2	1	2	1	2	1
point_desc	541	490	1	0	0	0	0	2	0	0	0	0	0	0	0
point_desc	542	490	0	0	1	0	1	0	1	0	1	0	1	0	1
point_desc	378	348	3	3	1	3	1	3	1	3	1	3	1	3	1
point_desc	761	694	3	3	1	0	0	1	0	0	0	0	0	0	0
point_desc	758	691	1	1	1	1	1	3	0	3	0	3	0	1	1
point_desc	2055	1850	3	3	1	3	1	3	1	2	0	3	1	3	1
point_desc	2001	1804	1	1	1	1	1	1	1	1	1	1	1	1	1
point_desc	2000	1804	3	3	1	3	1	3	1	3	1	3	1	3	1
point_desc	583	526	3	3	1	3	1	3	1	3	1	3	1	3	1
point_desc	854	780	2	2	1	2	1	2	1	2	1	2	1	2	1
point_desc	853	780	2	2	1	2	1	1	0	2	1	2	1	2	1
point_desc	2094	1883	2	2	1	2	1	2	1	3	0	3	0	2	1
point_desc	636	577	2	2	1	0	0	2	1	0	0	3	0	0	0
point_desc	819	749	3	3	1	3	1	3	1	3	1	3	1	3	1
point_desc	2396	2161	1	3	0	3	0	3	0	2	0	3	0	3	0
point_desc	1784	1611	1	0	0	2	0	0	0	0	0	0	0	1	1
point_desc	1150	1044	3	3	1	3	1	2	0	3	1	3	1	3	1
point_desc	1108	1005	2	2	1	2	1	2	1	2	1	2	1	2	1
point_desc	2640	2389	1	1	1	1	1	0	0	1	1	1	1	1	1
point_desc	783	715	3	3	1	3	1	3	1	3	1	3	1	3	1
point_desc	1107	1004	2	2	1	1	0	1	0	2	1	2	1	2	1
point_desc	1407	1274	3	3	1	0	0	2	0	0	0	3	1	3	1
point_desc	2582	2334	1	1	1	1	1	1	1	1	1	1	1	1	1
point_desc	2149	1935	3	3	1	3	1	3	1	3	1	3	1	3	1
point_desc	539	488	0	0	1	0	1	1	0	0	1	0	1	0	1
point_desc	184	167	0	0	1	0	1	3	0	0	1	0	1	0	1
point_desc	1719	1554	3	3	1	3	1	2	0	3	1	3	1	3	1
point_desc	1720	1554	0	0	1	2	0	1	0	2	0	2	0	2	0
point_desc	13	14	0	0	1	0	1	0	1	0	1	0	1	0	1
point_desc	181	164	3	3	1	3	1	2	0	3	1	3	1	3	1
point_desc	1779	1607	1	1	1	1	1	0	0	0	0	0	0	1	1
point_desc	742	675	2	2	1	3	0	0	0	3	0	3	0	2	1
point_desc	1959	1767	0	0	1	3	0	3	0	3	0	0	1	0	1
point_desc	1958	1767	2	0	0	2	1	3	0	0	0	0	0	0	0
point_desc	1764	1593	3	3	1	3	1	2	0	3	1	3	1	3	1
point_desc	773	705	2	2	1	2	1	0	0	2	1	2	1	2	1
point_desc	1166	1058	0	1	0	1	0	1	0	1	0	1	0	1	0
point_desc	738	671	3	3	1	3	1	0	0	3	1	3	1	3	1
point_desc	2621	2373	0	0	1	0	1	0	1	0	1	0	1	0	1
point_desc	1457	1322	2	2	1	2	1	1	0	2	1	2	1	2	1
point_desc	1838	1660	1	1	1	0	0	1	1	1	1	2	0	1	1
point_desc	2383	2149	2	2	1	2	1	3	0	2	1	2	1	2	1
point_desc	2002	1805	2	2	1	0	0	0	0	2	1	3	0	2	1
point_desc	2221	2002	0	3	0	3	0	0	1	3	0	3	0	3	0
point_desc	1120	1016	1	1	1	1	1	1	1	1	1	1	1	1	1
point_desc	169	153	2	2	1	2	1	2	1	2	1	2	1	2	1
point_desc	1273	1151	1	1	1	2	0	1	1	1	1	1	1	1	1
point_desc	1062	963	3	3	1	3	1	3	1	3	1	3	1	3	1
point_desc	2070	1862	2	2	1	2	1	2	1	2	1	2	1	2	1
point_desc	1247	1128	3	3	1	3	1	3	1	3	1	3	1	3	1
point_desc	1792	1617	1	1	1	1	1	1	1	1	1	1	1	1	1
point_desc	751	684	0	0	1	0	1	3	0	3	0	3	0	0	1
point_desc	260	240	1	1	1	1	1	0	0	1	1	1	1	1	1
point_desc	581	525	1	1	1	1	1	1	1	1	1	1	1	1	1
point_desc	2340	2109	3	0	0	0	0	1	0	3	1	3	1	3	1
point_desc	2605	2357	1	1	1	1	1	1	1	1	1	1	1	1	1
point_desc	1750	1581	2	2	1	2	1	2	1	2	1	2	1	2	1
point_desc	2052	1847	0	0	1	0	1	0	1	0	1	0	1	0	1
point_desc	2469	2229	1	1	1	0	0	3	0	1	1	1	1	1	1
point_desc	706	643	2	3	0	0	0	0	0	0	0	0	0	3	0
point_desc	306	285	2	2	1	0	0	1	0	1	0	0	0	2	1
point_desc	85	83	2	2	1	1	0	2	1	2	1	2	1	2	1
point_desc	86	83	0	0	1	0	1	0	1	0	1	0	1	0	1
point_desc	2072	1863	2	2	1	2	1	2	1	2	1	2	1	2	1
point_desc	2614	2366	1	1	1	1	1	1	1	1	1	1	1	1	1
point_desc	1615	1462	0	0	1	0	1	1	0	0	1	2	0	0	1
point_desc	338	310	0	0	1	0	1	2	0	0	1	0	1	0	1
point_desc	2437	2198	2	1	0	1	0	1	0	1	0	1	0	1	0
point_desc	79	78	2	2	1	2	1	2	1	2	1	2	1	2	1
point_desc	2041	1838	0	0	1	0	1	2	0	0	1	0	1	0	1
point_desc	2040	1838	3	3	1	1	0	1	0	2	0	1	0	3	1
point_desc	1903	1717	1	1	1	1	1	1	1	1	1	1	1	1	1
point_desc	1902	1717	3	3	1	1	0	3	1	2	0	2	0	2	0
point_desc	2632	2382	2	3	0	0	0	0	0	1	0	1	0	2	1
point_desc	359	330	0	3	0	1	0	1	0	0	1	1	0	3	0
point_desc	1640	1483	0	0	1	0	1	1	0	0	1	1	0	0	1
point_desc	807	739	2	2	1	2	1	2	1	2	1	2	1	2	1
point_desc	1383	1251	0	2	0	2	0	2	0	3	0	2	0	0	1
point_desc	1290	1166	0	0	1	0	1	1	0	0	1	0	1	0	1
point_desc	1446	1311	0	3	0	3	0	3	0	3	0	2	0	3	0
point_desc	5	7	0	0	1	0	1	0	1	0	1	0	1	0	1
point_desc	445	409	1	1	1	0	0	3	0	1	1	1	1	1	1
point_desc	524	474	2	2	1	2	1	0	0	0	0	2	1	2	1
point_desc	1220	1106	1	1	1	1	1	1	1	1	1	1	1	1	1
point_desc	1219	1106	1	1	1	1	1	1	1	1	1	1	1	1	1
point_desc	1226	1112	2	2	1	3	0	1	0	3	0	1	0	2	1
point_desc	679	618	2	2	1	2	1	0	0	2	1	0	0	2	1
point_desc	215	197	2	2	1	2	1	2	1	2	1	3	0	2	1
point_desc	1872	1689	1	1	1	1	1	1	1	1	1	1	1	1	1
point_desc	1926	1736	1	1	1	1	1	1	1	1	1	1	1	1	1
point_desc	2237	2017	2	2	1	2	1	2	1	2	1	2	1	2	1
point_desc	733	667	2	2	1	2	1	2	1	2	1	2	1	2	1
point_desc	2548	2305	1	3	0	3	0	3	0	3	0	3	0	3	0
point_desc	2007	1810	3	3	1	0	0	3	1	3	1	3	1	3	1
point_desc	1822	1646	0	1	0	0	1	1	0	0	1	0	1	1	0
point_desc	2474	2234	0	0	1	3	0	0	1	3	0	0	1	0	1
point_desc	954	872	1	1	1	1	1	1	1	1	1	1	1	1	1
point_desc	493	446	1	1	1	1	1	1	1	1	1	1	1	1	1
point_desc	492	446	1	2	0	2	0	2	0	2	0	1	1	2	0
point_desc	1592	1440	0	0	1	0	1	3	0	0	1	0	1	0	1
point_desc	960	876	2	2	1	2	1	1	0	2	1	2	1	2	1
point_desc	1918	1729	2	2	1	2	1	3	0	2	1	2	1	2	1
point_desc	2122	1910	2	2	1	2	1	2	1	1	0	2	1	2	1
point_desc	1169	1061	0	0	1	0	1	0	1	0	1	0	1	0	1
point_desc	1394	1262	1	1	1	2	0	2	0	2	0	1	1	1	1
point_desc	1675	1515	2	2	1	2	1	1	0	2	1	2	1	2	1
point_desc	1674	1515	2	2	1	2	1	2	1	2	1	2	1	2	1
point_desc	509	459	0	0	1	3	0	2	0	0	1	0	1	0	1
point_desc	927	848	3	3	1	1	0	3	1	3	1	3	1	3	1
point_desc	1728	1562	3	3	1	2	0	2	0	2	0	2	0	3	1
point_desc	1334	1206	1	1	1	1	1	1	1	1	1	1	1	1	1
point_desc	2528	2285	3	3	1	3	1	3	1	3	1	3	1	3	1
point_desc	1552	1407	3	3	1	3	1	1	0	3	1	3	1	3	1
point_desc	153	141	3	3	1	2	0	3	1	3	1	2	0	3	1
point_desc	155	141	2	2	1	1	0	2	1	1	0	1	0	2	1
point_desc	2554	2309	3	3	1	2	0	1	0	0	0	2	0	3	1
point_desc	1464	1329	0	0	1	0	1	0	1	0	1	0	1	0	1
point_desc	1791	1616	2	2	1	2	1	2	1	0	0	0	0	2	1
point_desc	1790	1616	2	2	1	2	1	2	1	2	1	2	1	2	1
point_desc	993	904	1	0	0	1	1	1	1	0	0	0	0	0	0
point_desc	992	904	1	0	0	2	0	0	0	1	1	0	0	0	0
point_desc	1032	938	1	2	0	2	0	1	1	2	0	2	0	2	0
point_desc	146	135	1	1	1	1	1	1	1	1	1	1	1	1	1
point_desc	318	296	1	1	1	1	1	0	0	1	1	1	1	1	1
point_desc	1065	966	0	0	1	0	1	3	0	0	1	3	0	0	1
point_desc	702	639	0	0	1	0	1	0	1	0	1	0	1	0	1
point_desc	1912	1725	1	1	1	0	0	0	0	1	1	1	1	1	1
point_desc	437	402	3	3	1	1	0	3	1	1	0	1	0	3	1
point_desc	1864	1682	2	2	1	2	1	1	0	2	1	2	1	2	1
point_desc	664	605	3	3	1	3	1	3	1	2	0	2	0	3	1
point_desc	1513	1372	3	3	1	3	1	3	1	1	0	2	0	2	0
point_desc	197	179	3	2	0	3	1	3	1	2	0	2	0	3	1
point_desc	2579	2331	2	2	1	2	1	2	1	2	1	2	1	2	1
point_desc	2358	2125	3	3	1	3	1	2	0	3	1	3	1	3	1
point_desc	677	616	0	2	0	2	0	2	0	2	0	2	0	2	0
point_desc	2085	1876	2	3	0	1	0	0	0	3	0	3	0	3	0
point_desc	2395	2160	1	1	1	1	1	1	1	1	1	1	1	1	1
point_desc	1798	1623	0	0	1	0	1	0	1	0	1	0	1	0	1
point_desc	625	566	3	3	1	3	1	3	1	3	1	3	1	3	1
point_desc	2610	2362	0	0	1	1	0	1	0	0	1	0	1	0	1
point_desc	972	885	0	2	0	2	0	2	0	2	0	2	0	2	0
point_desc	1	3	0	1	0	0	1	0	1	1	0	1	0	1	0
point_desc	935	856	1	2	0	1	1	2	0	2	0	2	0	2	0
point_desc	2625	2377	0	2	0	2	0	2	0	2	0	0	1	2	0
point_desc	2626	2377	0	0	1	3	0	0	1	0	1	0	1	0	1
point_desc	1803	1628	1	0	0	1	1	0	0	0	0	2	0	0	0
point_desc	376	346	3	3	1	3	1	2	0	3	1	3	1	3	1
point_desc	238	220	3	1	0	2	0	1	0	1	0	1	0	1	0
point_desc	2181	1963	1	2	0	2	0	2	0	2	0	0	0	2	0
point_desc	2503	2262	2	2	1	1	0	3	0	1	0	2	1	2	1
point_desc	1979	1785	0	0	1	0	1	0	1	0	1	0	1	0	1
point_desc	1266	1144	0	0	1	0	1	0	1	0	1	0	1	0	1
point_desc	2422	2184	0	0	1	0	1	3	0	0	1	0	1	0	1
point_desc	2084	1875	2	0	0	2	1	3	0	2	1	2	1	2	1
point_desc	76	75	2	2	1	1	0	2	1	0	0	2	1	2	1
point_desc	371	341	3	3	1	3	1	3	1	3	1	3	1	3	1
point_desc	1142	1037	0	0	1	0	1	0	1	0	1	0	1	0	1
point_desc	1990	1794	1	1	1	1	1	2	0	0	0	0	0	1	1
point_desc	2208	1990	1	1	1	1	1	1	1	1	1	1	1	1	1
point_desc	1156	1049	2	2	1	2	1	2	1	2	1	2	1	2	1
point_desc	188	170	2	2	1	2	1	2	1	2	1	2	1	2	1
point_desc	1127	1022	3	3	1	3	1	3	1	3	1	3	1	3	1
point_desc	880	805	0	0	1	0	1	1	0	0	1	2	0	0	1
point_desc	1490	1351	0	2	0	2	0	0	1	0	1	2	0	0	1
point_desc	1211	1098	3	3	1	3	1	2	0	3	1	3	1	3	1
point_desc	130	123	2	2	1	2	1	2	1	2	1	2	1	2	1
point_desc	1623	1468	1	1	1	3	0	0	0	1	1	1	1	1	1
point_desc	1057	959	1	1	1	1	1	1	1	1	1	1	1	1	1
point_desc	2595	2347	0	1	0	1	0	1	0	1	0	1	0	1	0
point_desc	298	277	2	2	1	2	1	0	0	2	1	2	1	2	1
point_desc	418	384	2	0	0	0	0	2	1	0	0	0	0	0	0
point_desc	417	384	2	2	1	2	1	1	0	2	1	0	0	2	1
point_desc	1842	1663	0	2	0	0	1	0	1	0	1	0	1	0	1
point_desc	1841	1663	3	1	0	1	0	1	0	3	1	1	0	3	1
point_desc	2636	2386	1	1	1	1	1	1	1	1	1	2	0	1	1
point_desc	1168	1060	0	0	1	0	1	0	1	0	1	0	1	3	0
point_desc	1199	1088	3	3	1	1	0	0	0	3	1	3	1	0	0
point_desc	778	710	0	0	1	0	1	3	0	0	1	3	0	0	1
point_desc	2054	1849	1	2	0	3	0	3	0	2	0	2	0	2	0
point_desc	2282	2058	3	3	1	3	1	1	0	3	1	3	1	3	1
point_desc	1868	1685	0	0	1	0	1	0	1	0	1	0	1	0	1
point_desc	1054	956	3	3	1	3	1	3	1	3	1	3	1	3	1
point_desc	1817	1641	3	3	1	1	0	3	1	3	1	3	1	3	1
point_desc	793	725	0	2	0	2	0	2	0	2	0	2	0	2	0
point_desc	63	62	3	3	1	3	1	3	1	3	1	3	1	3	1
point_desc	2567	2321	2	1	0	3	0	1	0	1	0	0	0	2	1
point_desc	2330	2102	3	3	1	3	1	3	1	3	1	3	1	3	1
point_desc	1200	1089	2	2	1	1	0	1	0	2	1	2	1	2	1
point_desc	2267	2043	1	1	1	1	1	1	1	1	1	1	1	1	1
point_desc	1347	1217	2	2	1	3	0	1	0	3	0	3	0	2	1
point_desc	1204	1093	2	2	1	2	1	2	1	1	0	2	1	2	1
point_desc	1662	1504	1	1	1	2	0	1	1	1	1	1	1	1	1
point_desc	643	584	1	1	1	1	1	1	1	1	1	1	1	1	1
point_desc	750	683	2	2	1	2	1	3	0	1	0	2	1	2	1
point_desc	256	236	0	0	1	0	1	0	1	3	0	3	0	0	1
point_desc	17	18	1	2	0	2	0	2	0	3	0	2	0	2	0
point_desc	1175	1067	3	3	1	3	1	3	1	3	1	3	1	3	1
point_desc	332	306	3	3	1	2	0	0	0	3	1	2	0	3	1
point_desc	2130	1918	3	3	1	3	1	3	1	3	1	3	1	3	1
point_desc	1315	1188	0	0	1	2	0	1	0	2	0	2	0	0	1
point_desc	1831	1654	2	3	0	3	0	3	0	3	0	3	0	3	0
point_desc	2391	2157	2	0	0	0	0	2	1	0	0	0	0	0	0
point_desc	1343	1214	2	2	1	2	1	2	1	2	1	2	1	2	1
point_desc	1196	1086	1	1	1	1	1	1	1	1	1	1	1	1	1
point_desc	24	25	1	1	1	0	0	1	1	0	0	3	0	1	1
point_desc	351	323	3	3	1	3	1	3	1	3	1	3	1	3	1
point_desc	1945	1754	0	3	0	3	0	3	0	0	1	0	1	3	0
point_desc	1245	1126	3	3	1	2	0	1	0	2	0	2	0	3	1
point_desc	1914	1727	1	1	1	2	0	2	0	2	0	2	0	1	1
point_desc	1439	1304	0	0	1	0	1	1	0	1	0	1	0	0	1
point_desc	1915	1727	3	3	1	3	1	2	0	1	0	1	0	3	1
point_desc	811	742	2	2	1	0	0	1	0	2	1	2	1	2	1
point_desc	2082	1873	0	2	0	3	0	2	0	3	0	0	1	2	0
point_desc	777	709	0	3	0	2	0	2	0	2	0	2	0	3	0
point_desc	994	905	0	3	0	3	0	3	0	0	1	3	0	3	0
point_desc	1619	1465	2	2	1	0	0	2	1	0	0	2	1	2	1
point_desc	439	404	0	0	1	3	0	1	0	3	0	3	0	0	1
point_desc	440	404	1	0	0	0	0	0	0	0	0	0	0	0	0
point_desc	1862	1681	0	0	1	0	1	3	0	0	1	3	0	0	1
point_desc	715	652	3	3	1	0	0	0	0	3	1	3	1	3	1
point_desc	716	652	3	3	1	2	0	1	0	3	1	3	1	3	1
point_desc	1539	1395	1	1	1	1	1	1	1	1	1	1	1	1	1
point_desc	2320	2093	3	3	1	1	0	1	0	3	1	3	1	1	0
point_desc	1087	987	2	3	0	3	0	3	0	3	0	3	0	3	0
point_desc	163	150	0	0	1	3	0	3	0	3	0	3	0	0	1
point_desc	1031	937	1	1	1	1	1	0	0	1	1	1	1	1	1
point_desc	2173	1956	0	0	1	3	0	0	1	0	1	0	1	0	1
point_desc	409	376	0	0	1	0	1	1	0	0	1	0	1	0	1
point_desc	613	555	0	0	1	0	1	2	0	0	1	0	1	0	1
point_desc	408	376	2	2	1	1	0	1	0	1	0	2	1	1	0
point_desc	1424	1291	0	0	1	0	1	0	1	0	1	0	1	0	1
point_desc	1425	1291	3	3	1	3	1	3	1	3	1	3	1	3	1
point_desc	1994	1798	1	1	1	3	0	2	0	1	1	1	1	1	1
point_desc	1529	1387	3	3	1	3	1	3	1	3	1	3	1	3	1
point_desc	1590	1438	1	1	1	1	1	1	1	1	1	1	1	1	1
point_desc	1523	1381	3	3	1	0	0	0	0	3	1	0	0	3	1
point_desc	2451	2211	1	1	1	1	1	1	1	2	0	2	0	1	1
point_desc	2450	2211	0	0	1	0	1	0	1	0	1	0	1	0	1
point_desc	1301	1177	1	1	1	3	0	3	0	3	0	3	0	1	1
point_desc	965	880	3	0	0	2	0	2	0	2	0	2	0	2	0
point_desc	839	766	1	1	1	1	1	1	1	1	1	1	1	1	1
point_desc	171	155	3	3	1	3	1	3	1	3	1	3	1	3	1
point_desc	2121	1909	2	2	1	1	0	1	0	2	1	1	0	2	1
point_desc	1825	1649	3	3	1	3	1	3	1	3	1	3	1	3	1
point_desc	580	524	0	0	1	0	1	1	0	0	1	0	1	0	1
point_desc	1933	1743	1	1	1	1	1	1	1	1	1	1	1	1	1
point_desc	168	152	1	1	1	3	0	1	1	3	0	3	0	1	1
point_desc	166	152	0	0	1	0	1	2	0	1	0	0	1	1	0
point_desc	2086	1877	0	0	1	0	1	0	1	0	1	0	1	0	1
point_desc	2449	2210	2	2	1	2	1	0	0	2	1	2	1	2	1
point_desc	2461	2221	3	3	1	3	1	3	1	3	1	3	1	3	1
point_desc	124	118	3	3	1	3	1	1	0	3	1	3	1	3	1
point_desc	1242	1123	0	1	0	0	1	1	0	1	0	0	1	1	0
point_desc	1643	1486	3	3	1	2	0	3	1	3	1	3	1	3	1
point_desc	1299	1175	3	3	1	3	1	1	0	1	0	0	0	3	1
point_desc	2251	2030	2	2	1	3	0	3	0	2	1	3	0	2	1
point_desc	917	840	1	1	1	1	1	1	1	1	1	1	1	1	1
point_desc	2191	1973	3	3	1	3	1	3	1	3	1	3	1	3	1
point_desc	1560	1414	2	2	1	2	1	2	1	2	1	2	1	2	1
point_desc	2022	1822	0	0	1	1	0	2	0	0	1	0	1	0	1
point_desc	1561	1414	0	0	1	0	1	0	1	0	1	0	1	0	1
point_desc	2277	2053	3	3	1	3	1	2	0	3	1	3	1	3	1
point_desc	1508	1367	0	0	1	0	1	2	0	0	1	0	1	0	1
point_desc	1397	1265	3	3	1	3	1	0	0	3	1	3	1	3	1
point_desc	2363	2129	3	3	1	3	1	3	1	3	1	3	1	3	1
point_desc	2299	2073	2	1	0	1	0	1	0	1	0	1	0	1	0
point_desc	110	105	1	1	1	1	1	1	1	1	1	1	1	1	1
point_desc	827	757	1	1	1	0	0	2	0	0	0	1	1	1	1
point_desc	1014	922	2	2	1	2	1	2	1	2	1	2	1	2	1
point_desc	1013	922	0	0	1	0	1	2	0	0	1	0	1	0	1
point_desc	1012	922	1	1	1	1	1	1	1	1	1	1	1	1	1
point_desc	588	531	3	3	1	1	0	3	1	3	1	3	1	3	1
point_desc	69	68	2	2	1	2	1	2	1	2	1	2	1	2	1
point_desc	1067	968	3	3	1	1	0	3	1	1	0	3	1	0	0
point_desc	627	568	1	1	1	1	1	1	1	1	1	1	1	1	1
point_desc	1189	1080	3	3	1	3	1	2	0	3	1	3	1	3	1
point_desc	1188	1080	2	2	1	0	0	3	0	0	0	0	0	2	1
point_desc	2279	2055	1	1	1	1	1	1	1	1	1	1	1	1	1
point_desc	1355	1225	2	2	1	2	1	2	1	2	1	2	1	2	1
point_desc	2148	1934	0	0	1	0	1	1	0	0	1	0	1	0	1
point_desc	37	37	0	0	1	0	1	0	1	0	1	2	0	0	1
point_desc	737	670	2	2	1	1	0	1	0	2	1	2	1	2	1
point_desc	75	74	0	1	0	1	0	1	0	3	0	1	0	1	0
point_desc	1956	1765	3	3	1	3	1	0	0	3	1	3	1	3	1
point_desc	68	67	1	1	1	1	1	1	1	1	1	1	1	1	1
point_desc	33	33	1	3	0	1	1	0	0	1	1	1	1	1	1
point_desc	1333	1205	3	3	1	0	0	3	1	3	1	0	0	3	1
point_desc	39	39	2	1	0	0	0	0	0	0	0	0	0	1	0
point_desc	382	352	1	0	0	0	0	0	0	0	0	0	0	1	1
point_desc	2651	2398	2	2	1	2	1	2	1	2	1	2	1	2	1
point_desc	1452	1317	1	1	1	1	1	1	1	1	1	1	1	1	1
point_desc	1521	1379	3	3	1	3	1	3	1	3	1	3	1	3	1
point_desc	2081	1872	3	3	1	3	1	3	1	3	1	3	1	3	1
point_desc	2255	2033	2	2	1	2	1	2	1	2	1	2	1	2	1
point_desc	1554	1409	1	1	1	1	1	3	0	1	1	2	0	1	1
point_desc	379	349	0	1	0	1	0	1	0	1	0	1	0	0	1
point_desc	2235	2015	2	2	1	1	0	0	0	2	1	2	1	2	1
point_desc	709	646	2	2	1	2	1	2	1	2	1	2	1	2	1
point_desc	722	657	3	2	0	2	0	2	0	2	0	2	0	2	0
point_desc	800	732	3	3	1	3	1	3	1	3	1	3	1	3	1
point_desc	2620	2372	2	2	1	2	1	1	0	2	1	2	1	2	1
point_desc	412	379	1	1	1	1	1	1	1	1	1	1	1	1	1
point_desc	1466	1331	2	2	1	2	1	2	1	2	1	2	1	2	1
point_desc	1467	1331	2	2	1	2	1	1	0	2	1	2	1	2	1
point_desc	2429	2191	3	1	0	1	0	1	0	0	0	1	0	1	0
point_desc	551	499	3	3	1	3	1	3	1	3	1	3	1	3	1
point_desc	977	890	2	2	1	2	1	1	0	2	1	2	1	2	1
point_desc	894	818	2	2	1	2	1	1	0	2	1	2	1	2	1
point_desc	203	185	2	2	1	1	0	1	0	1	0	1	0	2	1
point_desc	2453	2213	0	0	1	2	0	0	1	0	1	2	0	0	1
point_desc	1212	1099	3	3	1	3	1	3	1	0	0	3	1	3	1
point_desc	1050	953	3	3	1	0	0	2	0	3	1	3	1	3	1
point_desc	448	412	1	1	1	2	0	1	1	1	1	2	0	1	1
point_desc	2158	1941	1	3	0	0	0	1	1	0	0	3	0	3	0
point_desc	1011	921	3	3	1	3	1	3	1	3	1	3	1	3	1
point_desc	2333	2105	0	0	1	0	1	0	1	0	1	0	1	0	1
point_desc	2334	2105	3	1	0	0	0	0	0	0	0	0	0	1	0
point_desc	2238	2018	2	2	1	2	1	2	1	2	1	2	1	2	1
point_desc	527	477	2	3	0	3	0	1	0	3	0	3	0	3	0
point_desc	471	428	2	2	1	2	1	0	0	2	1	2	1	2	1
point_desc	123	117	2	3	0	0	0	0	0	0	0	0	0	3	0
point_desc	1665	1507	1	1	1	1	1	1	1	2	0	1	1	1	1
point_desc	1406	1273	0	0	1	0	1	0	1	0	1	0	1	0	1
point_desc	231	213	0	0	1	1	0	3	0	3	0	3	0	0	1
point_desc	1094	992	2	2	1	2	1	2	1	2	1	2	1	2	1
point_desc	1495	1356	1	1	1	1	1	1	1	0	0	1	1	1	1
point_desc	711	648	3	1	0	2	0	1	0	1	0	1	0	1	0
point_desc	985	897	1	1	1	1	1	1	1	1	1	1	1	1	1
point_desc	477	433	3	3	1	2	0	0	0	2	0	2	0	3	1
point_desc	1634	1479	0	1	0	1	0	2	0	1	0	1	0	1	0
point_desc	718	653	3	3	1	3	1	3	1	3	1	3	1	3	1
point_desc	60	59	1	1	1	1	1	1	1	1	1	1	1	1	1
point_desc	537	486	1	1	1	1	1	1	1	1	1	1	1	1	1
point_desc	1185	1077	0	0	1	1	0	1	0	1	0	1	0	0	1
point_desc	325	302	3	3	1	2	0	3	1	2	0	2	0	3	1
point_desc	326	302	1	1	1	2	0	1	1	1	1	1	1	1	1
point_desc	2577	2330	0	0	1	0	1	0	1	0	1	0	1	0	1
point_desc	2017	1818	2	0	0	0	0	0	0	2	1	2	1	0	0
point_desc	1235	1119	3	3	1	3	1	0	0	3	1	3	1	3	1
point_desc	903	826	3	3	1	3	1	1	0	3	1	3	1	3	1
point_desc	1946	1755	0	0	1	0	1	2	0	0	1	0	1	0	1
point_desc	2045	1841	3	3	1	3	1	1	0	3	1	3	1	3	1
point_desc	421	387	1	1	1	1	1	0	0	1	1	1	1	1	1
point_desc	703	640	3	3	1	3	1	3	1	3	1	3	1	3	1
point_desc	2481	2241	1	0	0	0	0	0	0	0	0	3	0	2	0
point_desc	1812	1637	0	0	1	0	1	0	1	0	1	0	1	0	1
point_desc	2016	1817	2	2	1	2	1	0	0	2	1	2	1	2	1
point_desc	1540	1396	1	3	0	1	1	1	1	1	1	1	1	3	0
point_desc	322	299	0	0	1	0	1	2	0	2	0	2	0	0	1
point_desc	2159	1942	1	1	1	1	1	1	1	1	1	1	1	1	1
point_desc	282	261	2	2	1	3	0	1	0	1	0	2	1	2	1
point_desc	1617	1464	3	3	1	2	0	2	0	2	0	2	0	2	0
point_desc	1618	1464	2	1	0	1	0	1	0	1	0	1	0	1	0
point_desc	1867	1684	1	1	1	1	1	1	1	1	1	1	1	1	1
point_desc	111	106	2	1	0	0	0	3	0	1	0	1	0	1	0
point_desc	1122	1017	2	2	1	2	1	2	1	2	1	2	1	2	1
point_desc	2151	1936	0	0	1	1	0	1	0	0	1	0	1	0	1
point_desc	1906	1720	0	0	1	0	1	0	1	0	1	0	1	0	1
point_desc	367	338	2	2	1	2	1	2	1	2	1	2	1	2	1
point_desc	459	419	2	2	1	2	1	2	1	2	1	1	0	3	0
point_desc	2347	2116	3	0	0	1	0	1	0	1	0	1	0	0	0
point_desc	2306	2080	0	0	1	0	1	0	1	0	1	0	1	0	1
point_desc	1920	1731	2	2	1	2	1	2	1	2	1	2	1	2	1
point_desc	4	6	0	0	1	0	1	0	1	0	1	0	1	0	1
point_desc	727	661	2	2	1	2	1	2	1	2	1	2	1	2	1
point_desc	380	350	2	2	1	1	0	2	1	3	0	3	0	2	1
point_desc	2005	1808	0	0	1	0	1	2	0	0	1	0	1	0	1
point_desc	1228	1113	3	3	1	2	0	3	1	3	1	3	1	3	1
point_desc	2604	2356	1	1	1	1	1	1	1	1	1	1	1	1	1
point_desc	95	92	3	3	1	3	1	3	1	3	1	3	1	3	1
point_desc	1625	1470	2	2	1	2	1	2	1	2	1	2	1	2	1
point_desc	1525	1383	0	0	1	2	0	2	0	0	1	2	0	0	1
point_desc	276	255	1	1	1	1	1	1	1	1	1	1	1	1	1
point_desc	1789	1615	1	1	1	1	1	1	1	1	1	1	1	1	1
point_desc	2119	1908	2	2	1	1	0	2	1	2	1	2	1	2	1
point_desc	2264	2041	3	3	1	3	1	2	0	3	1	3	1	3	1
point_desc	1353	1223	1	1	1	1	1	1	1	1	1	1	1	1	1
point_desc	2491	2251	0	0	1	0	1	0	1	0	1	0	1	0	1
point_desc	335	308	1	1	1	0	0	2	0	1	1	2	0	1	1
point_desc	2520	2278	2	1	0	1	0	2	1	1	0	1	0	1	0
point_desc	1280	1157	2	2	1	2	1	3	0	3	0	2	1	2	1
point_desc	388	357	0	0	1	0	1	1	0	1	0	1	0	0	1
point_desc	658	599	2	2	1	2	1	2	1	2	1	2	1	2	1
point_desc	833	761	2	2	1	1	0	0	0	2	1	1	0	2	1
point_desc	1084	984	1	2	0	0	0	2	0	2	0	2	0	2	0
point_desc	2418	2180	2	2	1	3	0	3	0	2	1	2	1	2	1
point_desc	2580	2332	2	2	1	2	1	1	0	2	1	2	1	2	1
point_desc	349	321	0	0	1	0	1	1	0	0	1	0	1	0	1
point_desc	604	547	3	3	1	0	0	3	1	3	1	0	0	3	1
point_desc	1983	1789	1	1	1	0	0	3	0	1	1	0	0	1	1
point_desc	1738	1570	0	0	1	0	1	0	1	0	1	0	1	0	1
point_desc	872	797	2	1	0	2	1	1	0	1	0	1	0	1	0
point_desc	1562	1415	2	2	1	2	1	0	0	2	1	2	1	2	1
point_desc	1129	1024	3	3	1	2	0	3	1	3	1	3	1	3	1
point_desc	2506	2265	1	1	1	1	1	3	0	1	1	1	1	1	1
point_desc	1573	1423	1	1	1	2	0	0	0	3	0	1	1	1	1
point_desc	2044	1840	1	0	0	0	0	0	0	0	0	0	0	0	0
point_desc	1020	928	1	1	1	1	1	2	0	0	0	1	1	1	1
point_desc	1360	1229	0	1	0	0	1	2	0	2	0	1	0	1	0
point_desc	2407	2171	3	2	0	3	1	0	0	2	0	2	0	3	1
point_desc	2217	1999	3	3	1	0	0	1	0	1	0	1	0	3	1
point_desc	934	855	0	0	1	0	1	0	1	3	0	3	0	3	0
point_desc	1075	976	2	2	1	3	0	3	0	3	0	2	1	2	1
point_desc	817	747	2	0	0	0	0	0	0	0	0	1	0	2	1
point_desc	816	747	3	0	0	0	0	0	0	3	1	3	1	3	1
point_desc	1985	1790	3	3	1	3	1	3	1	3	1	3	1	3	1
point_desc	1652	1494	2	2	1	2	1	2	1	0	0	2	1	1	0
point_desc	1880	1697	0	0	1	0	1	0	1	0	1	0	1	0	1
point_desc	932	853	2	3	0	3	0	2	1	2	1	2	1	3	0
point_desc	479	434	1	1	1	1	1	1	1	1	1	1	1	1	1
point_desc	2650	2397	1	1	1	0	0	2	0	2	0	2	0	1	1
point_desc	1361	1230	1	1	1	1	1	1	1	1	1	1	1	1	1
point_desc	1677	1517	2	1	0	1	0	1	0	2	1	2	1	1	0
point_desc	1491	1352	2	2	1	2	1	1	0	2	1	2	1	2	1
point_desc	1941	1751	1	1	1	1	1	3	0	1	1	1	1	1	1
point_desc	1960	1768	2	2	1	2	1	2	1	2	1	2	1	2	1
point_desc	1541	1397	3	3	1	3	1	3	1	3	1	3	1	3	1
point_desc	838	765	1	1	1	0	0	2	0	2	0	1	1	1	1
point_desc	1179	1071	0	0	1	0	1	0	1	0	1	0	1	0	1
point_desc	456	418	2	2	1	2	1	0	0	2	1	2	1	2	1
point_desc	2301	2075	1	0	0	0	0	0	0	0	0	0	0	0	0
point_desc	2644	2391	1	1	1	1	1	1	1	1	1	1	1	1	1
point_desc	2643	2391	1	1	1	1	1	1	1	3	0	1	1	1	1
point_desc	1557	1411	1	1	1	1	1	1	1	1	1	1	1	1	1
point_desc	980	893	3	2	0	2	0	2	0	2	0	2	0	2	0
point_desc	1393	1261	0	0	1	0	1	0	1	1	0	1	0	0	1
point_desc	2642	2390	2	2	1	2	1	2	1	2	1	2	1	2	1
point_desc	1294	1170	1	1	1	1	1	2	0	1	1	1	1	1	1
point_desc	403	371	3	3	1	2	0	0	0	0	0	2	0	3	1
point_desc	1093	991	0	2	0	2	0	2	0	2	0	2	0	0	1
point_desc	1861	1680	0	0	1	0	1	0	1	0	1	0	1	0	1
point_desc	1629	1474	1	1	1	1	1	3	0	0	0	0	0	1	1
point_desc	2516	2274	3	3	1	3	1	3	1	0	0	3	1	3	1
point_desc	1970	1778	1	1	1	2	0	1	1	1	1	1	1	1	1
point_desc	1714	1550	2	2	1	2	1	3	0	2	1	2	1	2	1
point_desc	1112	1009	2	2	1	2	1	2	1	2	1	2	1	2	1
point_desc	152	140	3	3	1	0	0	1	0	2	0	0	0	3	1
point_desc	2166	1949	0	0	1	0	1	0	1	0	1	0	1	0	1
point_desc	1605	1453	0	0	1	1	0	2	0	3	0	0	1	1	0
point_desc	1500	1360	1	1	1	3	0	3	0	2	0	2	0	1	1
point_desc	2178	1961	3	3	1	3	1	0	0	2	0	0	0	3	1
point_desc	1727	1561	2	2	1	2	1	2	1	2	1	2	1	2	1
point_desc	2160	1943	1	2	0	3	0	3	0	3	0	3	0	2	0
point_desc	2291	2066	2	0	0	0	0	0	0	0	0	0	0	0	0
point_desc	1402	1269	1	1	1	1	1	3	0	1	1	1	1	1	1
point_desc	1832	1655	1	1	1	1	1	3	0	1	1	1	1	1	1
point_desc	1159	1051	2	0	0	2	1	1	0	0	0	2	1	0	0
point_desc	2014	1815	2	2	1	1	0	2	1	2	1	1	0	2	1
point_desc	450	413	2	1	0	1	0	1	0	1	0	2	1	1	0
point_desc	341	313	2	2	1	3	0	2	1	2	1	2	1	2	1
point_desc	2475	2235	2	2	1	2	1	2	1	2	1	2	1	2	1
point_desc	1964	1772	2	2	1	2	1	2	1	2	1	2	1	2	1
point_desc	2165	1948	0	0	1	0	1	3	0	0	1	3	0	0	1
point_desc	958	874	0	0	1	0	1	3	0	0	1	1	0	0	1
point_desc	2458	2218	3	3	1	3	1	3	1	3	1	3	1	3	1
point_desc	496	448	1	1	1	0	0	0	0	0	0	0	0	1	1
point_desc	495	448	1	1	1	1	1	1	1	1	1	1	1	1	1
point_desc	1040	945	0	3	0	3	0	3	0	1	0	3	0	3	0
point_desc	1041	945	1	1	1	1	1	1	1	1	1	1	1	1	1
point_desc	1828	1652	0	0	1	0	1	0	1	1	0	0	1	0	1
point_desc	2132	1920	3	3	1	3	1	3	1	3	1	3	1	3	1
point_desc	1756	1586	1	1	1	1	1	1	1	1	1	1	1	1	1
point_desc	2415	2177	1	1	1	1	1	1	1	1	1	1	1	1	1
point_desc	1534	1392	1	1	1	2	0	0	0	2	0	2	0	1	1
point_desc	1988	1793	2	1	0	0	0	3	0	1	0	3	0	1	0
point_desc	2106	1895	2	2	1	2	1	2	1	2	1	2	1	2	1
point_desc	2326	2099	1	1	1	1	1	1	1	2	0	2	0	1	1
point_desc	2484	2244	2	2	1	2	1	2	1	2	1	2	1	2	1
point_desc	1271	1149	0	0	1	0	1	1	0	0	1	0	1	0	1
point_desc	1579	1428	1	1	1	2	0	3	0	2	0	2	0	1	1
point_desc	2290	2065	0	0	1	0	1	0	1	0	1	0	1	0	1
point_desc	569	514	2	2	1	3	0	0	0	3	0	0	0	2	1
point_desc	2051	1846	2	2	1	3	0	1	0	3	0	2	1	2	1
point_desc	2495	2255	0	0	1	1	0	0	1	3	0	0	1	0	1
point_desc	1478	1342	2	2	1	0	0	0	0	2	1	2	1	2	1
point_desc	1311	1184	3	3	1	3	1	3	1	3	1	3	1	3	1
point_desc	595	538	0	0	1	0	1	0	1	0	1	0	1	0	1
point_desc	530	480	3	3	1	3	1	3	1	3	1	3	1	3	1
point_desc	875	800	2	0	0	0	0	0	0	0	0	0	0	0	0
point_desc	2488	2248	2	2	1	2	1	3	0	2	1	2	1	2	1
point_desc	1293	1169	0	0	1	1	0	3	0	0	1	0	1	0	1
point_desc	2359	2126	2	0	0	0	0	0	0	0	0	0	0	0	0
point_desc	1865	1683	0	0	1	2	0	2	0	0	1	3	0	0	1
point_desc	2559	2313	3	3	1	3	1	3	1	3	1	3	1	3	1
point_desc	1433	1299	3	3	1	3	1	3	1	3	1	3	1	3	1
point_desc	975	888	3	3	1	1	0	1	0	3	1	3	1	3	1
point_desc	2036	1834	3	3	1	3	1	3	1	3	1	3	1	3	1
point_desc	1268	1146	0	0	1	0	1	2	0	0	1	0	1	0	1
point_desc	2164	1947	3	3	1	3	1	1	0	3	1	3	1	3	1
point_desc	861	787	2	2	1	2	1	1	0	2	1	1	0	2	1
point_desc	1461	1326	3	3	1	2	0	2	0	2	0	2	0	3	1
point_desc	1378	1246	2	2	1	0	0	2	1	0	0	0	0	2	1
point_desc	1377	1246	3	3	1	3	1	3	1	3	1	3	1	3	1
point_desc	1163	1055	3	3	1	0	0	3	1	3	1	3	1	3	1
point_desc	1901	1716	2	2	1	2	1	2	1	2	1	2	1	2	1
point_desc	1368	1237	3	1	0	1	0	1	0	1	0	1	0	1	0
point_desc	923	844	2	2	1	3	0	3	0	3	0	3	0	3	0
point_desc	1684	1523	2	1	0	2	1	1	0	1	0	1	0	1	0
point_desc	2606	2358	0	0	1	0	1	1	0	0	1	0	1	0	1
point_desc	1497	1358	3	3	1	3	1	1	0	3	1	3	1	3	1
point_desc	907	830	0	0	1	1	0	1	0	0	1	0	1	1	0
point_desc	2384	2150	2	3	0	0	0	0	0	0	0	0	0	3	0
point_desc	2576	2329	1	0	0	0	0	2	0	0	0	0	0	0	0
point_desc	2550	2307	0	0	1	2	0	0	1	0	1	0	1	0	1
point_desc	2551	2307	0	0	1	1	0	1	0	0	1	0	1	2	0
point_desc	1453	1318	1	1	1	1	1	1	1	1	1	1	1	1	1
point_desc	240	221	2	2	1	2	1	2	1	2	1	2	1	2	1
point_desc	676	615	1	1	1	1	1	1	1	1	1	1	1	1	1
point_desc	2512	2270	2	2	1	2	1	2	1	2	1	2	1	2	1
point_desc	411	378	3	1	0	1	0	1	0	1	0	1	0	1	0
point_desc	617	558	1	1	1	0	0	1	1	1	1	2	0	1	1
point_desc	2157	1940	1	0	0	2	0	0	0	0	0	0	0	0	0
point_desc	2145	1932	3	3	1	0	0	3	1	2	0	1	0	2	0
point_desc	892	817	1	1	1	1	1	1	1	1	1	1	1	1	1
point_desc	36	36	1	2	0	2	0	1	1	2	0	2	0	2	0
point_desc	119	114	2	2	1	2	1	0	0	2	1	2	1	2	1
point_desc	1998	1802	1	1	1	1	1	1	1	0	0	0	0	0	0
point_desc	1091	990	2	2	1	2	1	2	1	2	1	2	1	2	1
point_desc	2346	2115	0	0	1	2	0	1	0	0	1	2	0	0	1
point_desc	919	842	1	0	0	0	0	0	0	0	0	0	0	0	0
point_desc	920	842	0	1	0	3	0	1	0	1	0	1	0	1	0
point_desc	46	46	3	2	0	3	1	2	0	3	1	3	1	2	0
point_desc	1886	1703	1	1	1	1	1	1	1	1	1	1	1	1	1
point_desc	1306	1182	0	0	1	0	1	0	1	0	1	0	1	0	1
point_desc	259	239	1	1	1	1	1	1	1	1	1	1	1	1	1
point_desc	1195	1085	1	1	1	1	1	3	0	1	1	1	1	1	1
point_desc	1345	1215	3	3	1	0	0	1	0	3	1	3	1	3	1
point_desc	1140	1035	2	2	1	2	1	0	0	2	1	2	1	2	1
point_desc	2385	2151	1	1	1	1	1	1	1	1	1	1	1	1	1
point_desc	535	485	3	3	1	0	0	0	0	0	0	3	1	3	1
point_desc	947	868	0	0	1	1	0	0	1	0	1	0	1	0	1
point_desc	1820	1644	3	3	1	3	1	2	0	3	1	3	1	3	1
point_desc	2244	2024	0	1	0	1	0	1	0	1	0	1	0	1	0
point_desc	2319	2092	1	0	0	0	0	0	0	0	0	0	0	0	0
point_desc	1624	1469	3	3	1	3	1	3	1	3	1	3	1	3	1
point_desc	2318	2092	3	3	1	3	1	3	1	3	1	3	1	3	1
point_desc	237	219	0	0	1	0	1	0	1	0	1	0	1	0	1
point_desc	396	365	1	1	1	1	1	1	1	1	1	1	1	1	1
point_desc	1955	1764	3	3	1	3	1	1	0	3	1	3	1	3	1
point_desc	1468	1332	0	0	1	0	1	0	1	0	1	0	1	0	1
point_desc	1829	1653	1	1	1	1	1	1	1	1	1	0	0	1	1
point_desc	1516	1374	3	3	1	3	1	1	0	1	0	3	1	3	1
point_desc	675	614	3	3	1	0	0	3	1	3	1	3	1	3	1
point_desc	1845	1666	1	1	1	1	1	1	1	1	1	1	1	1	1
point_desc	769	701	3	3	1	3	1	3	1	3	1	3	1	3	1
point_desc	768	701	0	0	1	0	1	0	1	0	1	0	1	0	1
point_desc	1134	1029	3	3	1	0	0	0	0	2	0	0	0	3	1
point_desc	249	229	2	2	1	2	1	2	1	2	1	2	1	2	1
point_desc	2257	2035	2	0	0	1	0	0	0	3	0	3	0	3	0
point_desc	1645	1488	1	2	0	1	1	1	1	1	1	1	1	2	0
point_desc	1194	1084	3	3	1	3	1	3	1	3	1	3	1	3	1
point_desc	2376	2142	2	2	1	2	1	1	0	2	1	2	1	2	1
point_desc	1171	1063	3	1	0	0	0	2	0	1	0	1	0	1	0
point_desc	1747	1578	3	3	1	3	1	3	1	3	1	3	1	3	1
point_desc	699	636	1	3	0	1	1	1	1	2	0	2	0	3	0
point_desc	591	534	2	1	0	1	0	0	0	1	0	1	0	1	0
point_desc	14	15	1	1	1	1	1	1	1	1	1	1	1	1	1
point_desc	753	686	3	3	1	3	1	1	0	1	0	1	0	3	1
point_desc	2533	2290	3	3	1	0	0	3	1	2	0	0	0	3	1
point_desc	1479	1342	1	1	1	1	1	1	1	1	1	1	1	1	1
point_desc	1815	1640	3	3	1	0	0	3	1	3	1	0	0	3	1
point_desc	2586	2338	2	2	1	0	0	2	1	2	1	2	1	2	1
point_desc	2256	2034	0	0	1	0	1	0	1	0	1	0	1	0	1
point_desc	743	676	2	2	1	2	1	2	1	2	1	2	1	2	1
point_desc	2087	1878	0	2	0	2	0	1	0	2	0	2	0	2	0
point_desc	663	604	0	3	0	1	0	0	1	0	1	0	1	3	0
point_desc	1907	1721	1	1	1	3	0	3	0	3	0	3	0	3	0
point_desc	314	292	0	0	1	0	1	0	1	0	1	0	1	0	1
