table_path	data_row	numeric_cell	displayed_value	approved_table_sha256	evidence_builder
thesis/Tables/final/rq1_battery.tex	1	1	0.805	4f04d9eba354f971fcb7828162d9ef85cc5e249214845388b0895e7b9cc20c18	scripts/build_public_tables.py
thesis/Tables/final/rq1_battery.tex	1	2	[0.790, 0.820]	4f04d9eba354f971fcb7828162d9ef85cc5e249214845388b0895e7b9cc20c18	scripts/build_public_tables.py
thesis/Tables/final/rq1_battery.tex	2	1	0.483	4f04d9eba354f971fcb7828162d9ef85cc5e249214845388b0895e7b9cc20c18	scripts/build_public_tables.py
thesis/Tables/final/rq1_battery.tex	2	2	[0.464, 0.502]	4f04d9eba354f971fcb7828162d9ef85cc5e249214845388b0895e7b9cc20c18	scripts/build_public_tables.py
thesis/Tables/final/rq1_battery.tex	3	1	0.438	4f04d9eba354f971fcb7828162d9ef85cc5e249214845388b0895e7b9cc20c18	scripts/build_public_tables.py
thesis/Tables/final/rq1_battery.tex	3	2	[0.419, 0.458]	4f04d9eba354f971fcb7828162d9ef85cc5e249214845388b0895e7b9cc20c18	scripts/build_public_tables.py
thesis/Tables/final/rq1_battery.tex	4	1	0.646	4f04d9eba354f971fcb7828162d9ef85cc5e249214845388b0895e7b9cc20c18	scripts/build_public_tables.py
thesis/Tables/final/rq1_battery.tex	4	2	[0.627, 0.665]	4f04d9eba354f971fcb7828162d9ef85cc5e249214845388b0895e7b9cc20c18	scripts/build_public_tables.py
thesis/Tables/final/rq1_battery.tex	5	1	0.623	4f04d9eba354f971fcb7828162d9ef85cc5e249214845388b0895e7b9cc20c18	scripts/build_public_tables.py
thesis/Tables/final/rq1_battery.tex	5	2	[0.605, 0.642]	4f04d9eba354f971fcb7828162d9ef85cc5e249214845388b0895e7b9cc20c18	scripts/build_public_tables.py
thesis/Tables/final/rq1_battery.tex	6	1	0.800	4f04d9eba354f971fcb7828162d9ef85cc5e249214845388b0895e7b9cc20c18	scripts/build_public_tables.py
thesis/Tables/final/rq1_battery.tex	6	2	[0.784, 0.815]	4f04d9eba354f971fcb7828162d9ef85cc5e249214845388b0895e7b9cc20c18	scripts/build_public_tables.py
thesis/Tables/final/rq1_battery.tex	7	1	0.808	4f04d9eba354f971fcb7828162d9ef85cc5e249214845388b0895e7b9cc20c18	scripts/build_public_tables.py
thesis/Tables/final/rq1_battery.tex	7	2	[0.793, 0.823]	4f04d9eba354f971fcb7828162d9ef85cc5e249214845388b0895e7b9cc20c18	scripts/build_public_tables.py
thesis/Tables/final/rq1_battery.tex	8	1	0.490	4f04d9eba354f971fcb7828162d9ef85cc5e249214845388b0895e7b9cc20c18	scripts/build_public_tables.py
thesis/Tables/final/rq1_battery.tex	8	2	[0.470, 0.509]	4f04d9eba354f971fcb7828162d9ef85cc5e249214845388b0895e7b9cc20c18	scripts/build_public_tables.py
thesis/Tables/final/rq1_battery.tex	9	1	0.435	4f04d9eba354f971fcb7828162d9ef85cc5e249214845388b0895e7b9cc20c18	scripts/build_public_tables.py
thesis/Tables/final/rq1_battery.tex	9	2	[0.415, 0.453]	4f04d9eba354f971fcb7828162d9ef85cc5e249214845388b0895e7b9cc20c18	scripts/build_public_tables.py
thesis/Tables/final/rq1_battery.tex	10	1	0.623	4f04d9eba354f971fcb7828162d9ef85cc5e249214845388b0895e7b9cc20c18	scripts/build_public_tables.py
thesis/Tables/final/rq1_battery.tex	10	2	[0.604, 0.642]	4f04d9eba354f971fcb7828162d9ef85cc5e249214845388b0895e7b9cc20c18	scripts/build_public_tables.py
thesis/Tables/final/rq1_battery.tex	11	1	0.632	4f04d9eba354f971fcb7828162d9ef85cc5e249214845388b0895e7b9cc20c18	scripts/build_public_tables.py
thesis/Tables/final/rq1_battery.tex	11	2	[0.613, 0.650]	4f04d9eba354f971fcb7828162d9ef85cc5e249214845388b0895e7b9cc20c18	scripts/build_public_tables.py
thesis/Tables/final/rq1_battery.tex	12	1	0.802	4f04d9eba354f971fcb7828162d9ef85cc5e249214845388b0895e7b9cc20c18	scripts/build_public_tables.py
thesis/Tables/final/rq1_battery.tex	12	2	[0.787, 0.818]	4f04d9eba354f971fcb7828162d9ef85cc5e249214845388b0895e7b9cc20c18	scripts/build_public_tables.py
thesis/Tables/final/rq1_battery.tex	13	1	0.814	4f04d9eba354f971fcb7828162d9ef85cc5e249214845388b0895e7b9cc20c18	scripts/build_public_tables.py
thesis/Tables/final/rq1_battery.tex	13	2	[0.799, 0.829]	4f04d9eba354f971fcb7828162d9ef85cc5e249214845388b0895e7b9cc20c18	scripts/build_public_tables.py
thesis/Tables/final/rq1_battery.tex	14	1	0.593	4f04d9eba354f971fcb7828162d9ef85cc5e249214845388b0895e7b9cc20c18	scripts/build_public_tables.py
thesis/Tables/final/rq1_battery.tex	14	2	[0.574, 0.612]	4f04d9eba354f971fcb7828162d9ef85cc5e249214845388b0895e7b9cc20c18	scripts/build_public_tables.py
thesis/Tables/final/rq1_battery.tex	15	1	0.487	4f04d9eba354f971fcb7828162d9ef85cc5e249214845388b0895e7b9cc20c18	scripts/build_public_tables.py
thesis/Tables/final/rq1_battery.tex	15	2	[0.468, 0.507]	4f04d9eba354f971fcb7828162d9ef85cc5e249214845388b0895e7b9cc20c18	scripts/build_public_tables.py
thesis/Tables/final/rq1_battery.tex	16	1	0.681	4f04d9eba354f971fcb7828162d9ef85cc5e249214845388b0895e7b9cc20c18	scripts/build_public_tables.py
thesis/Tables/final/rq1_battery.tex	16	2	[0.663, 0.699]	4f04d9eba354f971fcb7828162d9ef85cc5e249214845388b0895e7b9cc20c18	scripts/build_public_tables.py
thesis/Tables/final/rq1_battery.tex	17	1	0.665	4f04d9eba354f971fcb7828162d9ef85cc5e249214845388b0895e7b9cc20c18	scripts/build_public_tables.py
thesis/Tables/final/rq1_battery.tex	17	2	[0.647, 0.683]	4f04d9eba354f971fcb7828162d9ef85cc5e249214845388b0895e7b9cc20c18	scripts/build_public_tables.py
thesis/Tables/final/rq1_battery.tex	18	1	0.803	4f04d9eba354f971fcb7828162d9ef85cc5e249214845388b0895e7b9cc20c18	scripts/build_public_tables.py
thesis/Tables/final/rq1_battery.tex	18	2	[0.787, 0.818]	4f04d9eba354f971fcb7828162d9ef85cc5e249214845388b0895e7b9cc20c18	scripts/build_public_tables.py
thesis/Tables/final/rq1_battery.tex	19	1	0.815	4f04d9eba354f971fcb7828162d9ef85cc5e249214845388b0895e7b9cc20c18	scripts/build_public_tables.py
thesis/Tables/final/rq1_battery.tex	19	2	[0.801, 0.830]	4f04d9eba354f971fcb7828162d9ef85cc5e249214845388b0895e7b9cc20c18	scripts/build_public_tables.py
thesis/Tables/final/rq1_battery.tex	20	1	0.626	4f04d9eba354f971fcb7828162d9ef85cc5e249214845388b0895e7b9cc20c18	scripts/build_public_tables.py
thesis/Tables/final/rq1_battery.tex	20	2	[0.607, 0.645]	4f04d9eba354f971fcb7828162d9ef85cc5e249214845388b0895e7b9cc20c18	scripts/build_public_tables.py
thesis/Tables/final/rq1_battery.tex	21	1	0.519	4f04d9eba354f971fcb7828162d9ef85cc5e249214845388b0895e7b9cc20c18	scripts/build_public_tables.py
thesis/Tables/final/rq1_battery.tex	21	2	[0.500, 0.538]	4f04d9eba354f971fcb7828162d9ef85cc5e249214845388b0895e7b9cc20c18	scripts/build_public_tables.py
thesis/Tables/final/rq1_battery.tex	22	1	0.680	4f04d9eba354f971fcb7828162d9ef85cc5e249214845388b0895e7b9cc20c18	scripts/build_public_tables.py
thesis/Tables/final/rq1_battery.tex	22	2	[0.663, 0.698]	4f04d9eba354f971fcb7828162d9ef85cc5e249214845388b0895e7b9cc20c18	scripts/build_public_tables.py
thesis/Tables/final/rq1_battery.tex	23	1	0.680	4f04d9eba354f971fcb7828162d9ef85cc5e249214845388b0895e7b9cc20c18	scripts/build_public_tables.py
thesis/Tables/final/rq1_battery.tex	23	2	[0.662, 0.698]	4f04d9eba354f971fcb7828162d9ef85cc5e249214845388b0895e7b9cc20c18	scripts/build_public_tables.py
thesis/Tables/final/rq1_battery.tex	24	1	0.805	4f04d9eba354f971fcb7828162d9ef85cc5e249214845388b0895e7b9cc20c18	scripts/build_public_tables.py
thesis/Tables/final/rq1_battery.tex	24	2	[0.790, 0.820]	4f04d9eba354f971fcb7828162d9ef85cc5e249214845388b0895e7b9cc20c18	scripts/build_public_tables.py
thesis/Tables/final/rq1_battery.tex	25	1	0.322	4f04d9eba354f971fcb7828162d9ef85cc5e249214845388b0895e7b9cc20c18	scripts/build_public_tables.py
thesis/Tables/final/rq1_battery.tex	25	2	[0.300, 0.343]	4f04d9eba354f971fcb7828162d9ef85cc5e249214845388b0895e7b9cc20c18	scripts/build_public_tables.py
thesis/Tables/final/rq1_battery.tex	26	1	0.367	4f04d9eba354f971fcb7828162d9ef85cc5e249214845388b0895e7b9cc20c18	scripts/build_public_tables.py
thesis/Tables/final/rq1_battery.tex	26	2	[0.344, 0.389]	4f04d9eba354f971fcb7828162d9ef85cc5e249214845388b0895e7b9cc20c18	scripts/build_public_tables.py
thesis/Tables/final/rq1_battery.tex	27	1	0.159	4f04d9eba354f971fcb7828162d9ef85cc5e249214845388b0895e7b9cc20c18	scripts/build_public_tables.py
thesis/Tables/final/rq1_battery.tex	27	2	[0.141, 0.176]	4f04d9eba354f971fcb7828162d9ef85cc5e249214845388b0895e7b9cc20c18	scripts/build_public_tables.py
thesis/Tables/final/rq1_battery.tex	28	1	0.182	4f04d9eba354f971fcb7828162d9ef85cc5e249214845388b0895e7b9cc20c18	scripts/build_public_tables.py
thesis/Tables/final/rq1_battery.tex	28	2	[0.164, 0.200]	4f04d9eba354f971fcb7828162d9ef85cc5e249214845388b0895e7b9cc20c18	scripts/build_public_tables.py
thesis/Tables/final/rq1_battery.tex	29	1	0.005	4f04d9eba354f971fcb7828162d9ef85cc5e249214845388b0895e7b9cc20c18	scripts/build_public_tables.py
thesis/Tables/final/rq1_battery.tex	29	2	[$-$0.003, 0.014]	4f04d9eba354f971fcb7828162d9ef85cc5e249214845388b0895e7b9cc20c18	scripts/build_public_tables.py
thesis/Tables/final/rq1_battery.tex	30	1	0.319	4f04d9eba354f971fcb7828162d9ef85cc5e249214845388b0895e7b9cc20c18	scripts/build_public_tables.py
thesis/Tables/final/rq1_battery.tex	30	2	[0.298, 0.340]	4f04d9eba354f971fcb7828162d9ef85cc5e249214845388b0895e7b9cc20c18	scripts/build_public_tables.py
thesis/Tables/final/rq1_battery.tex	31	1	0.374	4f04d9eba354f971fcb7828162d9ef85cc5e249214845388b0895e7b9cc20c18	scripts/build_public_tables.py
thesis/Tables/final/rq1_battery.tex	31	2	[0.351, 0.396]	4f04d9eba354f971fcb7828162d9ef85cc5e249214845388b0895e7b9cc20c18	scripts/build_public_tables.py
thesis/Tables/final/rq1_battery.tex	32	1	0.185	4f04d9eba354f971fcb7828162d9ef85cc5e249214845388b0895e7b9cc20c18	scripts/build_public_tables.py
thesis/Tables/final/rq1_battery.tex	32	2	[0.167, 0.203]	4f04d9eba354f971fcb7828162d9ef85cc5e249214845388b0895e7b9cc20c18	scripts/build_public_tables.py
thesis/Tables/final/rq1_battery.tex	33	1	0.176	4f04d9eba354f971fcb7828162d9ef85cc5e249214845388b0895e7b9cc20c18	scripts/build_public_tables.py
thesis/Tables/final/rq1_battery.tex	33	2	[0.158, 0.195]	4f04d9eba354f971fcb7828162d9ef85cc5e249214845388b0895e7b9cc20c18	scripts/build_public_tables.py
thesis/Tables/final/rq1_battery.tex	34	1	0.006	4f04d9eba354f971fcb7828162d9ef85cc5e249214845388b0895e7b9cc20c18	scripts/build_public_tables.py
thesis/Tables/final/rq1_battery.tex	34	2	[$-$0.005, 0.016]	4f04d9eba354f971fcb7828162d9ef85cc5e249214845388b0895e7b9cc20c18	scripts/build_public_tables.py
thesis/Tables/final/rq1_battery.tex	35	1	0.221	4f04d9eba354f971fcb7828162d9ef85cc5e249214845388b0895e7b9cc20c18	scripts/build_public_tables.py
thesis/Tables/final/rq1_battery.tex	35	2	[0.201, 0.241]	4f04d9eba354f971fcb7828162d9ef85cc5e249214845388b0895e7b9cc20c18	scripts/build_public_tables.py
thesis/Tables/final/rq1_battery.tex	36	1	0.327	4f04d9eba354f971fcb7828162d9ef85cc5e249214845388b0895e7b9cc20c18	scripts/build_public_tables.py
thesis/Tables/final/rq1_battery.tex	36	2	[0.305, 0.349]	4f04d9eba354f971fcb7828162d9ef85cc5e249214845388b0895e7b9cc20c18	scripts/build_public_tables.py
thesis/Tables/final/rq1_battery.tex	37	1	0.133	4f04d9eba354f971fcb7828162d9ef85cc5e249214845388b0895e7b9cc20c18	scripts/build_public_tables.py
thesis/Tables/final/rq1_battery.tex	37	2	[0.116, 0.151]	4f04d9eba354f971fcb7828162d9ef85cc5e249214845388b0895e7b9cc20c18	scripts/build_public_tables.py
thesis/Tables/final/rq1_battery.tex	38	1	0.149	4f04d9eba354f971fcb7828162d9ef85cc5e249214845388b0895e7b9cc20c18	scripts/build_public_tables.py
thesis/Tables/final/rq1_battery.tex	38	2	[0.132, 0.166]	4f04d9eba354f971fcb7828162d9ef85cc5e249214845388b0895e7b9cc20c18	scripts/build_public_tables.py
thesis/Tables/final/rq1_battery.tex	39	1	0.011	4f04d9eba354f971fcb7828162d9ef85cc5e249214845388b0895e7b9cc20c18	scripts/build_public_tables.py
thesis/Tables/final/rq1_battery.tex	39	2	[0.002, 0.021]	4f04d9eba354f971fcb7828162d9ef85cc5e249214845388b0895e7b9cc20c18	scripts/build_public_tables.py
thesis/Tables/final/rq1_battery.tex	40	1	0.189	4f04d9eba354f971fcb7828162d9ef85cc5e249214845388b0895e7b9cc20c18	scripts/build_public_tables.py
thesis/Tables/final/rq1_battery.tex	40	2	[0.171, 0.207]	4f04d9eba354f971fcb7828162d9ef85cc5e249214845388b0895e7b9cc20c18	scripts/build_public_tables.py
thesis/Tables/final/rq1_battery.tex	41	1	0.296	4f04d9eba354f971fcb7828162d9ef85cc5e249214845388b0895e7b9cc20c18	scripts/build_public_tables.py
thesis/Tables/final/rq1_battery.tex	41	2	[0.275, 0.318]	4f04d9eba354f971fcb7828162d9ef85cc5e249214845388b0895e7b9cc20c18	scripts/build_public_tables.py
thesis/Tables/final/rq1_battery.tex	42	1	0.135	4f04d9eba354f971fcb7828162d9ef85cc5e249214845388b0895e7b9cc20c18	scripts/build_public_tables.py
thesis/Tables/final/rq1_battery.tex	42	2	[0.119, 0.151]	4f04d9eba354f971fcb7828162d9ef85cc5e249214845388b0895e7b9cc20c18	scripts/build_public_tables.py
thesis/Tables/final/rq1_battery.tex	43	1	0.135	4f04d9eba354f971fcb7828162d9ef85cc5e249214845388b0895e7b9cc20c18	scripts/build_public_tables.py
thesis/Tables/final/rq1_battery.tex	43	2	[0.118, 0.152]	4f04d9eba354f971fcb7828162d9ef85cc5e249214845388b0895e7b9cc20c18	scripts/build_public_tables.py
thesis/Tables/final/rq1_battery.tex	44	1	0.010	4f04d9eba354f971fcb7828162d9ef85cc5e249214845388b0895e7b9cc20c18	scripts/build_public_tables.py
thesis/Tables/final/rq1_battery.tex	44	2	[0.000, 0.021]	4f04d9eba354f971fcb7828162d9ef85cc5e249214845388b0895e7b9cc20c18	scripts/build_public_tables.py
thesis/Tables/final/rq1_sufficiency.tex	1	1	$-$0.1003	81cc92fbef822d13b3adc983820dce631f0fc5a933c2d8cfeeb12e86d221247e	scripts/build_public_tables.py
thesis/Tables/final/rq1_sufficiency.tex	1	2	[$-$0.1185, $-$0.0818]	81cc92fbef822d13b3adc983820dce631f0fc5a933c2d8cfeeb12e86d221247e	scripts/build_public_tables.py
thesis/Tables/final/rq1_sufficiency.tex	2	1	$-$0.1297	81cc92fbef822d13b3adc983820dce631f0fc5a933c2d8cfeeb12e86d221247e	scripts/build_public_tables.py
thesis/Tables/final/rq1_sufficiency.tex	2	2	[$-$0.1504, $-$0.1099]	81cc92fbef822d13b3adc983820dce631f0fc5a933c2d8cfeeb12e86d221247e	scripts/build_public_tables.py
thesis/Tables/final/rq1_transitions_full.tex	1	1	984	e96dbdbe34a75eae2733c0c0f77515e62b5e9e7466d46147e7f598799467147f	scripts/build_public_tables.py
thesis/Tables/final/rq1_transitions_full.tex	1	2	0.461	e96dbdbe34a75eae2733c0c0f77515e62b5e9e7466d46147e7f598799467147f	scripts/build_public_tables.py
thesis/Tables/final/rq1_transitions_full.tex	1	3	131	e96dbdbe34a75eae2733c0c0f77515e62b5e9e7466d46147e7f598799467147f	scripts/build_public_tables.py
thesis/Tables/final/rq1_transitions_full.tex	1	4	0.253	e96dbdbe34a75eae2733c0c0f77515e62b5e9e7466d46147e7f598799467147f	scripts/build_public_tables.py
thesis/Tables/final/rq1_transitions_full.tex	1	5	0.049	e96dbdbe34a75eae2733c0c0f77515e62b5e9e7466d46147e7f598799467147f	scripts/build_public_tables.py
thesis/Tables/final/rq1_transitions_full.tex	1	6	1,115	e96dbdbe34a75eae2733c0c0f77515e62b5e9e7466d46147e7f598799467147f	scripts/build_public_tables.py
thesis/Tables/final/rq1_transitions_full.tex	1	7	$-$853	e96dbdbe34a75eae2733c0c0f77515e62b5e9e7466d46147e7f598799467147f	scripts/build_public_tables.py
thesis/Tables/final/rq1_transitions_full.tex	2	1	1,108	e96dbdbe34a75eae2733c0c0f77515e62b5e9e7466d46147e7f598799467147f	scripts/build_public_tables.py
thesis/Tables/final/rq1_transitions_full.tex	2	2	0.519	e96dbdbe34a75eae2733c0c0f77515e62b5e9e7466d46147e7f598799467147f	scripts/build_public_tables.py
thesis/Tables/final/rq1_transitions_full.tex	2	3	135	e96dbdbe34a75eae2733c0c0f77515e62b5e9e7466d46147e7f598799467147f	scripts/build_public_tables.py
thesis/Tables/final/rq1_transitions_full.tex	2	4	0.261	e96dbdbe34a75eae2733c0c0f77515e62b5e9e7466d46147e7f598799467147f	scripts/build_public_tables.py
thesis/Tables/final/rq1_transitions_full.tex	2	5	0.051	e96dbdbe34a75eae2733c0c0f77515e62b5e9e7466d46147e7f598799467147f	scripts/build_public_tables.py
thesis/Tables/final/rq1_transitions_full.tex	2	6	1,243	e96dbdbe34a75eae2733c0c0f77515e62b5e9e7466d46147e7f598799467147f	scripts/build_public_tables.py
thesis/Tables/final/rq1_transitions_full.tex	2	7	$-$973	e96dbdbe34a75eae2733c0c0f77515e62b5e9e7466d46147e7f598799467147f	scripts/build_public_tables.py
thesis/Tables/final/rq1_transitions_full.tex	3	1	530	e96dbdbe34a75eae2733c0c0f77515e62b5e9e7466d46147e7f598799467147f	scripts/build_public_tables.py
thesis/Tables/final/rq1_transitions_full.tex	3	2	0.248	e96dbdbe34a75eae2733c0c0f77515e62b5e9e7466d46147e7f598799467147f	scripts/build_public_tables.py
thesis/Tables/final/rq1_transitions_full.tex	3	3	109	e96dbdbe34a75eae2733c0c0f77515e62b5e9e7466d46147e7f598799467147f	scripts/build_public_tables.py
thesis/Tables/final/rq1_transitions_full.tex	3	4	0.210	e96dbdbe34a75eae2733c0c0f77515e62b5e9e7466d46147e7f598799467147f	scripts/build_public_tables.py
thesis/Tables/final/rq1_transitions_full.tex	3	5	0.041	e96dbdbe34a75eae2733c0c0f77515e62b5e9e7466d46147e7f598799467147f	scripts/build_public_tables.py
thesis/Tables/final/rq1_transitions_full.tex	3	6	639	e96dbdbe34a75eae2733c0c0f77515e62b5e9e7466d46147e7f598799467147f	scripts/build_public_tables.py
thesis/Tables/final/rq1_transitions_full.tex	3	7	$-$421	e96dbdbe34a75eae2733c0c0f77515e62b5e9e7466d46147e7f598799467147f	scripts/build_public_tables.py
thesis/Tables/final/rq1_transitions_full.tex	4	1	597	e96dbdbe34a75eae2733c0c0f77515e62b5e9e7466d46147e7f598799467147f	scripts/build_public_tables.py
thesis/Tables/final/rq1_transitions_full.tex	4	2	0.280	e96dbdbe34a75eae2733c0c0f77515e62b5e9e7466d46147e7f598799467147f	scripts/build_public_tables.py
thesis/Tables/final/rq1_transitions_full.tex	4	3	115	e96dbdbe34a75eae2733c0c0f77515e62b5e9e7466d46147e7f598799467147f	scripts/build_public_tables.py
thesis/Tables/final/rq1_transitions_full.tex	4	4	0.222	e96dbdbe34a75eae2733c0c0f77515e62b5e9e7466d46147e7f598799467147f	scripts/build_public_tables.py
thesis/Tables/final/rq1_transitions_full.tex	4	5	0.043	e96dbdbe34a75eae2733c0c0f77515e62b5e9e7466d46147e7f598799467147f	scripts/build_public_tables.py
thesis/Tables/final/rq1_transitions_full.tex	4	6	712	e96dbdbe34a75eae2733c0c0f77515e62b5e9e7466d46147e7f598799467147f	scripts/build_public_tables.py
thesis/Tables/final/rq1_transitions_full.tex	4	7	$-$482	e96dbdbe34a75eae2733c0c0f77515e62b5e9e7466d46147e7f598799467147f	scripts/build_public_tables.py
thesis/Tables/final/rq1_transitions_full.tex	5	1	76	e96dbdbe34a75eae2733c0c0f77515e62b5e9e7466d46147e7f598799467147f	scripts/build_public_tables.py
thesis/Tables/final/rq1_transitions_full.tex	5	2	0.036	e96dbdbe34a75eae2733c0c0f77515e62b5e9e7466d46147e7f598799467147f	scripts/build_public_tables.py
thesis/Tables/final/rq1_transitions_full.tex	5	3	63	e96dbdbe34a75eae2733c0c0f77515e62b5e9e7466d46147e7f598799467147f	scripts/build_public_tables.py
thesis/Tables/final/rq1_transitions_full.tex	5	4	0.122	e96dbdbe34a75eae2733c0c0f77515e62b5e9e7466d46147e7f598799467147f	scripts/build_public_tables.py
thesis/Tables/final/rq1_transitions_full.tex	5	5	0.024	e96dbdbe34a75eae2733c0c0f77515e62b5e9e7466d46147e7f598799467147f	scripts/build_public_tables.py
thesis/Tables/final/rq1_transitions_full.tex	5	6	139	e96dbdbe34a75eae2733c0c0f77515e62b5e9e7466d46147e7f598799467147f	scripts/build_public_tables.py
thesis/Tables/final/rq1_transitions_full.tex	5	7	$-$13	e96dbdbe34a75eae2733c0c0f77515e62b5e9e7466d46147e7f598799467147f	scripts/build_public_tables.py
thesis/Tables/final/rq1_transitions_full.tex	6	1	953	e96dbdbe34a75eae2733c0c0f77515e62b5e9e7466d46147e7f598799467147f	scripts/build_public_tables.py
thesis/Tables/final/rq1_transitions_full.tex	6	2	0.444	e96dbdbe34a75eae2733c0c0f77515e62b5e9e7466d46147e7f598799467147f	scripts/build_public_tables.py
thesis/Tables/final/rq1_transitions_full.tex	6	3	108	e96dbdbe34a75eae2733c0c0f77515e62b5e9e7466d46147e7f598799467147f	scripts/build_public_tables.py
thesis/Tables/final/rq1_transitions_full.tex	6	4	0.212	e96dbdbe34a75eae2733c0c0f77515e62b5e9e7466d46147e7f598799467147f	scripts/build_public_tables.py
thesis/Tables/final/rq1_transitions_full.tex	6	5	0.041	e96dbdbe34a75eae2733c0c0f77515e62b5e9e7466d46147e7f598799467147f	scripts/build_public_tables.py
thesis/Tables/final/rq1_transitions_full.tex	6	6	1,061	e96dbdbe34a75eae2733c0c0f77515e62b5e9e7466d46147e7f598799467147f	scripts/build_public_tables.py
thesis/Tables/final/rq1_transitions_full.tex	6	7	$-$845	e96dbdbe34a75eae2733c0c0f77515e62b5e9e7466d46147e7f598799467147f	scripts/build_public_tables.py
thesis/Tables/final/rq1_transitions_full.tex	7	1	1,121	e96dbdbe34a75eae2733c0c0f77515e62b5e9e7466d46147e7f598799467147f	scripts/build_public_tables.py
thesis/Tables/final/rq1_transitions_full.tex	7	2	0.523	e96dbdbe34a75eae2733c0c0f77515e62b5e9e7466d46147e7f598799467147f	scripts/build_public_tables.py
thesis/Tables/final/rq1_transitions_full.tex	7	3	130	e96dbdbe34a75eae2733c0c0f77515e62b5e9e7466d46147e7f598799467147f	scripts/build_public_tables.py
thesis/Tables/final/rq1_transitions_full.tex	7	4	0.255	e96dbdbe34a75eae2733c0c0f77515e62b5e9e7466d46147e7f598799467147f	scripts/build_public_tables.py
thesis/Tables/final/rq1_transitions_full.tex	7	5	0.049	e96dbdbe34a75eae2733c0c0f77515e62b5e9e7466d46147e7f598799467147f	scripts/build_public_tables.py
thesis/Tables/final/rq1_transitions_full.tex	7	6	1,251	e96dbdbe34a75eae2733c0c0f77515e62b5e9e7466d46147e7f598799467147f	scripts/build_public_tables.py
thesis/Tables/final/rq1_transitions_full.tex	7	7	$-$991	e96dbdbe34a75eae2733c0c0f77515e62b5e9e7466d46147e7f598799467147f	scripts/build_public_tables.py
thesis/Tables/final/rq1_transitions_full.tex	8	1	597	e96dbdbe34a75eae2733c0c0f77515e62b5e9e7466d46147e7f598799467147f	scripts/build_public_tables.py
thesis/Tables/final/rq1_transitions_full.tex	8	2	0.278	e96dbdbe34a75eae2733c0c0f77515e62b5e9e7466d46147e7f598799467147f	scripts/build_public_tables.py
thesis/Tables/final/rq1_transitions_full.tex	8	3	105	e96dbdbe34a75eae2733c0c0f77515e62b5e9e7466d46147e7f598799467147f	scripts/build_public_tables.py
thesis/Tables/final/rq1_transitions_full.tex	8	4	0.206	e96dbdbe34a75eae2733c0c0f77515e62b5e9e7466d46147e7f598799467147f	scripts/build_public_tables.py
thesis/Tables/final/rq1_transitions_full.tex	8	5	0.040	e96dbdbe34a75eae2733c0c0f77515e62b5e9e7466d46147e7f598799467147f	scripts/build_public_tables.py
thesis/Tables/final/rq1_transitions_full.tex	8	6	702	e96dbdbe34a75eae2733c0c0f77515e62b5e9e7466d46147e7f598799467147f	scripts/build_public_tables.py
thesis/Tables/final/rq1_transitions_full.tex	8	7	$-$492	e96dbdbe34a75eae2733c0c0f77515e62b5e9e7466d46147e7f598799467147f	scripts/build_public_tables.py
thesis/Tables/final/rq1_transitions_full.tex	9	1	577	e96dbdbe34a75eae2733c0c0f77515e62b5e9e7466d46147e7f598799467147f	scripts/build_public_tables.py
thesis/Tables/final/rq1_transitions_full.tex	9	2	0.269	e96dbdbe34a75eae2733c0c0f77515e62b5e9e7466d46147e7f598799467147f	scripts/build_public_tables.py
thesis/Tables/final/rq1_transitions_full.tex	9	3	109	e96dbdbe34a75eae2733c0c0f77515e62b5e9e7466d46147e7f598799467147f	scripts/build_public_tables.py
thesis/Tables/final/rq1_transitions_full.tex	9	4	0.214	e96dbdbe34a75eae2733c0c0f77515e62b5e9e7466d46147e7f598799467147f	scripts/build_public_tables.py
thesis/Tables/final/rq1_transitions_full.tex	9	5	0.041	e96dbdbe34a75eae2733c0c0f77515e62b5e9e7466d46147e7f598799467147f	scripts/build_public_tables.py
thesis/Tables/final/rq1_transitions_full.tex	9	6	686	e96dbdbe34a75eae2733c0c0f77515e62b5e9e7466d46147e7f598799467147f	scripts/build_public_tables.py
thesis/Tables/final/rq1_transitions_full.tex	9	7	$-$468	e96dbdbe34a75eae2733c0c0f77515e62b5e9e7466d46147e7f598799467147f	scripts/build_public_tables.py
thesis/Tables/final/rq1_transitions_full.tex	10	1	103	e96dbdbe34a75eae2733c0c0f77515e62b5e9e7466d46147e7f598799467147f	scripts/build_public_tables.py
thesis/Tables/final/rq1_transitions_full.tex	10	2	0.048	e96dbdbe34a75eae2733c0c0f77515e62b5e9e7466d46147e7f598799467147f	scripts/build_public_tables.py
thesis/Tables/final/rq1_transitions_full.tex	10	3	88	e96dbdbe34a75eae2733c0c0f77515e62b5e9e7466d46147e7f598799467147f	scripts/build_public_tables.py
thesis/Tables/final/rq1_transitions_full.tex	10	4	0.173	e96dbdbe34a75eae2733c0c0f77515e62b5e9e7466d46147e7f598799467147f	scripts/build_public_tables.py
thesis/Tables/final/rq1_transitions_full.tex	10	5	0.033	e96dbdbe34a75eae2733c0c0f77515e62b5e9e7466d46147e7f598799467147f	scripts/build_public_tables.py
thesis/Tables/final/rq1_transitions_full.tex	10	6	191	e96dbdbe34a75eae2733c0c0f77515e62b5e9e7466d46147e7f598799467147f	scripts/build_public_tables.py
thesis/Tables/final/rq1_transitions_full.tex	10	7	$-$15	e96dbdbe34a75eae2733c0c0f77515e62b5e9e7466d46147e7f598799467147f	scripts/build_public_tables.py
thesis/Tables/final/rq1_transitions_full.tex	11	1	720	e96dbdbe34a75eae2733c0c0f77515e62b5e9e7466d46147e7f598799467147f	scripts/build_public_tables.py
thesis/Tables/final/rq1_transitions_full.tex	11	2	0.333	e96dbdbe34a75eae2733c0c0f77515e62b5e9e7466d46147e7f598799467147f	scripts/build_public_tables.py
thesis/Tables/final/rq1_transitions_full.tex	11	3	133	e96dbdbe34a75eae2733c0c0f77515e62b5e9e7466d46147e7f598799467147f	scripts/build_public_tables.py
thesis/Tables/final/rq1_transitions_full.tex	11	4	0.270	e96dbdbe34a75eae2733c0c0f77515e62b5e9e7466d46147e7f598799467147f	scripts/build_public_tables.py
thesis/Tables/final/rq1_transitions_full.tex	11	5	0.050	e96dbdbe34a75eae2733c0c0f77515e62b5e9e7466d46147e7f598799467147f	scripts/build_public_tables.py
thesis/Tables/final/rq1_transitions_full.tex	11	6	853	e96dbdbe34a75eae2733c0c0f77515e62b5e9e7466d46147e7f598799467147f	scripts/build_public_tables.py
thesis/Tables/final/rq1_transitions_full.tex	11	7	$-$587	e96dbdbe34a75eae2733c0c0f77515e62b5e9e7466d46147e7f598799467147f	scripts/build_public_tables.py
thesis/Tables/final/rq1_transitions_full.tex	12	1	1,006	e96dbdbe34a75eae2733c0c0f77515e62b5e9e7466d46147e7f598799467147f	scripts/build_public_tables.py
thesis/Tables/final/rq1_transitions_full.tex	12	2	0.466	e96dbdbe34a75eae2733c0c0f77515e62b5e9e7466d46147e7f598799467147f	scripts/build_public_tables.py
thesis/Tables/final/rq1_transitions_full.tex	12	3	139	e96dbdbe34a75eae2733c0c0f77515e62b5e9e7466d46147e7f598799467147f	scripts/build_public_tables.py
thesis/Tables/final/rq1_transitions_full.tex	12	4	0.282	e96dbdbe34a75eae2733c0c0f77515e62b5e9e7466d46147e7f598799467147f	scripts/build_public_tables.py
thesis/Tables/final/rq1_transitions_full.tex	12	5	0.052	e96dbdbe34a75eae2733c0c0f77515e62b5e9e7466d46147e7f598799467147f	scripts/build_public_tables.py
thesis/Tables/final/rq1_transitions_full.tex	12	6	1,145	e96dbdbe34a75eae2733c0c0f77515e62b5e9e7466d46147e7f598799467147f	scripts/build_public_tables.py
thesis/Tables/final/rq1_transitions_full.tex	12	7	$-$867	e96dbdbe34a75eae2733c0c0f77515e62b5e9e7466d46147e7f598799467147f	scripts/build_public_tables.py
thesis/Tables/final/rq1_transitions_full.tex	13	1	467	e96dbdbe34a75eae2733c0c0f77515e62b5e9e7466d46147e7f598799467147f	scripts/build_public_tables.py
thesis/Tables/final/rq1_transitions_full.tex	13	2	0.216	e96dbdbe34a75eae2733c0c0f77515e62b5e9e7466d46147e7f598799467147f	scripts/build_public_tables.py
thesis/Tables/final/rq1_transitions_full.tex	13	3	114	e96dbdbe34a75eae2733c0c0f77515e62b5e9e7466d46147e7f598799467147f	scripts/build_public_tables.py
thesis/Tables/final/rq1_transitions_full.tex	13	4	0.231	e96dbdbe34a75eae2733c0c0f77515e62b5e9e7466d46147e7f598799467147f	scripts/build_public_tables.py
thesis/Tables/final/rq1_transitions_full.tex	13	5	0.043	e96dbdbe34a75eae2733c0c0f77515e62b5e9e7466d46147e7f598799467147f	scripts/build_public_tables.py
thesis/Tables/final/rq1_transitions_full.tex	13	6	581	e96dbdbe34a75eae2733c0c0f77515e62b5e9e7466d46147e7f598799467147f	scripts/build_public_tables.py
thesis/Tables/final/rq1_transitions_full.tex	13	7	$-$353	e96dbdbe34a75eae2733c0c0f77515e62b5e9e7466d46147e7f598799467147f	scripts/build_public_tables.py
thesis/Tables/final/rq1_transitions_full.tex	14	1	499	e96dbdbe34a75eae2733c0c0f77515e62b5e9e7466d46147e7f598799467147f	scripts/build_public_tables.py
thesis/Tables/final/rq1_transitions_full.tex	14	2	0.231	e96dbdbe34a75eae2733c0c0f77515e62b5e9e7466d46147e7f598799467147f	scripts/build_public_tables.py
thesis/Tables/final/rq1_transitions_full.tex	14	3	104	e96dbdbe34a75eae2733c0c0f77515e62b5e9e7466d46147e7f598799467147f	scripts/build_public_tables.py
thesis/Tables/final/rq1_transitions_full.tex	14	4	0.211	e96dbdbe34a75eae2733c0c0f77515e62b5e9e7466d46147e7f598799467147f	scripts/build_public_tables.py
thesis/Tables/final/rq1_transitions_full.tex	14	5	0.039	e96dbdbe34a75eae2733c0c0f77515e62b5e9e7466d46147e7f598799467147f	scripts/build_public_tables.py
thesis/Tables/final/rq1_transitions_full.tex	14	6	603	e96dbdbe34a75eae2733c0c0f77515e62b5e9e7466d46147e7f598799467147f	scripts/build_public_tables.py
thesis/Tables/final/rq1_transitions_full.tex	14	7	$-$395	e96dbdbe34a75eae2733c0c0f77515e62b5e9e7466d46147e7f598799467147f	scripts/build_public_tables.py
thesis/Tables/final/rq1_transitions_full.tex	15	1	98	e96dbdbe34a75eae2733c0c0f77515e62b5e9e7466d46147e7f598799467147f	scripts/build_public_tables.py
thesis/Tables/final/rq1_transitions_full.tex	15	2	0.045	e96dbdbe34a75eae2733c0c0f77515e62b5e9e7466d46147e7f598799467147f	scripts/build_public_tables.py
thesis/Tables/final/rq1_transitions_full.tex	15	3	68	e96dbdbe34a75eae2733c0c0f77515e62b5e9e7466d46147e7f598799467147f	scripts/build_public_tables.py
thesis/Tables/final/rq1_transitions_full.tex	15	4	0.138	e96dbdbe34a75eae2733c0c0f77515e62b5e9e7466d46147e7f598799467147f	scripts/build_public_tables.py
thesis/Tables/final/rq1_transitions_full.tex	15	5	0.026	e96dbdbe34a75eae2733c0c0f77515e62b5e9e7466d46147e7f598799467147f	scripts/build_public_tables.py
thesis/Tables/final/rq1_transitions_full.tex	15	6	166	e96dbdbe34a75eae2733c0c0f77515e62b5e9e7466d46147e7f598799467147f	scripts/build_public_tables.py
thesis/Tables/final/rq1_transitions_full.tex	15	7	$-$30	e96dbdbe34a75eae2733c0c0f77515e62b5e9e7466d46147e7f598799467147f	scripts/build_public_tables.py
thesis/Tables/final/rq1_transitions_full.tex	16	1	603	e96dbdbe34a75eae2733c0c0f77515e62b5e9e7466d46147e7f598799467147f	scripts/build_public_tables.py
thesis/Tables/final/rq1_transitions_full.tex	16	2	0.279	e96dbdbe34a75eae2733c0c0f77515e62b5e9e7466d46147e7f598799467147f	scripts/build_public_tables.py
thesis/Tables/final/rq1_transitions_full.tex	16	3	102	e96dbdbe34a75eae2733c0c0f77515e62b5e9e7466d46147e7f598799467147f	scripts/build_public_tables.py
thesis/Tables/final/rq1_transitions_full.tex	16	4	0.208	e96dbdbe34a75eae2733c0c0f77515e62b5e9e7466d46147e7f598799467147f	scripts/build_public_tables.py
thesis/Tables/final/rq1_transitions_full.tex	16	5	0.038	e96dbdbe34a75eae2733c0c0f77515e62b5e9e7466d46147e7f598799467147f	scripts/build_public_tables.py
thesis/Tables/final/rq1_transitions_full.tex	16	6	705	e96dbdbe34a75eae2733c0c0f77515e62b5e9e7466d46147e7f598799467147f	scripts/build_public_tables.py
thesis/Tables/final/rq1_transitions_full.tex	16	7	$-$501	e96dbdbe34a75eae2733c0c0f77515e62b5e9e7466d46147e7f598799467147f	scripts/build_public_tables.py
thesis/Tables/final/rq1_transitions_full.tex	17	1	912	e96dbdbe34a75eae2733c0c0f77515e62b5e9e7466d46147e7f598799467147f	scripts/build_public_tables.py
thesis/Tables/final/rq1_transitions_full.tex	17	2	0.422	e96dbdbe34a75eae2733c0c0f77515e62b5e9e7466d46147e7f598799467147f	scripts/build_public_tables.py
thesis/Tables/final/rq1_transitions_full.tex	17	3	126	e96dbdbe34a75eae2733c0c0f77515e62b5e9e7466d46147e7f598799467147f	scripts/build_public_tables.py
thesis/Tables/final/rq1_transitions_full.tex	17	4	0.257	e96dbdbe34a75eae2733c0c0f77515e62b5e9e7466d46147e7f598799467147f	scripts/build_public_tables.py
thesis/Tables/final/rq1_transitions_full.tex	17	5	0.047	e96dbdbe34a75eae2733c0c0f77515e62b5e9e7466d46147e7f598799467147f	scripts/build_public_tables.py
thesis/Tables/final/rq1_transitions_full.tex	17	6	1,038	e96dbdbe34a75eae2733c0c0f77515e62b5e9e7466d46147e7f598799467147f	scripts/build_public_tables.py
thesis/Tables/final/rq1_transitions_full.tex	17	7	$-$786	e96dbdbe34a75eae2733c0c0f77515e62b5e9e7466d46147e7f598799467147f	scripts/build_public_tables.py
thesis/Tables/final/rq1_transitions_full.tex	18	1	450	e96dbdbe34a75eae2733c0c0f77515e62b5e9e7466d46147e7f598799467147f	scripts/build_public_tables.py
thesis/Tables/final/rq1_transitions_full.tex	18	2	0.208	e96dbdbe34a75eae2733c0c0f77515e62b5e9e7466d46147e7f598799467147f	scripts/build_public_tables.py
thesis/Tables/final/rq1_transitions_full.tex	18	3	92	e96dbdbe34a75eae2733c0c0f77515e62b5e9e7466d46147e7f598799467147f	scripts/build_public_tables.py
thesis/Tables/final/rq1_transitions_full.tex	18	4	0.188	e96dbdbe34a75eae2733c0c0f77515e62b5e9e7466d46147e7f598799467147f	scripts/build_public_tables.py
thesis/Tables/final/rq1_transitions_full.tex	18	5	0.035	e96dbdbe34a75eae2733c0c0f77515e62b5e9e7466d46147e7f598799467147f	scripts/build_public_tables.py
thesis/Tables/final/rq1_transitions_full.tex	18	6	542	e96dbdbe34a75eae2733c0c0f77515e62b5e9e7466d46147e7f598799467147f	scripts/build_public_tables.py
thesis/Tables/final/rq1_transitions_full.tex	18	7	$-$358	e96dbdbe34a75eae2733c0c0f77515e62b5e9e7466d46147e7f598799467147f	scripts/build_public_tables.py
thesis/Tables/final/rq1_transitions_full.tex	19	1	456	e96dbdbe34a75eae2733c0c0f77515e62b5e9e7466d46147e7f598799467147f	scripts/build_public_tables.py
thesis/Tables/final/rq1_transitions_full.tex	19	2	0.211	e96dbdbe34a75eae2733c0c0f77515e62b5e9e7466d46147e7f598799467147f	scripts/build_public_tables.py
thesis/Tables/final/rq1_transitions_full.tex	19	3	98	e96dbdbe34a75eae2733c0c0f77515e62b5e9e7466d46147e7f598799467147f	scripts/build_public_tables.py
thesis/Tables/final/rq1_transitions_full.tex	19	4	0.200	e96dbdbe34a75eae2733c0c0f77515e62b5e9e7466d46147e7f598799467147f	scripts/build_public_tables.py
thesis/Tables/final/rq1_transitions_full.tex	19	5	0.037	e96dbdbe34a75eae2733c0c0f77515e62b5e9e7466d46147e7f598799467147f	scripts/build_public_tables.py
thesis/Tables/final/rq1_transitions_full.tex	19	6	554	e96dbdbe34a75eae2733c0c0f77515e62b5e9e7466d46147e7f598799467147f	scripts/build_public_tables.py
thesis/Tables/final/rq1_transitions_full.tex	19	7	$-$358	e96dbdbe34a75eae2733c0c0f77515e62b5e9e7466d46147e7f598799467147f	scripts/build_public_tables.py
thesis/Tables/final/rq1_transitions_full.tex	20	1	113	e96dbdbe34a75eae2733c0c0f77515e62b5e9e7466d46147e7f598799467147f	scripts/build_public_tables.py
thesis/Tables/final/rq1_transitions_full.tex	20	2	0.052	e96dbdbe34a75eae2733c0c0f77515e62b5e9e7466d46147e7f598799467147f	scripts/build_public_tables.py
thesis/Tables/final/rq1_transitions_full.tex	20	3	86	e96dbdbe34a75eae2733c0c0f77515e62b5e9e7466d46147e7f598799467147f	scripts/build_public_tables.py
thesis/Tables/final/rq1_transitions_full.tex	20	4	0.176	e96dbdbe34a75eae2733c0c0f77515e62b5e9e7466d46147e7f598799467147f	scripts/build_public_tables.py
thesis/Tables/final/rq1_transitions_full.tex	20	5	0.032	e96dbdbe34a75eae2733c0c0f77515e62b5e9e7466d46147e7f598799467147f	scripts/build_public_tables.py
thesis/Tables/final/rq1_transitions_full.tex	20	6	199	e96dbdbe34a75eae2733c0c0f77515e62b5e9e7466d46147e7f598799467147f	scripts/build_public_tables.py
thesis/Tables/final/rq1_transitions_full.tex	20	7	$-$27	e96dbdbe34a75eae2733c0c0f77515e62b5e9e7466d46147e7f598799467147f	scripts/build_public_tables.py
thesis/Tables/final/rq1_transitions_compact.tex	1	1	984 (46.09\%)	5d4a3f3c8237373a8d5865135917afa4d5293832b3e85b84b0d5c0f6e4db3075	scripts/build_public_tables.py
thesis/Tables/final/rq1_transitions_compact.tex	1	2	131 (25.29\%)	5d4a3f3c8237373a8d5865135917afa4d5293832b3e85b84b0d5c0f6e4db3075	scripts/build_public_tables.py
thesis/Tables/final/rq1_transitions_compact.tex	2	1	953 (44.45\%)	5d4a3f3c8237373a8d5865135917afa4d5293832b3e85b84b0d5c0f6e4db3075	scripts/build_public_tables.py
thesis/Tables/final/rq1_transitions_compact.tex	2	2	108 (21.22\%)	5d4a3f3c8237373a8d5865135917afa4d5293832b3e85b84b0d5c0f6e4db3075	scripts/build_public_tables.py
thesis/Tables/final/rq1_transitions_compact.tex	3	1	720 (33.33\%)	5d4a3f3c8237373a8d5865135917afa4d5293832b3e85b84b0d5c0f6e4db3075	scripts/build_public_tables.py
thesis/Tables/final/rq1_transitions_compact.tex	3	2	133 (26.98\%)	5d4a3f3c8237373a8d5865135917afa4d5293832b3e85b84b0d5c0f6e4db3075	scripts/build_public_tables.py
thesis/Tables/final/rq1_transitions_compact.tex	4	1	603 (27.88\%)	5d4a3f3c8237373a8d5865135917afa4d5293832b3e85b84b0d5c0f6e4db3075	scripts/build_public_tables.py
thesis/Tables/final/rq1_transitions_compact.tex	4	2	102 (20.82\%)	5d4a3f3c8237373a8d5865135917afa4d5293832b3e85b84b0d5c0f6e4db3075	scripts/build_public_tables.py
thesis/Tables/final/rq1_transitions_compact.tex	5	1	1,108 (51.90\%)	5d4a3f3c8237373a8d5865135917afa4d5293832b3e85b84b0d5c0f6e4db3075	scripts/build_public_tables.py
thesis/Tables/final/rq1_transitions_compact.tex	5	2	1,243 (46.85\%)	5d4a3f3c8237373a8d5865135917afa4d5293832b3e85b84b0d5c0f6e4db3075	scripts/build_public_tables.py
thesis/Tables/final/rq1_transitions_compact.tex	5	3	139 (5.24\%)	5d4a3f3c8237373a8d5865135917afa4d5293832b3e85b84b0d5c0f6e4db3075	scripts/build_public_tables.py
thesis/Tables/final/rq1_transitions_compact.tex	6	1	1,121 (52.29\%)	5d4a3f3c8237373a8d5865135917afa4d5293832b3e85b84b0d5c0f6e4db3075	scripts/build_public_tables.py
thesis/Tables/final/rq1_transitions_compact.tex	6	2	1,251 (47.15\%)	5d4a3f3c8237373a8d5865135917afa4d5293832b3e85b84b0d5c0f6e4db3075	scripts/build_public_tables.py
thesis/Tables/final/rq1_transitions_compact.tex	6	3	191 (7.20\%)	5d4a3f3c8237373a8d5865135917afa4d5293832b3e85b84b0d5c0f6e4db3075	scripts/build_public_tables.py
thesis/Tables/final/rq1_transitions_compact.tex	7	1	1,006 (46.57\%)	5d4a3f3c8237373a8d5865135917afa4d5293832b3e85b84b0d5c0f6e4db3075	scripts/build_public_tables.py
thesis/Tables/final/rq1_transitions_compact.tex	7	2	1,145 (43.16\%)	5d4a3f3c8237373a8d5865135917afa4d5293832b3e85b84b0d5c0f6e4db3075	scripts/build_public_tables.py
thesis/Tables/final/rq1_transitions_compact.tex	7	3	166 (6.26\%)	5d4a3f3c8237373a8d5865135917afa4d5293832b3e85b84b0d5c0f6e4db3075	scripts/build_public_tables.py
thesis/Tables/final/rq1_transitions_compact.tex	8	1	912 (42.16\%)	5d4a3f3c8237373a8d5865135917afa4d5293832b3e85b84b0d5c0f6e4db3075	scripts/build_public_tables.py
thesis/Tables/final/rq1_transitions_compact.tex	8	2	1,038 (39.13\%)	5d4a3f3c8237373a8d5865135917afa4d5293832b3e85b84b0d5c0f6e4db3075	scripts/build_public_tables.py
thesis/Tables/final/rq1_transitions_compact.tex	8	3	199 (7.50\%)	5d4a3f3c8237373a8d5865135917afa4d5293832b3e85b84b0d5c0f6e4db3075	scripts/build_public_tables.py
thesis/Tables/final/rq2_drift.tex	1	1	0.0835	b08325c572816781186e47569c8f19e5bff81920132f7ae18f04df947cfe07ce	scripts/build_public_tables.py
thesis/Tables/final/rq2_drift.tex	1	2	[0.0821, 0.0850]	b08325c572816781186e47569c8f19e5bff81920132f7ae18f04df947cfe07ce	scripts/build_public_tables.py
thesis/Tables/final/rq2_drift.tex	1	3	2,653	b08325c572816781186e47569c8f19e5bff81920132f7ae18f04df947cfe07ce	scripts/build_public_tables.py
thesis/Tables/final/rq2_drift.tex	2	1	0.0882	b08325c572816781186e47569c8f19e5bff81920132f7ae18f04df947cfe07ce	scripts/build_public_tables.py
thesis/Tables/final/rq2_drift.tex	2	2	[0.0869, 0.0896]	b08325c572816781186e47569c8f19e5bff81920132f7ae18f04df947cfe07ce	scripts/build_public_tables.py
thesis/Tables/final/rq2_drift.tex	2	3	2,653	b08325c572816781186e47569c8f19e5bff81920132f7ae18f04df947cfe07ce	scripts/build_public_tables.py
thesis/Tables/final/rq2_drift.tex	3	1	0.0762	b08325c572816781186e47569c8f19e5bff81920132f7ae18f04df947cfe07ce	scripts/build_public_tables.py
thesis/Tables/final/rq2_drift.tex	3	2	[0.0747, 0.0777]	b08325c572816781186e47569c8f19e5bff81920132f7ae18f04df947cfe07ce	scripts/build_public_tables.py
thesis/Tables/final/rq2_drift.tex	3	3	2,653	b08325c572816781186e47569c8f19e5bff81920132f7ae18f04df947cfe07ce	scripts/build_public_tables.py
thesis/Tables/final/rq2_drift.tex	4	1	0.0769	b08325c572816781186e47569c8f19e5bff81920132f7ae18f04df947cfe07ce	scripts/build_public_tables.py
thesis/Tables/final/rq2_drift.tex	4	2	[0.0754, 0.0784]	b08325c572816781186e47569c8f19e5bff81920132f7ae18f04df947cfe07ce	scripts/build_public_tables.py
thesis/Tables/final/rq2_drift.tex	4	3	2,653	b08325c572816781186e47569c8f19e5bff81920132f7ae18f04df947cfe07ce	scripts/build_public_tables.py
thesis/Tables/final/rq2_drift.tex	5	1	0.0575	b08325c572816781186e47569c8f19e5bff81920132f7ae18f04df947cfe07ce	scripts/build_public_tables.py
thesis/Tables/final/rq2_drift.tex	5	2	[0.0559, 0.0592]	b08325c572816781186e47569c8f19e5bff81920132f7ae18f04df947cfe07ce	scripts/build_public_tables.py
thesis/Tables/final/rq2_drift.tex	5	3	2,652	b08325c572816781186e47569c8f19e5bff81920132f7ae18f04df947cfe07ce	scripts/build_public_tables.py
thesis/Tables/final/rq2_drift.tex	6	1	0.0817	b08325c572816781186e47569c8f19e5bff81920132f7ae18f04df947cfe07ce	scripts/build_public_tables.py
thesis/Tables/final/rq2_drift.tex	6	2	[0.0802, 0.0831]	b08325c572816781186e47569c8f19e5bff81920132f7ae18f04df947cfe07ce	scripts/build_public_tables.py
thesis/Tables/final/rq2_drift.tex	6	3	2,653	b08325c572816781186e47569c8f19e5bff81920132f7ae18f04df947cfe07ce	scripts/build_public_tables.py
thesis/Tables/final/rq2_drift.tex	7	1	0.0886	b08325c572816781186e47569c8f19e5bff81920132f7ae18f04df947cfe07ce	scripts/build_public_tables.py
thesis/Tables/final/rq2_drift.tex	7	2	[0.0873, 0.0899]	b08325c572816781186e47569c8f19e5bff81920132f7ae18f04df947cfe07ce	scripts/build_public_tables.py
thesis/Tables/final/rq2_drift.tex	7	3	2,653	b08325c572816781186e47569c8f19e5bff81920132f7ae18f04df947cfe07ce	scripts/build_public_tables.py
thesis/Tables/final/rq2_drift.tex	8	1	0.0758	b08325c572816781186e47569c8f19e5bff81920132f7ae18f04df947cfe07ce	scripts/build_public_tables.py
thesis/Tables/final/rq2_drift.tex	8	2	[0.0743, 0.0773]	b08325c572816781186e47569c8f19e5bff81920132f7ae18f04df947cfe07ce	scripts/build_public_tables.py
thesis/Tables/final/rq2_drift.tex	8	3	2,653	b08325c572816781186e47569c8f19e5bff81920132f7ae18f04df947cfe07ce	scripts/build_public_tables.py
thesis/Tables/final/rq2_drift.tex	9	1	0.0745	b08325c572816781186e47569c8f19e5bff81920132f7ae18f04df947cfe07ce	scripts/build_public_tables.py
thesis/Tables/final/rq2_drift.tex	9	2	[0.0731, 0.0761]	b08325c572816781186e47569c8f19e5bff81920132f7ae18f04df947cfe07ce	scripts/build_public_tables.py
thesis/Tables/final/rq2_drift.tex	9	3	2,653	b08325c572816781186e47569c8f19e5bff81920132f7ae18f04df947cfe07ce	scripts/build_public_tables.py
thesis/Tables/final/rq2_drift.tex	10	1	0.0604	b08325c572816781186e47569c8f19e5bff81920132f7ae18f04df947cfe07ce	scripts/build_public_tables.py
thesis/Tables/final/rq2_drift.tex	10	2	[0.0588, 0.0620]	b08325c572816781186e47569c8f19e5bff81920132f7ae18f04df947cfe07ce	scripts/build_public_tables.py
thesis/Tables/final/rq2_drift.tex	10	3	2,653	b08325c572816781186e47569c8f19e5bff81920132f7ae18f04df947cfe07ce	scripts/build_public_tables.py
thesis/Tables/final/rq2_drift.tex	11	1	0.0745	b08325c572816781186e47569c8f19e5bff81920132f7ae18f04df947cfe07ce	scripts/build_public_tables.py
thesis/Tables/final/rq2_drift.tex	11	2	[0.0731, 0.0760]	b08325c572816781186e47569c8f19e5bff81920132f7ae18f04df947cfe07ce	scripts/build_public_tables.py
thesis/Tables/final/rq2_drift.tex	11	3	2,652	b08325c572816781186e47569c8f19e5bff81920132f7ae18f04df947cfe07ce	scripts/build_public_tables.py
thesis/Tables/final/rq2_drift.tex	12	1	0.0788	b08325c572816781186e47569c8f19e5bff81920132f7ae18f04df947cfe07ce	scripts/build_public_tables.py
thesis/Tables/final/rq2_drift.tex	12	2	[0.0774, 0.0801]	b08325c572816781186e47569c8f19e5bff81920132f7ae18f04df947cfe07ce	scripts/build_public_tables.py
thesis/Tables/final/rq2_drift.tex	12	3	2,652	b08325c572816781186e47569c8f19e5bff81920132f7ae18f04df947cfe07ce	scripts/build_public_tables.py
thesis/Tables/final/rq2_drift.tex	13	1	0.0669	b08325c572816781186e47569c8f19e5bff81920132f7ae18f04df947cfe07ce	scripts/build_public_tables.py
thesis/Tables/final/rq2_drift.tex	13	2	[0.0654, 0.0684]	b08325c572816781186e47569c8f19e5bff81920132f7ae18f04df947cfe07ce	scripts/build_public_tables.py
thesis/Tables/final/rq2_drift.tex	13	3	2,652	b08325c572816781186e47569c8f19e5bff81920132f7ae18f04df947cfe07ce	scripts/build_public_tables.py
thesis/Tables/final/rq2_drift.tex	14	1	0.0681	b08325c572816781186e47569c8f19e5bff81920132f7ae18f04df947cfe07ce	scripts/build_public_tables.py
thesis/Tables/final/rq2_drift.tex	14	2	[0.0666, 0.0695]	b08325c572816781186e47569c8f19e5bff81920132f7ae18f04df947cfe07ce	scripts/build_public_tables.py
thesis/Tables/final/rq2_drift.tex	14	3	2,651	b08325c572816781186e47569c8f19e5bff81920132f7ae18f04df947cfe07ce	scripts/build_public_tables.py
thesis/Tables/final/rq2_drift.tex	15	1	0.0496	b08325c572816781186e47569c8f19e5bff81920132f7ae18f04df947cfe07ce	scripts/build_public_tables.py
thesis/Tables/final/rq2_drift.tex	15	2	[0.0480, 0.0512]	b08325c572816781186e47569c8f19e5bff81920132f7ae18f04df947cfe07ce	scripts/build_public_tables.py
thesis/Tables/final/rq2_drift.tex	15	3	2,651	b08325c572816781186e47569c8f19e5bff81920132f7ae18f04df947cfe07ce	scripts/build_public_tables.py
thesis/Tables/final/rq2_drift.tex	16	1	0.0770	b08325c572816781186e47569c8f19e5bff81920132f7ae18f04df947cfe07ce	scripts/build_public_tables.py
thesis/Tables/final/rq2_drift.tex	16	2	[0.0756, 0.0785]	b08325c572816781186e47569c8f19e5bff81920132f7ae18f04df947cfe07ce	scripts/build_public_tables.py
thesis/Tables/final/rq2_drift.tex	16	3	2,653	b08325c572816781186e47569c8f19e5bff81920132f7ae18f04df947cfe07ce	scripts/build_public_tables.py
thesis/Tables/final/rq2_drift.tex	17	1	0.0890	b08325c572816781186e47569c8f19e5bff81920132f7ae18f04df947cfe07ce	scripts/build_public_tables.py
thesis/Tables/final/rq2_drift.tex	17	2	[0.0875, 0.0906]	b08325c572816781186e47569c8f19e5bff81920132f7ae18f04df947cfe07ce	scripts/build_public_tables.py
thesis/Tables/final/rq2_drift.tex	17	3	2,653	b08325c572816781186e47569c8f19e5bff81920132f7ae18f04df947cfe07ce	scripts/build_public_tables.py
thesis/Tables/final/rq2_drift.tex	18	1	0.0716	b08325c572816781186e47569c8f19e5bff81920132f7ae18f04df947cfe07ce	scripts/build_public_tables.py
thesis/Tables/final/rq2_drift.tex	18	2	[0.0700, 0.0731]	b08325c572816781186e47569c8f19e5bff81920132f7ae18f04df947cfe07ce	scripts/build_public_tables.py
thesis/Tables/final/rq2_drift.tex	18	3	2,652	b08325c572816781186e47569c8f19e5bff81920132f7ae18f04df947cfe07ce	scripts/build_public_tables.py
thesis/Tables/final/rq2_drift.tex	19	1	0.0705	b08325c572816781186e47569c8f19e5bff81920132f7ae18f04df947cfe07ce	scripts/build_public_tables.py
thesis/Tables/final/rq2_drift.tex	19	2	[0.0690, 0.0721]	b08325c572816781186e47569c8f19e5bff81920132f7ae18f04df947cfe07ce	scripts/build_public_tables.py
thesis/Tables/final/rq2_drift.tex	19	3	2,652	b08325c572816781186e47569c8f19e5bff81920132f7ae18f04df947cfe07ce	scripts/build_public_tables.py
thesis/Tables/final/rq2_drift.tex	20	1	0.0590	b08325c572816781186e47569c8f19e5bff81920132f7ae18f04df947cfe07ce	scripts/build_public_tables.py
thesis/Tables/final/rq2_drift.tex	20	2	[0.0574, 0.0607]	b08325c572816781186e47569c8f19e5bff81920132f7ae18f04df947cfe07ce	scripts/build_public_tables.py
thesis/Tables/final/rq2_drift.tex	20	3	2,652	b08325c572816781186e47569c8f19e5bff81920132f7ae18f04df947cfe07ce	scripts/build_public_tables.py
thesis/Tables/final/rq2_known_change.tex	1	1	200	25892595fed0d2918a02f2cc8baf2a36c5ae719143a83f6d946c689dbe35477a	scripts/build_public_tables.py
thesis/Tables/final/rq2_known_change.tex	1	2	0.0779	25892595fed0d2918a02f2cc8baf2a36c5ae719143a83f6d946c689dbe35477a	scripts/build_public_tables.py
thesis/Tables/final/rq2_known_change.tex	1	3	0.1033	25892595fed0d2918a02f2cc8baf2a36c5ae719143a83f6d946c689dbe35477a	scripts/build_public_tables.py
thesis/Tables/final/rq2_known_change.tex	1	4	+0.0254	25892595fed0d2918a02f2cc8baf2a36c5ae719143a83f6d946c689dbe35477a	scripts/build_public_tables.py
thesis/Tables/final/rq2_known_change.tex	1	5	[0.0196, 0.0312]	25892595fed0d2918a02f2cc8baf2a36c5ae719143a83f6d946c689dbe35477a	scripts/build_public_tables.py
thesis/Tables/final/rq2_known_change.tex	2	1	200	25892595fed0d2918a02f2cc8baf2a36c5ae719143a83f6d946c689dbe35477a	scripts/build_public_tables.py
thesis/Tables/final/rq2_known_change.tex	2	2	0.0790	25892595fed0d2918a02f2cc8baf2a36c5ae719143a83f6d946c689dbe35477a	scripts/build_public_tables.py
thesis/Tables/final/rq2_known_change.tex	2	3	0.1043	25892595fed0d2918a02f2cc8baf2a36c5ae719143a83f6d946c689dbe35477a	scripts/build_public_tables.py
thesis/Tables/final/rq2_known_change.tex	2	4	+0.0252	25892595fed0d2918a02f2cc8baf2a36c5ae719143a83f6d946c689dbe35477a	scripts/build_public_tables.py
thesis/Tables/final/rq2_known_change.tex	2	5	[0.0197, 0.0306]	25892595fed0d2918a02f2cc8baf2a36c5ae719143a83f6d946c689dbe35477a	scripts/build_public_tables.py
thesis/Tables/final/rq2_known_change.tex	3	1	200	25892595fed0d2918a02f2cc8baf2a36c5ae719143a83f6d946c689dbe35477a	scripts/build_public_tables.py
thesis/Tables/final/rq2_known_change.tex	3	2	0.0692	25892595fed0d2918a02f2cc8baf2a36c5ae719143a83f6d946c689dbe35477a	scripts/build_public_tables.py
thesis/Tables/final/rq2_known_change.tex	3	3	0.0955	25892595fed0d2918a02f2cc8baf2a36c5ae719143a83f6d946c689dbe35477a	scripts/build_public_tables.py
thesis/Tables/final/rq2_known_change.tex	3	4	+0.0263	25892595fed0d2918a02f2cc8baf2a36c5ae719143a83f6d946c689dbe35477a	scripts/build_public_tables.py
thesis/Tables/final/rq2_known_change.tex	3	5	[0.0199, 0.0328]	25892595fed0d2918a02f2cc8baf2a36c5ae719143a83f6d946c689dbe35477a	scripts/build_public_tables.py
thesis/Tables/final/rq2_known_change.tex	4	1	200	25892595fed0d2918a02f2cc8baf2a36c5ae719143a83f6d946c689dbe35477a	scripts/build_public_tables.py
thesis/Tables/final/rq2_known_change.tex	4	2	0.0739	25892595fed0d2918a02f2cc8baf2a36c5ae719143a83f6d946c689dbe35477a	scripts/build_public_tables.py
thesis/Tables/final/rq2_known_change.tex	4	3	0.0980	25892595fed0d2918a02f2cc8baf2a36c5ae719143a83f6d946c689dbe35477a	scripts/build_public_tables.py
thesis/Tables/final/rq2_known_change.tex	4	4	+0.0241	25892595fed0d2918a02f2cc8baf2a36c5ae719143a83f6d946c689dbe35477a	scripts/build_public_tables.py
thesis/Tables/final/rq2_known_change.tex	4	5	[0.0187, 0.0296]	25892595fed0d2918a02f2cc8baf2a36c5ae719143a83f6d946c689dbe35477a	scripts/build_public_tables.py
thesis/Tables/final/rq2_planned_contrasts.tex	1	1	0.0835	61e67ee33e7592d2652912672fb512acc429f9b758eaa73dd22a661c4a3e4e45	scripts/build_public_tables.py
thesis/Tables/final/rq2_planned_contrasts.tex	1	2	0.0575	61e67ee33e7592d2652912672fb512acc429f9b758eaa73dd22a661c4a3e4e45	scripts/build_public_tables.py
thesis/Tables/final/rq2_planned_contrasts.tex	1	3	0.0260	61e67ee33e7592d2652912672fb512acc429f9b758eaa73dd22a661c4a3e4e45	scripts/build_public_tables.py
thesis/Tables/final/rq2_planned_contrasts.tex	1	4	[0.0243, 0.0277]	61e67ee33e7592d2652912672fb512acc429f9b758eaa73dd22a661c4a3e4e45	scripts/build_public_tables.py
thesis/Tables/final/rq2_planned_contrasts.tex	2	1	0.0882	61e67ee33e7592d2652912672fb512acc429f9b758eaa73dd22a661c4a3e4e45	scripts/build_public_tables.py
thesis/Tables/final/rq2_planned_contrasts.tex	2	2	0.0575	61e67ee33e7592d2652912672fb512acc429f9b758eaa73dd22a661c4a3e4e45	scripts/build_public_tables.py
thesis/Tables/final/rq2_planned_contrasts.tex	2	3	0.0307	61e67ee33e7592d2652912672fb512acc429f9b758eaa73dd22a661c4a3e4e45	scripts/build_public_tables.py
thesis/Tables/final/rq2_planned_contrasts.tex	2	4	[0.0290, 0.0324]	61e67ee33e7592d2652912672fb512acc429f9b758eaa73dd22a661c4a3e4e45	scripts/build_public_tables.py
thesis/Tables/final/rq2_planned_contrasts.tex	3	1	0.0835	61e67ee33e7592d2652912672fb512acc429f9b758eaa73dd22a661c4a3e4e45	scripts/build_public_tables.py
thesis/Tables/final/rq2_planned_contrasts.tex	3	2	0.0882	61e67ee33e7592d2652912672fb512acc429f9b758eaa73dd22a661c4a3e4e45	scripts/build_public_tables.py
thesis/Tables/final/rq2_planned_contrasts.tex	3	3	$-$0.0047	61e67ee33e7592d2652912672fb512acc429f9b758eaa73dd22a661c4a3e4e45	scripts/build_public_tables.py
thesis/Tables/final/rq2_planned_contrasts.tex	3	4	[$-$0.0060, $-$0.0034]	61e67ee33e7592d2652912672fb512acc429f9b758eaa73dd22a661c4a3e4e45	scripts/build_public_tables.py
thesis/Tables/final/rq2_planned_contrasts.tex	4	1	0.0762	61e67ee33e7592d2652912672fb512acc429f9b758eaa73dd22a661c4a3e4e45	scripts/build_public_tables.py
thesis/Tables/final/rq2_planned_contrasts.tex	4	2	0.0769	61e67ee33e7592d2652912672fb512acc429f9b758eaa73dd22a661c4a3e4e45	scripts/build_public_tables.py
thesis/Tables/final/rq2_planned_contrasts.tex	4	3	$-$0.0007	61e67ee33e7592d2652912672fb512acc429f9b758eaa73dd22a661c4a3e4e45	scripts/build_public_tables.py
thesis/Tables/final/rq2_planned_contrasts.tex	4	4	[$-$0.0019, 0.0005]	61e67ee33e7592d2652912672fb512acc429f9b758eaa73dd22a661c4a3e4e45	scripts/build_public_tables.py
thesis/Tables/final/rq2_planned_contrasts.tex	5	1	0.0817	61e67ee33e7592d2652912672fb512acc429f9b758eaa73dd22a661c4a3e4e45	scripts/build_public_tables.py
thesis/Tables/final/rq2_planned_contrasts.tex	5	2	0.0604	61e67ee33e7592d2652912672fb512acc429f9b758eaa73dd22a661c4a3e4e45	scripts/build_public_tables.py
thesis/Tables/final/rq2_planned_contrasts.tex	5	3	0.0212	61e67ee33e7592d2652912672fb512acc429f9b758eaa73dd22a661c4a3e4e45	scripts/build_public_tables.py
thesis/Tables/final/rq2_planned_contrasts.tex	5	4	[0.0196, 0.0229]	61e67ee33e7592d2652912672fb512acc429f9b758eaa73dd22a661c4a3e4e45	scripts/build_public_tables.py
thesis/Tables/final/rq2_planned_contrasts.tex	6	1	0.0886	61e67ee33e7592d2652912672fb512acc429f9b758eaa73dd22a661c4a3e4e45	scripts/build_public_tables.py
thesis/Tables/final/rq2_planned_contrasts.tex	6	2	0.0604	61e67ee33e7592d2652912672fb512acc429f9b758eaa73dd22a661c4a3e4e45	scripts/build_public_tables.py
thesis/Tables/final/rq2_planned_contrasts.tex	6	3	0.0281	61e67ee33e7592d2652912672fb512acc429f9b758eaa73dd22a661c4a3e4e45	scripts/build_public_tables.py
thesis/Tables/final/rq2_planned_contrasts.tex	6	4	[0.0264, 0.0299]	61e67ee33e7592d2652912672fb512acc429f9b758eaa73dd22a661c4a3e4e45	scripts/build_public_tables.py
thesis/Tables/final/rq2_planned_contrasts.tex	7	1	0.0817	61e67ee33e7592d2652912672fb512acc429f9b758eaa73dd22a661c4a3e4e45	scripts/build_public_tables.py
thesis/Tables/final/rq2_planned_contrasts.tex	7	2	0.0886	61e67ee33e7592d2652912672fb512acc429f9b758eaa73dd22a661c4a3e4e45	scripts/build_public_tables.py
thesis/Tables/final/rq2_planned_contrasts.tex	7	3	$-$0.0069	61e67ee33e7592d2652912672fb512acc429f9b758eaa73dd22a661c4a3e4e45	scripts/build_public_tables.py
thesis/Tables/final/rq2_planned_contrasts.tex	7	4	[$-$0.0083, $-$0.0056]	61e67ee33e7592d2652912672fb512acc429f9b758eaa73dd22a661c4a3e4e45	scripts/build_public_tables.py
thesis/Tables/final/rq2_planned_contrasts.tex	8	1	0.0758	61e67ee33e7592d2652912672fb512acc429f9b758eaa73dd22a661c4a3e4e45	scripts/build_public_tables.py
thesis/Tables/final/rq2_planned_contrasts.tex	8	2	0.0745	61e67ee33e7592d2652912672fb512acc429f9b758eaa73dd22a661c4a3e4e45	scripts/build_public_tables.py
thesis/Tables/final/rq2_planned_contrasts.tex	8	3	0.0012	61e67ee33e7592d2652912672fb512acc429f9b758eaa73dd22a661c4a3e4e45	scripts/build_public_tables.py
thesis/Tables/final/rq2_planned_contrasts.tex	8	4	[0.0000, 0.0025]	61e67ee33e7592d2652912672fb512acc429f9b758eaa73dd22a661c4a3e4e45	scripts/build_public_tables.py
thesis/Tables/final/rq2_planned_contrasts.tex	9	1	0.0745	61e67ee33e7592d2652912672fb512acc429f9b758eaa73dd22a661c4a3e4e45	scripts/build_public_tables.py
thesis/Tables/final/rq2_planned_contrasts.tex	9	2	0.0496	61e67ee33e7592d2652912672fb512acc429f9b758eaa73dd22a661c4a3e4e45	scripts/build_public_tables.py
thesis/Tables/final/rq2_planned_contrasts.tex	9	3	0.0249	61e67ee33e7592d2652912672fb512acc429f9b758eaa73dd22a661c4a3e4e45	scripts/build_public_tables.py
thesis/Tables/final/rq2_planned_contrasts.tex	9	4	[0.0232, 0.0267]	61e67ee33e7592d2652912672fb512acc429f9b758eaa73dd22a661c4a3e4e45	scripts/build_public_tables.py
thesis/Tables/final/rq2_planned_contrasts.tex	10	1	0.0788	61e67ee33e7592d2652912672fb512acc429f9b758eaa73dd22a661c4a3e4e45	scripts/build_public_tables.py
thesis/Tables/final/rq2_planned_contrasts.tex	10	2	0.0496	61e67ee33e7592d2652912672fb512acc429f9b758eaa73dd22a661c4a3e4e45	scripts/build_public_tables.py
thesis/Tables/final/rq2_planned_contrasts.tex	10	3	0.0292	61e67ee33e7592d2652912672fb512acc429f9b758eaa73dd22a661c4a3e4e45	scripts/build_public_tables.py
thesis/Tables/final/rq2_planned_contrasts.tex	10	4	[0.0275, 0.0309]	61e67ee33e7592d2652912672fb512acc429f9b758eaa73dd22a661c4a3e4e45	scripts/build_public_tables.py
thesis/Tables/final/rq2_planned_contrasts.tex	11	1	0.0745	61e67ee33e7592d2652912672fb512acc429f9b758eaa73dd22a661c4a3e4e45	scripts/build_public_tables.py
thesis/Tables/final/rq2_planned_contrasts.tex	11	2	0.0788	61e67ee33e7592d2652912672fb512acc429f9b758eaa73dd22a661c4a3e4e45	scripts/build_public_tables.py
thesis/Tables/final/rq2_planned_contrasts.tex	11	3	$-$0.0043	61e67ee33e7592d2652912672fb512acc429f9b758eaa73dd22a661c4a3e4e45	scripts/build_public_tables.py
thesis/Tables/final/rq2_planned_contrasts.tex	11	4	[$-$0.0057, $-$0.0028]	61e67ee33e7592d2652912672fb512acc429f9b758eaa73dd22a661c4a3e4e45	scripts/build_public_tables.py
thesis/Tables/final/rq2_planned_contrasts.tex	12	1	0.0669	61e67ee33e7592d2652912672fb512acc429f9b758eaa73dd22a661c4a3e4e45	scripts/build_public_tables.py
thesis/Tables/final/rq2_planned_contrasts.tex	12	2	0.0681	61e67ee33e7592d2652912672fb512acc429f9b758eaa73dd22a661c4a3e4e45	scripts/build_public_tables.py
thesis/Tables/final/rq2_planned_contrasts.tex	12	3	$-$0.0012	61e67ee33e7592d2652912672fb512acc429f9b758eaa73dd22a661c4a3e4e45	scripts/build_public_tables.py
thesis/Tables/final/rq2_planned_contrasts.tex	12	4	[$-$0.0024, $-$0.0001]	61e67ee33e7592d2652912672fb512acc429f9b758eaa73dd22a661c4a3e4e45	scripts/build_public_tables.py
thesis/Tables/final/rq2_planned_contrasts.tex	13	1	0.0770	61e67ee33e7592d2652912672fb512acc429f9b758eaa73dd22a661c4a3e4e45	scripts/build_public_tables.py
thesis/Tables/final/rq2_planned_contrasts.tex	13	2	0.0590	61e67ee33e7592d2652912672fb512acc429f9b758eaa73dd22a661c4a3e4e45	scripts/build_public_tables.py
thesis/Tables/final/rq2_planned_contrasts.tex	13	3	0.0180	61e67ee33e7592d2652912672fb512acc429f9b758eaa73dd22a661c4a3e4e45	scripts/build_public_tables.py
thesis/Tables/final/rq2_planned_contrasts.tex	13	4	[0.0163, 0.0196]	61e67ee33e7592d2652912672fb512acc429f9b758eaa73dd22a661c4a3e4e45	scripts/build_public_tables.py
thesis/Tables/final/rq2_planned_contrasts.tex	14	1	0.0890	61e67ee33e7592d2652912672fb512acc429f9b758eaa73dd22a661c4a3e4e45	scripts/build_public_tables.py
thesis/Tables/final/rq2_planned_contrasts.tex	14	2	0.0590	61e67ee33e7592d2652912672fb512acc429f9b758eaa73dd22a661c4a3e4e45	scripts/build_public_tables.py
thesis/Tables/final/rq2_planned_contrasts.tex	14	3	0.0300	61e67ee33e7592d2652912672fb512acc429f9b758eaa73dd22a661c4a3e4e45	scripts/build_public_tables.py
thesis/Tables/final/rq2_planned_contrasts.tex	14	4	[0.0281, 0.0319]	61e67ee33e7592d2652912672fb512acc429f9b758eaa73dd22a661c4a3e4e45	scripts/build_public_tables.py
thesis/Tables/final/rq2_planned_contrasts.tex	15	1	0.0770	61e67ee33e7592d2652912672fb512acc429f9b758eaa73dd22a661c4a3e4e45	scripts/build_public_tables.py
thesis/Tables/final/rq2_planned_contrasts.tex	15	2	0.0890	61e67ee33e7592d2652912672fb512acc429f9b758eaa73dd22a661c4a3e4e45	scripts/build_public_tables.py
thesis/Tables/final/rq2_planned_contrasts.tex	15	3	$-$0.0120	61e67ee33e7592d2652912672fb512acc429f9b758eaa73dd22a661c4a3e4e45	scripts/build_public_tables.py
thesis/Tables/final/rq2_planned_contrasts.tex	15	4	[$-$0.0136, $-$0.0103]	61e67ee33e7592d2652912672fb512acc429f9b758eaa73dd22a661c4a3e4e45	scripts/build_public_tables.py
thesis/Tables/final/rq2_planned_contrasts.tex	16	1	0.0716	61e67ee33e7592d2652912672fb512acc429f9b758eaa73dd22a661c4a3e4e45	scripts/build_public_tables.py
thesis/Tables/final/rq2_planned_contrasts.tex	16	2	0.0705	61e67ee33e7592d2652912672fb512acc429f9b758eaa73dd22a661c4a3e4e45	scripts/build_public_tables.py
thesis/Tables/final/rq2_planned_contrasts.tex	16	3	0.0010	61e67ee33e7592d2652912672fb512acc429f9b758eaa73dd22a661c4a3e4e45	scripts/build_public_tables.py
thesis/Tables/final/rq2_planned_contrasts.tex	16	4	[$-$0.0002, 0.0022]	61e67ee33e7592d2652912672fb512acc429f9b758eaa73dd22a661c4a3e4e45	scripts/build_public_tables.py
thesis/Tables/final/rq2_planned_contrasts.tex	17	1	0.0745	61e67ee33e7592d2652912672fb512acc429f9b758eaa73dd22a661c4a3e4e45	scripts/build_public_tables.py
thesis/Tables/final/rq2_planned_contrasts.tex	17	2	0.0835	61e67ee33e7592d2652912672fb512acc429f9b758eaa73dd22a661c4a3e4e45	scripts/build_public_tables.py
thesis/Tables/final/rq2_planned_contrasts.tex	17	3	$-$0.0090	61e67ee33e7592d2652912672fb512acc429f9b758eaa73dd22a661c4a3e4e45	scripts/build_public_tables.py
thesis/Tables/final/rq2_planned_contrasts.tex	17	4	[$-$0.0107, $-$0.0073]	61e67ee33e7592d2652912672fb512acc429f9b758eaa73dd22a661c4a3e4e45	scripts/build_public_tables.py
thesis/Tables/final/rq2_planned_contrasts.tex	18	1	0.0770	61e67ee33e7592d2652912672fb512acc429f9b758eaa73dd22a661c4a3e4e45	scripts/build_public_tables.py
thesis/Tables/final/rq2_planned_contrasts.tex	18	2	0.0817	61e67ee33e7592d2652912672fb512acc429f9b758eaa73dd22a661c4a3e4e45	scripts/build_public_tables.py
thesis/Tables/final/rq2_planned_contrasts.tex	18	3	$-$0.0046	61e67ee33e7592d2652912672fb512acc429f9b758eaa73dd22a661c4a3e4e45	scripts/build_public_tables.py
thesis/Tables/final/rq2_planned_contrasts.tex	18	4	[$-$0.0064, $-$0.0029]	61e67ee33e7592d2652912672fb512acc429f9b758eaa73dd22a661c4a3e4e45	scripts/build_public_tables.py
thesis/Tables/final/rq2_parse_coverage_full.tex	1	1	2,653	a41a1977d89194d15db12671c22db897594d18f163b23e3a2606a45f87908858	scripts/build_public_tables.py
thesis/Tables/final/rq2_parse_coverage_full.tex	1	2	2,653	a41a1977d89194d15db12671c22db897594d18f163b23e3a2606a45f87908858	scripts/build_public_tables.py
thesis/Tables/final/rq2_parse_coverage_full.tex	1	3	2,653	a41a1977d89194d15db12671c22db897594d18f163b23e3a2606a45f87908858	scripts/build_public_tables.py
thesis/Tables/final/rq2_parse_coverage_full.tex	1	4	2,653	a41a1977d89194d15db12671c22db897594d18f163b23e3a2606a45f87908858	scripts/build_public_tables.py
thesis/Tables/final/rq2_parse_coverage_full.tex	2	1	2,653	a41a1977d89194d15db12671c22db897594d18f163b23e3a2606a45f87908858	scripts/build_public_tables.py
thesis/Tables/final/rq2_parse_coverage_full.tex	2	2	2,653	a41a1977d89194d15db12671c22db897594d18f163b23e3a2606a45f87908858	scripts/build_public_tables.py
thesis/Tables/final/rq2_parse_coverage_full.tex	2	3	2,653	a41a1977d89194d15db12671c22db897594d18f163b23e3a2606a45f87908858	scripts/build_public_tables.py
thesis/Tables/final/rq2_parse_coverage_full.tex	2	4	2,653	a41a1977d89194d15db12671c22db897594d18f163b23e3a2606a45f87908858	scripts/build_public_tables.py
thesis/Tables/final/rq2_parse_coverage_full.tex	3	1	2,653	a41a1977d89194d15db12671c22db897594d18f163b23e3a2606a45f87908858	scripts/build_public_tables.py
thesis/Tables/final/rq2_parse_coverage_full.tex	3	2	2,653	a41a1977d89194d15db12671c22db897594d18f163b23e3a2606a45f87908858	scripts/build_public_tables.py
thesis/Tables/final/rq2_parse_coverage_full.tex	3	3	2,653	a41a1977d89194d15db12671c22db897594d18f163b23e3a2606a45f87908858	scripts/build_public_tables.py
thesis/Tables/final/rq2_parse_coverage_full.tex	3	4	2,653	a41a1977d89194d15db12671c22db897594d18f163b23e3a2606a45f87908858	scripts/build_public_tables.py
thesis/Tables/final/rq2_parse_coverage_full.tex	4	1	2,653	a41a1977d89194d15db12671c22db897594d18f163b23e3a2606a45f87908858	scripts/build_public_tables.py
thesis/Tables/final/rq2_parse_coverage_full.tex	4	2	2,653	a41a1977d89194d15db12671c22db897594d18f163b23e3a2606a45f87908858	scripts/build_public_tables.py
thesis/Tables/final/rq2_parse_coverage_full.tex	4	3	2,653	a41a1977d89194d15db12671c22db897594d18f163b23e3a2606a45f87908858	scripts/build_public_tables.py
thesis/Tables/final/rq2_parse_coverage_full.tex	4	4	2,653	a41a1977d89194d15db12671c22db897594d18f163b23e3a2606a45f87908858	scripts/build_public_tables.py
thesis/Tables/final/rq2_parse_coverage_full.tex	5	1	2,653	a41a1977d89194d15db12671c22db897594d18f163b23e3a2606a45f87908858	scripts/build_public_tables.py
thesis/Tables/final/rq2_parse_coverage_full.tex	5	2	2,653	a41a1977d89194d15db12671c22db897594d18f163b23e3a2606a45f87908858	scripts/build_public_tables.py
thesis/Tables/final/rq2_parse_coverage_full.tex	5	3	2,653	a41a1977d89194d15db12671c22db897594d18f163b23e3a2606a45f87908858	scripts/build_public_tables.py
thesis/Tables/final/rq2_parse_coverage_full.tex	5	4	2,653	a41a1977d89194d15db12671c22db897594d18f163b23e3a2606a45f87908858	scripts/build_public_tables.py
thesis/Tables/final/rq2_parse_coverage_full.tex	6	1	2,653	a41a1977d89194d15db12671c22db897594d18f163b23e3a2606a45f87908858	scripts/build_public_tables.py
thesis/Tables/final/rq2_parse_coverage_full.tex	6	2	2,652	a41a1977d89194d15db12671c22db897594d18f163b23e3a2606a45f87908858	scripts/build_public_tables.py
thesis/Tables/final/rq2_parse_coverage_full.tex	6	3	2,652	a41a1977d89194d15db12671c22db897594d18f163b23e3a2606a45f87908858	scripts/build_public_tables.py
thesis/Tables/final/rq2_parse_coverage_full.tex	6	4	2,652	a41a1977d89194d15db12671c22db897594d18f163b23e3a2606a45f87908858	scripts/build_public_tables.py
thesis/Tables/final/rq2_parse_coverage_full.tex	7	1	2,653	a41a1977d89194d15db12671c22db897594d18f163b23e3a2606a45f87908858	scripts/build_public_tables.py
thesis/Tables/final/rq2_parse_coverage_full.tex	7	2	2,653	a41a1977d89194d15db12671c22db897594d18f163b23e3a2606a45f87908858	scripts/build_public_tables.py
thesis/Tables/final/rq2_parse_coverage_full.tex	7	3	2,653	a41a1977d89194d15db12671c22db897594d18f163b23e3a2606a45f87908858	scripts/build_public_tables.py
thesis/Tables/final/rq2_parse_coverage_full.tex	7	4	2,653	a41a1977d89194d15db12671c22db897594d18f163b23e3a2606a45f87908858	scripts/build_public_tables.py
thesis/Tables/final/rq2_parse_coverage_full.tex	8	1	2,653	a41a1977d89194d15db12671c22db897594d18f163b23e3a2606a45f87908858	scripts/build_public_tables.py
thesis/Tables/final/rq2_parse_coverage_full.tex	8	2	2,652	a41a1977d89194d15db12671c22db897594d18f163b23e3a2606a45f87908858	scripts/build_public_tables.py
thesis/Tables/final/rq2_parse_coverage_full.tex	8	3	2,653	a41a1977d89194d15db12671c22db897594d18f163b23e3a2606a45f87908858	scripts/build_public_tables.py
thesis/Tables/final/rq2_parse_coverage_full.tex	8	4	2,653	a41a1977d89194d15db12671c22db897594d18f163b23e3a2606a45f87908858	scripts/build_public_tables.py
thesis/Tables/final/rq2_parse_coverage_full.tex	9	1	2,653	a41a1977d89194d15db12671c22db897594d18f163b23e3a2606a45f87908858	scripts/build_public_tables.py
thesis/Tables/final/rq2_parse_coverage_full.tex	9	2	2,653	a41a1977d89194d15db12671c22db897594d18f163b23e3a2606a45f87908858	scripts/build_public_tables.py
thesis/Tables/final/rq2_parse_coverage_full.tex	9	3	2,653	a41a1977d89194d15db12671c22db897594d18f163b23e3a2606a45f87908858	scripts/build_public_tables.py
thesis/Tables/final/rq2_parse_coverage_full.tex	9	4	2,653	a41a1977d89194d15db12671c22db897594d18f163b23e3a2606a45f87908858	scripts/build_public_tables.py
thesis/Tables/final/rq2_parse_coverage_full.tex	10	1	2,653	a41a1977d89194d15db12671c22db897594d18f163b23e3a2606a45f87908858	scripts/build_public_tables.py
thesis/Tables/final/rq2_parse_coverage_full.tex	10	2	2,653	a41a1977d89194d15db12671c22db897594d18f163b23e3a2606a45f87908858	scripts/build_public_tables.py
thesis/Tables/final/rq2_parse_coverage_full.tex	10	3	2,653	a41a1977d89194d15db12671c22db897594d18f163b23e3a2606a45f87908858	scripts/build_public_tables.py
thesis/Tables/final/rq2_parse_coverage_full.tex	10	4	2,653	a41a1977d89194d15db12671c22db897594d18f163b23e3a2606a45f87908858	scripts/build_public_tables.py
thesis/Tables/final/rq2_parse_coverage_full.tex	11	1	2,653	a41a1977d89194d15db12671c22db897594d18f163b23e3a2606a45f87908858	scripts/build_public_tables.py
thesis/Tables/final/rq2_parse_coverage_full.tex	11	2	2,653	a41a1977d89194d15db12671c22db897594d18f163b23e3a2606a45f87908858	scripts/build_public_tables.py
thesis/Tables/final/rq2_parse_coverage_full.tex	11	3	2,653	a41a1977d89194d15db12671c22db897594d18f163b23e3a2606a45f87908858	scripts/build_public_tables.py
thesis/Tables/final/rq2_parse_coverage_full.tex	11	4	2,653	a41a1977d89194d15db12671c22db897594d18f163b23e3a2606a45f87908858	scripts/build_public_tables.py
thesis/Tables/final/rq2_parse_coverage_full.tex	12	1	2,653	a41a1977d89194d15db12671c22db897594d18f163b23e3a2606a45f87908858	scripts/build_public_tables.py
thesis/Tables/final/rq2_parse_coverage_full.tex	12	2	2,653	a41a1977d89194d15db12671c22db897594d18f163b23e3a2606a45f87908858	scripts/build_public_tables.py
thesis/Tables/final/rq2_parse_coverage_full.tex	12	3	2,653	a41a1977d89194d15db12671c22db897594d18f163b23e3a2606a45f87908858	scripts/build_public_tables.py
thesis/Tables/final/rq2_parse_coverage_full.tex	12	4	2,653	a41a1977d89194d15db12671c22db897594d18f163b23e3a2606a45f87908858	scripts/build_public_tables.py
thesis/Tables/final/rq2_parse_coverage_full.tex	13	1	2,653	a41a1977d89194d15db12671c22db897594d18f163b23e3a2606a45f87908858	scripts/build_public_tables.py
thesis/Tables/final/rq2_parse_coverage_full.tex	13	2	2,652	a41a1977d89194d15db12671c22db897594d18f163b23e3a2606a45f87908858	scripts/build_public_tables.py
thesis/Tables/final/rq2_parse_coverage_full.tex	13	3	2,652	a41a1977d89194d15db12671c22db897594d18f163b23e3a2606a45f87908858	scripts/build_public_tables.py
thesis/Tables/final/rq2_parse_coverage_full.tex	13	4	2,652	a41a1977d89194d15db12671c22db897594d18f163b23e3a2606a45f87908858	scripts/build_public_tables.py
thesis/Tables/final/rq2_parse_coverage_full.tex	14	1	2,653	a41a1977d89194d15db12671c22db897594d18f163b23e3a2606a45f87908858	scripts/build_public_tables.py
thesis/Tables/final/rq2_parse_coverage_full.tex	14	2	2,653	a41a1977d89194d15db12671c22db897594d18f163b23e3a2606a45f87908858	scripts/build_public_tables.py
thesis/Tables/final/rq2_parse_coverage_full.tex	14	3	2,653	a41a1977d89194d15db12671c22db897594d18f163b23e3a2606a45f87908858	scripts/build_public_tables.py
thesis/Tables/final/rq2_parse_coverage_full.tex	14	4	2,652	a41a1977d89194d15db12671c22db897594d18f163b23e3a2606a45f87908858	scripts/build_public_tables.py
thesis/Tables/final/rq2_parse_coverage_full.tex	15	1	2,653	a41a1977d89194d15db12671c22db897594d18f163b23e3a2606a45f87908858	scripts/build_public_tables.py
thesis/Tables/final/rq2_parse_coverage_full.tex	15	2	2,653	a41a1977d89194d15db12671c22db897594d18f163b23e3a2606a45f87908858	scripts/build_public_tables.py
thesis/Tables/final/rq2_parse_coverage_full.tex	15	3	2,653	a41a1977d89194d15db12671c22db897594d18f163b23e3a2606a45f87908858	scripts/build_public_tables.py
thesis/Tables/final/rq2_parse_coverage_full.tex	15	4	2,652	a41a1977d89194d15db12671c22db897594d18f163b23e3a2606a45f87908858	scripts/build_public_tables.py
thesis/Tables/final/rq2_parse_coverage_full.tex	16	1	2,653	a41a1977d89194d15db12671c22db897594d18f163b23e3a2606a45f87908858	scripts/build_public_tables.py
thesis/Tables/final/rq2_parse_coverage_full.tex	16	2	2,652	a41a1977d89194d15db12671c22db897594d18f163b23e3a2606a45f87908858	scripts/build_public_tables.py
thesis/Tables/final/rq2_parse_coverage_full.tex	16	3	2,653	a41a1977d89194d15db12671c22db897594d18f163b23e3a2606a45f87908858	scripts/build_public_tables.py
thesis/Tables/final/rq2_parse_coverage_full.tex	16	4	2,652	a41a1977d89194d15db12671c22db897594d18f163b23e3a2606a45f87908858	scripts/build_public_tables.py
thesis/Tables/final/rq2_parse_coverage_full.tex	17	1	2,653	a41a1977d89194d15db12671c22db897594d18f163b23e3a2606a45f87908858	scripts/build_public_tables.py
thesis/Tables/final/rq2_parse_coverage_full.tex	17	2	2,652	a41a1977d89194d15db12671c22db897594d18f163b23e3a2606a45f87908858	scripts/build_public_tables.py
thesis/Tables/final/rq2_parse_coverage_full.tex	17	3	2,652	a41a1977d89194d15db12671c22db897594d18f163b23e3a2606a45f87908858	scripts/build_public_tables.py
thesis/Tables/final/rq2_parse_coverage_full.tex	17	4	2,651	a41a1977d89194d15db12671c22db897594d18f163b23e3a2606a45f87908858	scripts/build_public_tables.py
thesis/Tables/final/rq2_parse_coverage_full.tex	18	1	2,653	a41a1977d89194d15db12671c22db897594d18f163b23e3a2606a45f87908858	scripts/build_public_tables.py
thesis/Tables/final/rq2_parse_coverage_full.tex	18	2	2,651	a41a1977d89194d15db12671c22db897594d18f163b23e3a2606a45f87908858	scripts/build_public_tables.py
thesis/Tables/final/rq2_parse_coverage_full.tex	18	3	2,651	a41a1977d89194d15db12671c22db897594d18f163b23e3a2606a45f87908858	scripts/build_public_tables.py
thesis/Tables/final/rq2_parse_coverage_full.tex	18	4	2,651	a41a1977d89194d15db12671c22db897594d18f163b23e3a2606a45f87908858	scripts/build_public_tables.py
thesis/Tables/final/rq2_parse_coverage_full.tex	19	1	2,653	a41a1977d89194d15db12671c22db897594d18f163b23e3a2606a45f87908858	scripts/build_public_tables.py
thesis/Tables/final/rq2_parse_coverage_full.tex	19	2	2,603	a41a1977d89194d15db12671c22db897594d18f163b23e3a2606a45f87908858	scripts/build_public_tables.py
thesis/Tables/final/rq2_parse_coverage_full.tex	19	3	2,653	a41a1977d89194d15db12671c22db897594d18f163b23e3a2606a45f87908858	scripts/build_public_tables.py
thesis/Tables/final/rq2_parse_coverage_full.tex	19	4	2,653	a41a1977d89194d15db12671c22db897594d18f163b23e3a2606a45f87908858	scripts/build_public_tables.py
thesis/Tables/final/rq2_parse_coverage_full.tex	20	1	2,653	a41a1977d89194d15db12671c22db897594d18f163b23e3a2606a45f87908858	scripts/build_public_tables.py
thesis/Tables/final/rq2_parse_coverage_full.tex	20	2	2,651	a41a1977d89194d15db12671c22db897594d18f163b23e3a2606a45f87908858	scripts/build_public_tables.py
thesis/Tables/final/rq2_parse_coverage_full.tex	20	3	2,653	a41a1977d89194d15db12671c22db897594d18f163b23e3a2606a45f87908858	scripts/build_public_tables.py
thesis/Tables/final/rq2_parse_coverage_full.tex	20	4	2,653	a41a1977d89194d15db12671c22db897594d18f163b23e3a2606a45f87908858	scripts/build_public_tables.py
thesis/Tables/final/rq2_parse_coverage_full.tex	21	1	2,653	a41a1977d89194d15db12671c22db897594d18f163b23e3a2606a45f87908858	scripts/build_public_tables.py
thesis/Tables/final/rq2_parse_coverage_full.tex	21	2	2,435	a41a1977d89194d15db12671c22db897594d18f163b23e3a2606a45f87908858	scripts/build_public_tables.py
thesis/Tables/final/rq2_parse_coverage_full.tex	21	3	2,653	a41a1977d89194d15db12671c22db897594d18f163b23e3a2606a45f87908858	scripts/build_public_tables.py
thesis/Tables/final/rq2_parse_coverage_full.tex	21	4	2,653	a41a1977d89194d15db12671c22db897594d18f163b23e3a2606a45f87908858	scripts/build_public_tables.py
thesis/Tables/final/rq2_parse_coverage_full.tex	22	1	2,653	a41a1977d89194d15db12671c22db897594d18f163b23e3a2606a45f87908858	scripts/build_public_tables.py
thesis/Tables/final/rq2_parse_coverage_full.tex	22	2	2,638	a41a1977d89194d15db12671c22db897594d18f163b23e3a2606a45f87908858	scripts/build_public_tables.py
thesis/Tables/final/rq2_parse_coverage_full.tex	22	3	2,652	a41a1977d89194d15db12671c22db897594d18f163b23e3a2606a45f87908858	scripts/build_public_tables.py
thesis/Tables/final/rq2_parse_coverage_full.tex	22	4	2,652	a41a1977d89194d15db12671c22db897594d18f163b23e3a2606a45f87908858	scripts/build_public_tables.py
thesis/Tables/final/rq2_parse_coverage_full.tex	23	1	2,653	a41a1977d89194d15db12671c22db897594d18f163b23e3a2606a45f87908858	scripts/build_public_tables.py
thesis/Tables/final/rq2_parse_coverage_full.tex	23	2	2,632	a41a1977d89194d15db12671c22db897594d18f163b23e3a2606a45f87908858	scripts/build_public_tables.py
thesis/Tables/final/rq2_parse_coverage_full.tex	23	3	2,652	a41a1977d89194d15db12671c22db897594d18f163b23e3a2606a45f87908858	scripts/build_public_tables.py
thesis/Tables/final/rq2_parse_coverage_full.tex	23	4	2,652	a41a1977d89194d15db12671c22db897594d18f163b23e3a2606a45f87908858	scripts/build_public_tables.py
thesis/Tables/final/rq2_parse_coverage_full.tex	24	1	2,653	a41a1977d89194d15db12671c22db897594d18f163b23e3a2606a45f87908858	scripts/build_public_tables.py
thesis/Tables/final/rq2_parse_coverage_full.tex	24	2	2,619	a41a1977d89194d15db12671c22db897594d18f163b23e3a2606a45f87908858	scripts/build_public_tables.py
thesis/Tables/final/rq2_parse_coverage_full.tex	24	3	2,652	a41a1977d89194d15db12671c22db897594d18f163b23e3a2606a45f87908858	scripts/build_public_tables.py
thesis/Tables/final/rq2_parse_coverage_full.tex	24	4	2,652	a41a1977d89194d15db12671c22db897594d18f163b23e3a2606a45f87908858	scripts/build_public_tables.py
thesis/Tables/final/pred_a_compact.tex	1	1	2,437	b58e9461238e1b0575d1f9492f53cadfe1e8c1802c8e45b22aa603873dffce5b	scripts/build_public_tables.py
thesis/Tables/final/pred_a_compact.tex	1	2	91.86\%	b58e9461238e1b0575d1f9492f53cadfe1e8c1802c8e45b22aa603873dffce5b	scripts/build_public_tables.py
thesis/Tables/final/pred_a_compact.tex	1	3	1,401	b58e9461238e1b0575d1f9492f53cadfe1e8c1802c8e45b22aa603873dffce5b	scripts/build_public_tables.py
thesis/Tables/final/pred_a_compact.tex	1	4	0.5749	b58e9461238e1b0575d1f9492f53cadfe1e8c1802c8e45b22aa603873dffce5b	scripts/build_public_tables.py
thesis/Tables/final/pred_a_compact.tex	1	5	0.5281	b58e9461238e1b0575d1f9492f53cadfe1e8c1802c8e45b22aa603873dffce5b	scripts/build_public_tables.py
thesis/Tables/final/pred_a_compact.tex	2	1	1,057	b58e9461238e1b0575d1f9492f53cadfe1e8c1802c8e45b22aa603873dffce5b	scripts/build_public_tables.py
thesis/Tables/final/pred_a_compact.tex	2	2	39.84\%	b58e9461238e1b0575d1f9492f53cadfe1e8c1802c8e45b22aa603873dffce5b	scripts/build_public_tables.py
thesis/Tables/final/pred_a_compact.tex	2	3	621	b58e9461238e1b0575d1f9492f53cadfe1e8c1802c8e45b22aa603873dffce5b	scripts/build_public_tables.py
thesis/Tables/final/pred_a_compact.tex	2	4	0.5875	b58e9461238e1b0575d1f9492f53cadfe1e8c1802c8e45b22aa603873dffce5b	scripts/build_public_tables.py
thesis/Tables/final/pred_a_compact.tex	2	5	0.2341	b58e9461238e1b0575d1f9492f53cadfe1e8c1802c8e45b22aa603873dffce5b	scripts/build_public_tables.py
thesis/Tables/final/pred_a_compact.tex	3	1	1,624	b58e9461238e1b0575d1f9492f53cadfe1e8c1802c8e45b22aa603873dffce5b	scripts/build_public_tables.py
thesis/Tables/final/pred_a_compact.tex	3	2	61.21\%	b58e9461238e1b0575d1f9492f53cadfe1e8c1802c8e45b22aa603873dffce5b	scripts/build_public_tables.py
thesis/Tables/final/pred_a_compact.tex	3	3	872	b58e9461238e1b0575d1f9492f53cadfe1e8c1802c8e45b22aa603873dffce5b	scripts/build_public_tables.py
thesis/Tables/final/pred_a_compact.tex	3	4	0.5369	b58e9461238e1b0575d1f9492f53cadfe1e8c1802c8e45b22aa603873dffce5b	scripts/build_public_tables.py
thesis/Tables/final/pred_a_compact.tex	3	5	0.3287	b58e9461238e1b0575d1f9492f53cadfe1e8c1802c8e45b22aa603873dffce5b	scripts/build_public_tables.py
thesis/Tables/final/pred_a_compact.tex	4	1	2,574	b58e9461238e1b0575d1f9492f53cadfe1e8c1802c8e45b22aa603873dffce5b	scripts/build_public_tables.py
thesis/Tables/final/pred_a_compact.tex	4	2	97.02\%	b58e9461238e1b0575d1f9492f53cadfe1e8c1802c8e45b22aa603873dffce5b	scripts/build_public_tables.py
thesis/Tables/final/pred_a_compact.tex	4	3	1,623	b58e9461238e1b0575d1f9492f53cadfe1e8c1802c8e45b22aa603873dffce5b	scripts/build_public_tables.py
thesis/Tables/final/pred_a_compact.tex	4	4	0.6305	b58e9461238e1b0575d1f9492f53cadfe1e8c1802c8e45b22aa603873dffce5b	scripts/build_public_tables.py
thesis/Tables/final/pred_a_compact.tex	4	5	0.6118	b58e9461238e1b0575d1f9492f53cadfe1e8c1802c8e45b22aa603873dffce5b	scripts/build_public_tables.py
thesis/Tables/final/pred_a_strata.tex	1	1	2,136	4b76159a88c858fed1d5b533b2f5cdad1d208e5a9c9b79c562dd18681999e6e1	scripts/build_public_tables.py
thesis/Tables/final/pred_a_strata.tex	1	2	1,955	4b76159a88c858fed1d5b533b2f5cdad1d208e5a9c9b79c562dd18681999e6e1	scripts/build_public_tables.py
thesis/Tables/final/pred_a_strata.tex	1	3	1,165	4b76159a88c858fed1d5b533b2f5cdad1d208e5a9c9b79c562dd18681999e6e1	scripts/build_public_tables.py
thesis/Tables/final/pred_a_strata.tex	1	4	0.5959	4b76159a88c858fed1d5b533b2f5cdad1d208e5a9c9b79c562dd18681999e6e1	scripts/build_public_tables.py
thesis/Tables/final/pred_a_strata.tex	1	5	0.5454	4b76159a88c858fed1d5b533b2f5cdad1d208e5a9c9b79c562dd18681999e6e1	scripts/build_public_tables.py
thesis/Tables/final/pred_a_strata.tex	2	1	517	4b76159a88c858fed1d5b533b2f5cdad1d208e5a9c9b79c562dd18681999e6e1	scripts/build_public_tables.py
thesis/Tables/final/pred_a_strata.tex	2	2	482	4b76159a88c858fed1d5b533b2f5cdad1d208e5a9c9b79c562dd18681999e6e1	scripts/build_public_tables.py
thesis/Tables/final/pred_a_strata.tex	2	3	236	4b76159a88c858fed1d5b533b2f5cdad1d208e5a9c9b79c562dd18681999e6e1	scripts/build_public_tables.py
thesis/Tables/final/pred_a_strata.tex	2	4	0.4896	4b76159a88c858fed1d5b533b2f5cdad1d208e5a9c9b79c562dd18681999e6e1	scripts/build_public_tables.py
thesis/Tables/final/pred_a_strata.tex	2	5	0.4565	4b76159a88c858fed1d5b533b2f5cdad1d208e5a9c9b79c562dd18681999e6e1	scripts/build_public_tables.py
thesis/Tables/final/pred_a_strata.tex	3	1	2,144	4b76159a88c858fed1d5b533b2f5cdad1d208e5a9c9b79c562dd18681999e6e1	scripts/build_public_tables.py
thesis/Tables/final/pred_a_strata.tex	3	2	868	4b76159a88c858fed1d5b533b2f5cdad1d208e5a9c9b79c562dd18681999e6e1	scripts/build_public_tables.py
thesis/Tables/final/pred_a_strata.tex	3	3	527	4b76159a88c858fed1d5b533b2f5cdad1d208e5a9c9b79c562dd18681999e6e1	scripts/build_public_tables.py
thesis/Tables/final/pred_a_strata.tex	3	4	0.6071	4b76159a88c858fed1d5b533b2f5cdad1d208e5a9c9b79c562dd18681999e6e1	scripts/build_public_tables.py
thesis/Tables/final/pred_a_strata.tex	3	5	0.2458	4b76159a88c858fed1d5b533b2f5cdad1d208e5a9c9b79c562dd18681999e6e1	scripts/build_public_tables.py
thesis/Tables/final/pred_a_strata.tex	4	1	509	4b76159a88c858fed1d5b533b2f5cdad1d208e5a9c9b79c562dd18681999e6e1	scripts/build_public_tables.py
thesis/Tables/final/pred_a_strata.tex	4	2	189	4b76159a88c858fed1d5b533b2f5cdad1d208e5a9c9b79c562dd18681999e6e1	scripts/build_public_tables.py
thesis/Tables/final/pred_a_strata.tex	4	3	94	4b76159a88c858fed1d5b533b2f5cdad1d208e5a9c9b79c562dd18681999e6e1	scripts/build_public_tables.py
thesis/Tables/final/pred_a_strata.tex	4	4	0.4974	4b76159a88c858fed1d5b533b2f5cdad1d208e5a9c9b79c562dd18681999e6e1	scripts/build_public_tables.py
thesis/Tables/final/pred_a_strata.tex	4	5	0.1847	4b76159a88c858fed1d5b533b2f5cdad1d208e5a9c9b79c562dd18681999e6e1	scripts/build_public_tables.py
thesis/Tables/final/pred_a_strata.tex	5	1	2,153	4b76159a88c858fed1d5b533b2f5cdad1d208e5a9c9b79c562dd18681999e6e1	scripts/build_public_tables.py
thesis/Tables/final/pred_a_strata.tex	5	2	1,322	4b76159a88c858fed1d5b533b2f5cdad1d208e5a9c9b79c562dd18681999e6e1	scripts/build_public_tables.py
thesis/Tables/final/pred_a_strata.tex	5	3	711	4b76159a88c858fed1d5b533b2f5cdad1d208e5a9c9b79c562dd18681999e6e1	scripts/build_public_tables.py
thesis/Tables/final/pred_a_strata.tex	5	4	0.5378	4b76159a88c858fed1d5b533b2f5cdad1d208e5a9c9b79c562dd18681999e6e1	scripts/build_public_tables.py
thesis/Tables/final/pred_a_strata.tex	5	5	0.3302	4b76159a88c858fed1d5b533b2f5cdad1d208e5a9c9b79c562dd18681999e6e1	scripts/build_public_tables.py
thesis/Tables/final/pred_a_strata.tex	6	1	500	4b76159a88c858fed1d5b533b2f5cdad1d208e5a9c9b79c562dd18681999e6e1	scripts/build_public_tables.py
thesis/Tables/final/pred_a_strata.tex	6	2	302	4b76159a88c858fed1d5b533b2f5cdad1d208e5a9c9b79c562dd18681999e6e1	scripts/build_public_tables.py
thesis/Tables/final/pred_a_strata.tex	6	3	161	4b76159a88c858fed1d5b533b2f5cdad1d208e5a9c9b79c562dd18681999e6e1	scripts/build_public_tables.py
thesis/Tables/final/pred_a_strata.tex	6	4	0.5331	4b76159a88c858fed1d5b533b2f5cdad1d208e5a9c9b79c562dd18681999e6e1	scripts/build_public_tables.py
thesis/Tables/final/pred_a_strata.tex	6	5	0.3220	4b76159a88c858fed1d5b533b2f5cdad1d208e5a9c9b79c562dd18681999e6e1	scripts/build_public_tables.py
thesis/Tables/final/pred_a_strata.tex	7	1	2,161	4b76159a88c858fed1d5b533b2f5cdad1d208e5a9c9b79c562dd18681999e6e1	scripts/build_public_tables.py
thesis/Tables/final/pred_a_strata.tex	7	2	2,097	4b76159a88c858fed1d5b533b2f5cdad1d208e5a9c9b79c562dd18681999e6e1	scripts/build_public_tables.py
thesis/Tables/final/pred_a_strata.tex	7	3	1,340	4b76159a88c858fed1d5b533b2f5cdad1d208e5a9c9b79c562dd18681999e6e1	scripts/build_public_tables.py
thesis/Tables/final/pred_a_strata.tex	7	4	0.6390	4b76159a88c858fed1d5b533b2f5cdad1d208e5a9c9b79c562dd18681999e6e1	scripts/build_public_tables.py
thesis/Tables/final/pred_a_strata.tex	7	5	0.6201	4b76159a88c858fed1d5b533b2f5cdad1d208e5a9c9b79c562dd18681999e6e1	scripts/build_public_tables.py
thesis/Tables/final/pred_a_strata.tex	8	1	492	4b76159a88c858fed1d5b533b2f5cdad1d208e5a9c9b79c562dd18681999e6e1	scripts/build_public_tables.py
thesis/Tables/final/pred_a_strata.tex	8	2	477	4b76159a88c858fed1d5b533b2f5cdad1d208e5a9c9b79c562dd18681999e6e1	scripts/build_public_tables.py
thesis/Tables/final/pred_a_strata.tex	8	3	283	4b76159a88c858fed1d5b533b2f5cdad1d208e5a9c9b79c562dd18681999e6e1	scripts/build_public_tables.py
thesis/Tables/final/pred_a_strata.tex	8	4	0.5933	4b76159a88c858fed1d5b533b2f5cdad1d208e5a9c9b79c562dd18681999e6e1	scripts/build_public_tables.py
thesis/Tables/final/pred_a_strata.tex	8	5	0.5752	4b76159a88c858fed1d5b533b2f5cdad1d208e5a9c9b79c562dd18681999e6e1	scripts/build_public_tables.py
thesis/Tables/final/pred_a_coverage.tex	1	1	216	1420c063eef96c37e55d15645dc38c3308a17204065ee720bc75b84be7c98126	scripts/build_public_tables.py
thesis/Tables/final/pred_a_coverage.tex	1	2	0	1420c063eef96c37e55d15645dc38c3308a17204065ee720bc75b84be7c98126	scripts/build_public_tables.py
thesis/Tables/final/pred_a_coverage.tex	1	3	216	1420c063eef96c37e55d15645dc38c3308a17204065ee720bc75b84be7c98126	scripts/build_public_tables.py
thesis/Tables/final/pred_a_coverage.tex	1	4	0	1420c063eef96c37e55d15645dc38c3308a17204065ee720bc75b84be7c98126	scripts/build_public_tables.py
thesis/Tables/final/pred_a_coverage.tex	1	5	2,437	1420c063eef96c37e55d15645dc38c3308a17204065ee720bc75b84be7c98126	scripts/build_public_tables.py
thesis/Tables/final/pred_a_coverage.tex	2	1	1,596	1420c063eef96c37e55d15645dc38c3308a17204065ee720bc75b84be7c98126	scripts/build_public_tables.py
thesis/Tables/final/pred_a_coverage.tex	2	2	0	1420c063eef96c37e55d15645dc38c3308a17204065ee720bc75b84be7c98126	scripts/build_public_tables.py
thesis/Tables/final/pred_a_coverage.tex	2	3	1,596	1420c063eef96c37e55d15645dc38c3308a17204065ee720bc75b84be7c98126	scripts/build_public_tables.py
thesis/Tables/final/pred_a_coverage.tex	2	4	127	1420c063eef96c37e55d15645dc38c3308a17204065ee720bc75b84be7c98126	scripts/build_public_tables.py
thesis/Tables/final/pred_a_coverage.tex	2	5	1,057	1420c063eef96c37e55d15645dc38c3308a17204065ee720bc75b84be7c98126	scripts/build_public_tables.py
thesis/Tables/final/pred_a_coverage.tex	3	1	1,027	1420c063eef96c37e55d15645dc38c3308a17204065ee720bc75b84be7c98126	scripts/build_public_tables.py
thesis/Tables/final/pred_a_coverage.tex	3	2	2	1420c063eef96c37e55d15645dc38c3308a17204065ee720bc75b84be7c98126	scripts/build_public_tables.py
thesis/Tables/final/pred_a_coverage.tex	3	3	1,029	1420c063eef96c37e55d15645dc38c3308a17204065ee720bc75b84be7c98126	scripts/build_public_tables.py
thesis/Tables/final/pred_a_coverage.tex	3	4	668	1420c063eef96c37e55d15645dc38c3308a17204065ee720bc75b84be7c98126	scripts/build_public_tables.py
thesis/Tables/final/pred_a_coverage.tex	3	5	1,624	1420c063eef96c37e55d15645dc38c3308a17204065ee720bc75b84be7c98126	scripts/build_public_tables.py
thesis/Tables/final/pred_a_coverage.tex	4	1	79	1420c063eef96c37e55d15645dc38c3308a17204065ee720bc75b84be7c98126	scripts/build_public_tables.py
thesis/Tables/final/pred_a_coverage.tex	4	2	0	1420c063eef96c37e55d15645dc38c3308a17204065ee720bc75b84be7c98126	scripts/build_public_tables.py
thesis/Tables/final/pred_a_coverage.tex	4	3	79	1420c063eef96c37e55d15645dc38c3308a17204065ee720bc75b84be7c98126	scripts/build_public_tables.py
thesis/Tables/final/pred_a_coverage.tex	4	4	37	1420c063eef96c37e55d15645dc38c3308a17204065ee720bc75b84be7c98126	scripts/build_public_tables.py
thesis/Tables/final/pred_a_coverage.tex	4	5	2,574	1420c063eef96c37e55d15645dc38c3308a17204065ee720bc75b84be7c98126	scripts/build_public_tables.py
thesis/Tables/final/rq2_text_unit_sensitivity.tex	1	1	2,653	aaf1bdb4b15e74b0a94ed39de5e5afee080aee6a5ac9e85b914c30f811b74718	scripts/build_public_tables.py
thesis/Tables/final/rq2_text_unit_sensitivity.tex	1	2	0.0835	aaf1bdb4b15e74b0a94ed39de5e5afee080aee6a5ac9e85b914c30f811b74718	scripts/build_public_tables.py
thesis/Tables/final/rq2_text_unit_sensitivity.tex	1	3	0.0814	aaf1bdb4b15e74b0a94ed39de5e5afee080aee6a5ac9e85b914c30f811b74718	scripts/build_public_tables.py
thesis/Tables/final/rq2_text_unit_sensitivity.tex	1	4	0.0612	aaf1bdb4b15e74b0a94ed39de5e5afee080aee6a5ac9e85b914c30f811b74718	scripts/build_public_tables.py
thesis/Tables/final/rq2_text_unit_sensitivity.tex	2	1	2,653	aaf1bdb4b15e74b0a94ed39de5e5afee080aee6a5ac9e85b914c30f811b74718	scripts/build_public_tables.py
thesis/Tables/final/rq2_text_unit_sensitivity.tex	2	2	0.0882	aaf1bdb4b15e74b0a94ed39de5e5afee080aee6a5ac9e85b914c30f811b74718	scripts/build_public_tables.py
thesis/Tables/final/rq2_text_unit_sensitivity.tex	2	3	0.0856	aaf1bdb4b15e74b0a94ed39de5e5afee080aee6a5ac9e85b914c30f811b74718	scripts/build_public_tables.py
thesis/Tables/final/rq2_text_unit_sensitivity.tex	2	4	0.0651	aaf1bdb4b15e74b0a94ed39de5e5afee080aee6a5ac9e85b914c30f811b74718	scripts/build_public_tables.py
thesis/Tables/final/rq2_text_unit_sensitivity.tex	3	1	2,653	aaf1bdb4b15e74b0a94ed39de5e5afee080aee6a5ac9e85b914c30f811b74718	scripts/build_public_tables.py
thesis/Tables/final/rq2_text_unit_sensitivity.tex	3	2	0.0762	aaf1bdb4b15e74b0a94ed39de5e5afee080aee6a5ac9e85b914c30f811b74718	scripts/build_public_tables.py
thesis/Tables/final/rq2_text_unit_sensitivity.tex	3	3	0.0731	aaf1bdb4b15e74b0a94ed39de5e5afee080aee6a5ac9e85b914c30f811b74718	scripts/build_public_tables.py
thesis/Tables/final/rq2_text_unit_sensitivity.tex	3	4	0.0555	aaf1bdb4b15e74b0a94ed39de5e5afee080aee6a5ac9e85b914c30f811b74718	scripts/build_public_tables.py
thesis/Tables/final/rq2_text_unit_sensitivity.tex	4	1	2,653	aaf1bdb4b15e74b0a94ed39de5e5afee080aee6a5ac9e85b914c30f811b74718	scripts/build_public_tables.py
thesis/Tables/final/rq2_text_unit_sensitivity.tex	4	2	0.0769	aaf1bdb4b15e74b0a94ed39de5e5afee080aee6a5ac9e85b914c30f811b74718	scripts/build_public_tables.py
thesis/Tables/final/rq2_text_unit_sensitivity.tex	4	3	0.0740	aaf1bdb4b15e74b0a94ed39de5e5afee080aee6a5ac9e85b914c30f811b74718	scripts/build_public_tables.py
thesis/Tables/final/rq2_text_unit_sensitivity.tex	4	4	0.0562	aaf1bdb4b15e74b0a94ed39de5e5afee080aee6a5ac9e85b914c30f811b74718	scripts/build_public_tables.py
thesis/Tables/final/rq2_text_unit_sensitivity.tex	5	1	2,652	aaf1bdb4b15e74b0a94ed39de5e5afee080aee6a5ac9e85b914c30f811b74718	scripts/build_public_tables.py
thesis/Tables/final/rq2_text_unit_sensitivity.tex	5	2	0.0575	aaf1bdb4b15e74b0a94ed39de5e5afee080aee6a5ac9e85b914c30f811b74718	scripts/build_public_tables.py
thesis/Tables/final/rq2_text_unit_sensitivity.tex	5	3	0.0537	aaf1bdb4b15e74b0a94ed39de5e5afee080aee6a5ac9e85b914c30f811b74718	scripts/build_public_tables.py
thesis/Tables/final/rq2_text_unit_sensitivity.tex	5	4	0.0419	aaf1bdb4b15e74b0a94ed39de5e5afee080aee6a5ac9e85b914c30f811b74718	scripts/build_public_tables.py
thesis/Tables/final/rq2_text_unit_sensitivity.tex	6	1	2,653	aaf1bdb4b15e74b0a94ed39de5e5afee080aee6a5ac9e85b914c30f811b74718	scripts/build_public_tables.py
thesis/Tables/final/rq2_text_unit_sensitivity.tex	6	2	0.0817	aaf1bdb4b15e74b0a94ed39de5e5afee080aee6a5ac9e85b914c30f811b74718	scripts/build_public_tables.py
thesis/Tables/final/rq2_text_unit_sensitivity.tex	6	3	0.0804	aaf1bdb4b15e74b0a94ed39de5e5afee080aee6a5ac9e85b914c30f811b74718	scripts/build_public_tables.py
thesis/Tables/final/rq2_text_unit_sensitivity.tex	6	4	0.0598	aaf1bdb4b15e74b0a94ed39de5e5afee080aee6a5ac9e85b914c30f811b74718	scripts/build_public_tables.py
thesis/Tables/final/rq2_text_unit_sensitivity.tex	7	1	2,653	aaf1bdb4b15e74b0a94ed39de5e5afee080aee6a5ac9e85b914c30f811b74718	scripts/build_public_tables.py
thesis/Tables/final/rq2_text_unit_sensitivity.tex	7	2	0.0886	aaf1bdb4b15e74b0a94ed39de5e5afee080aee6a5ac9e85b914c30f811b74718	scripts/build_public_tables.py
thesis/Tables/final/rq2_text_unit_sensitivity.tex	7	3	0.0869	aaf1bdb4b15e74b0a94ed39de5e5afee080aee6a5ac9e85b914c30f811b74718	scripts/build_public_tables.py
thesis/Tables/final/rq2_text_unit_sensitivity.tex	7	4	0.0653	aaf1bdb4b15e74b0a94ed39de5e5afee080aee6a5ac9e85b914c30f811b74718	scripts/build_public_tables.py
thesis/Tables/final/rq2_text_unit_sensitivity.tex	8	1	2,653	aaf1bdb4b15e74b0a94ed39de5e5afee080aee6a5ac9e85b914c30f811b74718	scripts/build_public_tables.py
thesis/Tables/final/rq2_text_unit_sensitivity.tex	8	2	0.0758	aaf1bdb4b15e74b0a94ed39de5e5afee080aee6a5ac9e85b914c30f811b74718	scripts/build_public_tables.py
thesis/Tables/final/rq2_text_unit_sensitivity.tex	8	3	0.0734	aaf1bdb4b15e74b0a94ed39de5e5afee080aee6a5ac9e85b914c30f811b74718	scripts/build_public_tables.py
thesis/Tables/final/rq2_text_unit_sensitivity.tex	8	4	0.0553	aaf1bdb4b15e74b0a94ed39de5e5afee080aee6a5ac9e85b914c30f811b74718	scripts/build_public_tables.py
thesis/Tables/final/rq2_text_unit_sensitivity.tex	9	1	2,653	aaf1bdb4b15e74b0a94ed39de5e5afee080aee6a5ac9e85b914c30f811b74718	scripts/build_public_tables.py
thesis/Tables/final/rq2_text_unit_sensitivity.tex	9	2	0.0745	aaf1bdb4b15e74b0a94ed39de5e5afee080aee6a5ac9e85b914c30f811b74718	scripts/build_public_tables.py
thesis/Tables/final/rq2_text_unit_sensitivity.tex	9	3	0.0723	aaf1bdb4b15e74b0a94ed39de5e5afee080aee6a5ac9e85b914c30f811b74718	scripts/build_public_tables.py
thesis/Tables/final/rq2_text_unit_sensitivity.tex	9	4	0.0544	aaf1bdb4b15e74b0a94ed39de5e5afee080aee6a5ac9e85b914c30f811b74718	scripts/build_public_tables.py
thesis/Tables/final/rq2_text_unit_sensitivity.tex	10	1	2,653	aaf1bdb4b15e74b0a94ed39de5e5afee080aee6a5ac9e85b914c30f811b74718	scripts/build_public_tables.py
thesis/Tables/final/rq2_text_unit_sensitivity.tex	10	2	0.0604	aaf1bdb4b15e74b0a94ed39de5e5afee080aee6a5ac9e85b914c30f811b74718	scripts/build_public_tables.py
thesis/Tables/final/rq2_text_unit_sensitivity.tex	10	3	0.0576	aaf1bdb4b15e74b0a94ed39de5e5afee080aee6a5ac9e85b914c30f811b74718	scripts/build_public_tables.py
thesis/Tables/final/rq2_text_unit_sensitivity.tex	10	4	0.0443	aaf1bdb4b15e74b0a94ed39de5e5afee080aee6a5ac9e85b914c30f811b74718	scripts/build_public_tables.py
thesis/Tables/final/rq2_text_unit_sensitivity.tex	11	1	2,652	aaf1bdb4b15e74b0a94ed39de5e5afee080aee6a5ac9e85b914c30f811b74718	scripts/build_public_tables.py
thesis/Tables/final/rq2_text_unit_sensitivity.tex	11	2	0.0745	aaf1bdb4b15e74b0a94ed39de5e5afee080aee6a5ac9e85b914c30f811b74718	scripts/build_public_tables.py
thesis/Tables/final/rq2_text_unit_sensitivity.tex	11	3	0.0736	aaf1bdb4b15e74b0a94ed39de5e5afee080aee6a5ac9e85b914c30f811b74718	scripts/build_public_tables.py
thesis/Tables/final/rq2_text_unit_sensitivity.tex	11	4	0.0547	aaf1bdb4b15e74b0a94ed39de5e5afee080aee6a5ac9e85b914c30f811b74718	scripts/build_public_tables.py
thesis/Tables/final/rq2_text_unit_sensitivity.tex	12	1	2,652	aaf1bdb4b15e74b0a94ed39de5e5afee080aee6a5ac9e85b914c30f811b74718	scripts/build_public_tables.py
thesis/Tables/final/rq2_text_unit_sensitivity.tex	12	2	0.0788	aaf1bdb4b15e74b0a94ed39de5e5afee080aee6a5ac9e85b914c30f811b74718	scripts/build_public_tables.py
thesis/Tables/final/rq2_text_unit_sensitivity.tex	12	3	0.0778	aaf1bdb4b15e74b0a94ed39de5e5afee080aee6a5ac9e85b914c30f811b74718	scripts/build_public_tables.py
thesis/Tables/final/rq2_text_unit_sensitivity.tex	12	4	0.0579	aaf1bdb4b15e74b0a94ed39de5e5afee080aee6a5ac9e85b914c30f811b74718	scripts/build_public_tables.py
thesis/Tables/final/rq2_text_unit_sensitivity.tex	13	1	2,652	aaf1bdb4b15e74b0a94ed39de5e5afee080aee6a5ac9e85b914c30f811b74718	scripts/build_public_tables.py
thesis/Tables/final/rq2_text_unit_sensitivity.tex	13	2	0.0669	aaf1bdb4b15e74b0a94ed39de5e5afee080aee6a5ac9e85b914c30f811b74718	scripts/build_public_tables.py
thesis/Tables/final/rq2_text_unit_sensitivity.tex	13	3	0.0660	aaf1bdb4b15e74b0a94ed39de5e5afee080aee6a5ac9e85b914c30f811b74718	scripts/build_public_tables.py
thesis/Tables/final/rq2_text_unit_sensitivity.tex	13	4	0.0489	aaf1bdb4b15e74b0a94ed39de5e5afee080aee6a5ac9e85b914c30f811b74718	scripts/build_public_tables.py
thesis/Tables/final/rq2_text_unit_sensitivity.tex	14	1	2,651	aaf1bdb4b15e74b0a94ed39de5e5afee080aee6a5ac9e85b914c30f811b74718	scripts/build_public_tables.py
thesis/Tables/final/rq2_text_unit_sensitivity.tex	14	2	0.0681	aaf1bdb4b15e74b0a94ed39de5e5afee080aee6a5ac9e85b914c30f811b74718	scripts/build_public_tables.py
thesis/Tables/final/rq2_text_unit_sensitivity.tex	14	3	0.0671	aaf1bdb4b15e74b0a94ed39de5e5afee080aee6a5ac9e85b914c30f811b74718	scripts/build_public_tables.py
thesis/Tables/final/rq2_text_unit_sensitivity.tex	14	4	0.0498	aaf1bdb4b15e74b0a94ed39de5e5afee080aee6a5ac9e85b914c30f811b74718	scripts/build_public_tables.py
thesis/Tables/final/rq2_text_unit_sensitivity.tex	15	1	2,651	aaf1bdb4b15e74b0a94ed39de5e5afee080aee6a5ac9e85b914c30f811b74718	scripts/build_public_tables.py
thesis/Tables/final/rq2_text_unit_sensitivity.tex	15	2	0.0496	aaf1bdb4b15e74b0a94ed39de5e5afee080aee6a5ac9e85b914c30f811b74718	scripts/build_public_tables.py
thesis/Tables/final/rq2_text_unit_sensitivity.tex	15	3	0.0482	aaf1bdb4b15e74b0a94ed39de5e5afee080aee6a5ac9e85b914c30f811b74718	scripts/build_public_tables.py
thesis/Tables/final/rq2_text_unit_sensitivity.tex	15	4	0.0365	aaf1bdb4b15e74b0a94ed39de5e5afee080aee6a5ac9e85b914c30f811b74718	scripts/build_public_tables.py
thesis/Tables/final/rq2_text_unit_sensitivity.tex	16	1	2,653	aaf1bdb4b15e74b0a94ed39de5e5afee080aee6a5ac9e85b914c30f811b74718	scripts/build_public_tables.py
thesis/Tables/final/rq2_text_unit_sensitivity.tex	16	2	0.0770	aaf1bdb4b15e74b0a94ed39de5e5afee080aee6a5ac9e85b914c30f811b74718	scripts/build_public_tables.py
thesis/Tables/final/rq2_text_unit_sensitivity.tex	16	3	0.0754	aaf1bdb4b15e74b0a94ed39de5e5afee080aee6a5ac9e85b914c30f811b74718	scripts/build_public_tables.py
thesis/Tables/final/rq2_text_unit_sensitivity.tex	16	4	0.0590	aaf1bdb4b15e74b0a94ed39de5e5afee080aee6a5ac9e85b914c30f811b74718	scripts/build_public_tables.py
thesis/Tables/final/rq2_text_unit_sensitivity.tex	17	1	2,653	aaf1bdb4b15e74b0a94ed39de5e5afee080aee6a5ac9e85b914c30f811b74718	scripts/build_public_tables.py
thesis/Tables/final/rq2_text_unit_sensitivity.tex	17	2	0.0890	aaf1bdb4b15e74b0a94ed39de5e5afee080aee6a5ac9e85b914c30f811b74718	scripts/build_public_tables.py
thesis/Tables/final/rq2_text_unit_sensitivity.tex	17	3	0.0874	aaf1bdb4b15e74b0a94ed39de5e5afee080aee6a5ac9e85b914c30f811b74718	scripts/build_public_tables.py
thesis/Tables/final/rq2_text_unit_sensitivity.tex	17	4	0.0740	aaf1bdb4b15e74b0a94ed39de5e5afee080aee6a5ac9e85b914c30f811b74718	scripts/build_public_tables.py
thesis/Tables/final/rq2_text_unit_sensitivity.tex	18	1	2,652	aaf1bdb4b15e74b0a94ed39de5e5afee080aee6a5ac9e85b914c30f811b74718	scripts/build_public_tables.py
thesis/Tables/final/rq2_text_unit_sensitivity.tex	18	2	0.0716	aaf1bdb4b15e74b0a94ed39de5e5afee080aee6a5ac9e85b914c30f811b74718	scripts/build_public_tables.py
thesis/Tables/final/rq2_text_unit_sensitivity.tex	18	3	0.0693	aaf1bdb4b15e74b0a94ed39de5e5afee080aee6a5ac9e85b914c30f811b74718	scripts/build_public_tables.py
thesis/Tables/final/rq2_text_unit_sensitivity.tex	18	4	0.0547	aaf1bdb4b15e74b0a94ed39de5e5afee080aee6a5ac9e85b914c30f811b74718	scripts/build_public_tables.py
thesis/Tables/final/rq2_text_unit_sensitivity.tex	19	1	2,652	aaf1bdb4b15e74b0a94ed39de5e5afee080aee6a5ac9e85b914c30f811b74718	scripts/build_public_tables.py
thesis/Tables/final/rq2_text_unit_sensitivity.tex	19	2	0.0705	aaf1bdb4b15e74b0a94ed39de5e5afee080aee6a5ac9e85b914c30f811b74718	scripts/build_public_tables.py
thesis/Tables/final/rq2_text_unit_sensitivity.tex	19	3	0.0685	aaf1bdb4b15e74b0a94ed39de5e5afee080aee6a5ac9e85b914c30f811b74718	scripts/build_public_tables.py
thesis/Tables/final/rq2_text_unit_sensitivity.tex	19	4	0.0540	aaf1bdb4b15e74b0a94ed39de5e5afee080aee6a5ac9e85b914c30f811b74718	scripts/build_public_tables.py
thesis/Tables/final/rq2_text_unit_sensitivity.tex	20	1	2,652	aaf1bdb4b15e74b0a94ed39de5e5afee080aee6a5ac9e85b914c30f811b74718	scripts/build_public_tables.py
thesis/Tables/final/rq2_text_unit_sensitivity.tex	20	2	0.0590	aaf1bdb4b15e74b0a94ed39de5e5afee080aee6a5ac9e85b914c30f811b74718	scripts/build_public_tables.py
thesis/Tables/final/rq2_text_unit_sensitivity.tex	20	3	0.0564	aaf1bdb4b15e74b0a94ed39de5e5afee080aee6a5ac9e85b914c30f811b74718	scripts/build_public_tables.py
thesis/Tables/final/rq2_text_unit_sensitivity.tex	20	4	0.0453	aaf1bdb4b15e74b0a94ed39de5e5afee080aee6a5ac9e85b914c30f811b74718	scripts/build_public_tables.py
thesis/Tables/final/rq2_text_unit_sensitivity.tex	21	1	0.0779	aaf1bdb4b15e74b0a94ed39de5e5afee080aee6a5ac9e85b914c30f811b74718	scripts/build_public_tables.py
thesis/Tables/final/rq2_text_unit_sensitivity.tex	21	2	0.1033	aaf1bdb4b15e74b0a94ed39de5e5afee080aee6a5ac9e85b914c30f811b74718	scripts/build_public_tables.py
thesis/Tables/final/rq2_text_unit_sensitivity.tex	21	3	+0.0254 [0.0196, 0.0312]	aaf1bdb4b15e74b0a94ed39de5e5afee080aee6a5ac9e85b914c30f811b74718	scripts/build_public_tables.py
thesis/Tables/final/rq2_text_unit_sensitivity.tex	22	1	0.0751	aaf1bdb4b15e74b0a94ed39de5e5afee080aee6a5ac9e85b914c30f811b74718	scripts/build_public_tables.py
thesis/Tables/final/rq2_text_unit_sensitivity.tex	22	2	0.1015	aaf1bdb4b15e74b0a94ed39de5e5afee080aee6a5ac9e85b914c30f811b74718	scripts/build_public_tables.py
thesis/Tables/final/rq2_text_unit_sensitivity.tex	22	3	+0.0264 [0.0206, 0.0321]	aaf1bdb4b15e74b0a94ed39de5e5afee080aee6a5ac9e85b914c30f811b74718	scripts/build_public_tables.py
thesis/Tables/final/rq2_text_unit_sensitivity.tex	23	1	0.0779	aaf1bdb4b15e74b0a94ed39de5e5afee080aee6a5ac9e85b914c30f811b74718	scripts/build_public_tables.py
thesis/Tables/final/rq2_text_unit_sensitivity.tex	23	2	0.1036	aaf1bdb4b15e74b0a94ed39de5e5afee080aee6a5ac9e85b914c30f811b74718	scripts/build_public_tables.py
thesis/Tables/final/rq2_text_unit_sensitivity.tex	23	3	+0.0257 [0.0199, 0.0315]	aaf1bdb4b15e74b0a94ed39de5e5afee080aee6a5ac9e85b914c30f811b74718	scripts/build_public_tables.py
thesis/Tables/final/rq2_text_unit_sensitivity.tex	24	1	0.0790	aaf1bdb4b15e74b0a94ed39de5e5afee080aee6a5ac9e85b914c30f811b74718	scripts/build_public_tables.py
thesis/Tables/final/rq2_text_unit_sensitivity.tex	24	2	0.1043	aaf1bdb4b15e74b0a94ed39de5e5afee080aee6a5ac9e85b914c30f811b74718	scripts/build_public_tables.py
thesis/Tables/final/rq2_text_unit_sensitivity.tex	24	3	+0.0252 [0.0197, 0.0306]	aaf1bdb4b15e74b0a94ed39de5e5afee080aee6a5ac9e85b914c30f811b74718	scripts/build_public_tables.py
thesis/Tables/final/rq2_text_unit_sensitivity.tex	25	1	0.0779	aaf1bdb4b15e74b0a94ed39de5e5afee080aee6a5ac9e85b914c30f811b74718	scripts/build_public_tables.py
thesis/Tables/final/rq2_text_unit_sensitivity.tex	25	2	0.1032	aaf1bdb4b15e74b0a94ed39de5e5afee080aee6a5ac9e85b914c30f811b74718	scripts/build_public_tables.py
thesis/Tables/final/rq2_text_unit_sensitivity.tex	25	3	+0.0254 [0.0198, 0.0308]	aaf1bdb4b15e74b0a94ed39de5e5afee080aee6a5ac9e85b914c30f811b74718	scripts/build_public_tables.py
thesis/Tables/final/rq2_text_unit_sensitivity.tex	26	1	0.0798	aaf1bdb4b15e74b0a94ed39de5e5afee080aee6a5ac9e85b914c30f811b74718	scripts/build_public_tables.py
thesis/Tables/final/rq2_text_unit_sensitivity.tex	26	2	0.1045	aaf1bdb4b15e74b0a94ed39de5e5afee080aee6a5ac9e85b914c30f811b74718	scripts/build_public_tables.py
thesis/Tables/final/rq2_text_unit_sensitivity.tex	26	3	+0.0248 [0.0191, 0.0301]	aaf1bdb4b15e74b0a94ed39de5e5afee080aee6a5ac9e85b914c30f811b74718	scripts/build_public_tables.py
thesis/Tables/final/rq2_text_unit_sensitivity.tex	27	1	0.0692	aaf1bdb4b15e74b0a94ed39de5e5afee080aee6a5ac9e85b914c30f811b74718	scripts/build_public_tables.py
thesis/Tables/final/rq2_text_unit_sensitivity.tex	27	2	0.0955	aaf1bdb4b15e74b0a94ed39de5e5afee080aee6a5ac9e85b914c30f811b74718	scripts/build_public_tables.py
thesis/Tables/final/rq2_text_unit_sensitivity.tex	27	3	+0.0263 [0.0199, 0.0328]	aaf1bdb4b15e74b0a94ed39de5e5afee080aee6a5ac9e85b914c30f811b74718	scripts/build_public_tables.py
thesis/Tables/final/rq2_text_unit_sensitivity.tex	28	1	0.0688	aaf1bdb4b15e74b0a94ed39de5e5afee080aee6a5ac9e85b914c30f811b74718	scripts/build_public_tables.py
thesis/Tables/final/rq2_text_unit_sensitivity.tex	28	2	0.0954	aaf1bdb4b15e74b0a94ed39de5e5afee080aee6a5ac9e85b914c30f811b74718	scripts/build_public_tables.py
thesis/Tables/final/rq2_text_unit_sensitivity.tex	28	3	+0.0266 [0.0202, 0.0330]	aaf1bdb4b15e74b0a94ed39de5e5afee080aee6a5ac9e85b914c30f811b74718	scripts/build_public_tables.py
thesis/Tables/final/rq2_text_unit_sensitivity.tex	29	1	0.0698	aaf1bdb4b15e74b0a94ed39de5e5afee080aee6a5ac9e85b914c30f811b74718	scripts/build_public_tables.py
thesis/Tables/final/rq2_text_unit_sensitivity.tex	29	2	0.0958	aaf1bdb4b15e74b0a94ed39de5e5afee080aee6a5ac9e85b914c30f811b74718	scripts/build_public_tables.py
thesis/Tables/final/rq2_text_unit_sensitivity.tex	29	3	+0.0260 [0.0195, 0.0324]	aaf1bdb4b15e74b0a94ed39de5e5afee080aee6a5ac9e85b914c30f811b74718	scripts/build_public_tables.py
thesis/Tables/final/rq2_text_unit_sensitivity.tex	30	1	0.0739	aaf1bdb4b15e74b0a94ed39de5e5afee080aee6a5ac9e85b914c30f811b74718	scripts/build_public_tables.py
thesis/Tables/final/rq2_text_unit_sensitivity.tex	30	2	0.0980	aaf1bdb4b15e74b0a94ed39de5e5afee080aee6a5ac9e85b914c30f811b74718	scripts/build_public_tables.py
thesis/Tables/final/rq2_text_unit_sensitivity.tex	30	3	+0.0241 [0.0187, 0.0296]	aaf1bdb4b15e74b0a94ed39de5e5afee080aee6a5ac9e85b914c30f811b74718	scripts/build_public_tables.py
thesis/Tables/final/rq2_text_unit_sensitivity.tex	31	1	0.0733	aaf1bdb4b15e74b0a94ed39de5e5afee080aee6a5ac9e85b914c30f811b74718	scripts/build_public_tables.py
thesis/Tables/final/rq2_text_unit_sensitivity.tex	31	2	0.0980	aaf1bdb4b15e74b0a94ed39de5e5afee080aee6a5ac9e85b914c30f811b74718	scripts/build_public_tables.py
thesis/Tables/final/rq2_text_unit_sensitivity.tex	31	3	+0.0247 [0.0193, 0.0301]	aaf1bdb4b15e74b0a94ed39de5e5afee080aee6a5ac9e85b914c30f811b74718	scripts/build_public_tables.py
thesis/Tables/final/rq2_text_unit_sensitivity.tex	32	1	0.0739	aaf1bdb4b15e74b0a94ed39de5e5afee080aee6a5ac9e85b914c30f811b74718	scripts/build_public_tables.py
thesis/Tables/final/rq2_text_unit_sensitivity.tex	32	2	0.0981	aaf1bdb4b15e74b0a94ed39de5e5afee080aee6a5ac9e85b914c30f811b74718	scripts/build_public_tables.py
thesis/Tables/final/rq2_text_unit_sensitivity.tex	32	3	+0.0242 [0.0187, 0.0297]	aaf1bdb4b15e74b0a94ed39de5e5afee080aee6a5ac9e85b914c30f811b74718	scripts/build_public_tables.py
